,type,parent_path,name,last_modified,size,sess
0,file,/umms-kdiba/Data/Output/collected_outputs/figures/_temp_individual_posteriors/2026-09-17/gor01_one_2006-6-12_15-55-31/ripple/combined/multi/,p_x_given_n[149].png,2026-09-17 21:16:36+00:00,14530,gor01_one_2006-6-12_15-55-31
1,file,/umms-kdiba/Data/Output/collected_outputs/figures/_temp_individual_posteriors/2026-09-17/gor01_one_2006-6-12_15-55-31/ripple/combined/multi/,p_x_given_n[150].png,2026-09-17 21:16:36+00:00,3729,gor01_one_2006-6-12_15-55-31
2,file,/umms-kdiba/Data/Output/collected_outputs/figures/_temp_individual_posteriors/2026-09-17/gor01_one_2006-6-12_15-55-31/ripple/combined/multi/,p_x_given_n[151].png,2026-09-17 21:16:36+00:00,3605,gor01_one_2006-6-12_15-55-31
3,file,/umms-kdiba/Data/Output/collected_outputs/figures/_temp_individual_posteriors/2026-09-17/gor01_one_2006-6-12_15-55-31/ripple/combined/multi/,p_x_given_n[152].png,2026-09-17 21:16:36+00:00,3365,gor01_one_2006-6-12_15-55-31
4,file,/umms-kdiba/Data/Output/collected_outputs/figures/_temp_individual_posteriors/2026-09-17/gor01_one_2006-6-12_15-55-31/ripple/combined/multi/,p_x_given_n[153].png,2026-09-17 21:16:36+00:00,3139,gor01_one_2006-6-12_15-55-31
5,file,/umms-kdiba/Data/Output/collected_outputs/figures/_temp_individual_posteriors/2026-09-17/gor01_one_2006-6-12_15-55-31/ripple/combined/multi/,p_x_given_n[154].png,2026-09-17 21:16:36+00:00,2851,gor01_one_2006-6-12_15-55-31
6,file,/umms-kdiba/Data/Output/collected_outputs/figures/_temp_individual_posteriors/2026-09-17/gor01_one_2006-6-12_15-55-31/ripple/combined/multi/,p_x_given_n[155].png,2026-09-17 21:16:36+00:00,10615,gor01_one_2006-6-12_15-55-31
7,file,/umms-kdiba/Data/Output/collected_outputs/figures/_temp_individual_posteriors/2026-09-17/gor01_one_2006-6-12_15-55-31/ripple/combined/multi/,p_x_given_n[156].png,2026-09-17 21:16:36+00:00,10721,gor01_one_2006-6-12_15-55-31
8,file,/umms-kdiba/Data/Output/collected_outputs/figures/_temp_individual_posteriors/2026-09-17/gor01_one_2006-6-12_15-55-31/ripple/combined/multi/,p_x_given_n[158].png,2026-09-17 21:16:36+00:00,775,gor01_one_2006-6-12_15-55-31
9,file,/umms-kdiba/Data/Output/collected_outputs/figures/_temp_individual_posteriors/2026-09-17/gor01_one_2006-6-12_15-55-31/ripple/combined/multi/,p_x_given_n[159].png,2026-09-17 21:16:36+00:00,3388,gor01_one_2006-6-12_15-55-31
10,file,/umms-kdiba/Data/Output/collected_outputs/figures/_temp_individual_posteriors/2026-09-17/gor01_one_2006-6-12_15-55-31/ripple/combined/multi/,p_x_given_n[160].png,2026-09-17 21:16:36+00:00,6372,gor01_one_2006-6-12_15-55-31
11,file,/umms-kdiba/Data/Output/collected_outputs/figures/_temp_individual_posteriors/2026-09-17/gor01_one_2006-6-12_15-55-31/ripple/combined/multi/,p_x_given_n[161].png,2026-09-17 21:16:36+00:00,10436,gor01_one_2006-6-12_15-55-31
12,file,/umms-kdiba/Data/Output/collected_outputs/figures/_temp_individual_posteriors/2026-09-17/gor01_one_2006-6-12_15-55-31/ripple/combined/multi/,p_x_given_n[162].png,2026-09-17 21:16:36+00:00,739,gor01_one_2006-6-12_15-55-31
13,file,/umms-kdiba/Data/Output/collected_outputs/figures/_temp_individual_posteriors/2026-09-17/gor01_one_2006-6-12_15-55-31/ripple/combined/multi/,p_x_given_n[163].png,2026-09-17 21:16:36+00:00,3465,gor01_one_2006-6-12_15-55-31
14,file,/umms-kdiba/Data/Output/collected_outputs/figures/_temp_individual_posteriors/2026-09-17/gor01_one_2006-6-12_15-55-31/ripple/combined/multi/,p_x_given_n[164].png,2026-09-17 21:16:36+00:00,8524,gor01_one_2006-6-12_15-55-31
15,file,/umms-kdiba/Data/Output/collected_outputs/figures/_temp_individual_posteriors/2026-09-17/gor01_one_2006-6-12_15-55-31/ripple/combined/multi/,p_x_given_n[165].png,2026-09-17 21:16:36+00:00,3568,gor01_one_2006-6-12_15-55-31
16,file,/umms-kdiba/Data/Output/collected_outputs/figures/_temp_individual_posteriors/2026-09-17/gor01_one_2006-6-12_15-55-31/ripple/combined/multi/,p_x_given_n[058].png,2026-09-17 21:16:35+00:00,7267,gor01_one_2006-6-12_15-55-31
17,file,/umms-kdiba/Data/Output/collected_outputs/figures/_temp_individual_posteriors/2026-09-17/gor01_one_2006-6-12_15-55-31/ripple/combined/multi/,p_x_given_n[059].png,2026-09-17 21:16:35+00:00,6169,gor01_one_2006-6-12_15-55-31
18,file,/umms-kdiba/Data/Output/collected_outputs/figures/_temp_individual_posteriors/2026-09-17/gor01_one_2006-6-12_15-55-31/ripple/combined/multi/,p_x_given_n[060].png,2026-09-17 21:16:35+00:00,5091,gor01_one_2006-6-12_15-55-31
19,file,/umms-kdiba/Data/Output/collected_outputs/figures/_temp_individual_posteriors/2026-09-17/gor01_one_2006-6-12_15-55-31/ripple/combined/multi/,p_x_given_n[061].png,2026-09-17 21:16:35+00:00,3320,gor01_one_2006-6-12_15-55-31
20,file,/umms-kdiba/Data/Output/collected_outputs/figures/_temp_individual_posteriors/2026-09-17/gor01_one_2006-6-12_15-55-31/ripple/combined/multi/,p_x_given_n[062].png,2026-09-17 21:16:35+00:00,699,gor01_one_2006-6-12_15-55-31
21,file,/umms-kdiba/Data/Output/collected_outputs/figures/_temp_individual_posteriors/2026-09-17/gor01_one_2006-6-12_15-55-31/ripple/combined/multi/,p_x_given_n[063].png,2026-09-17 21:16:35+00:00,6157,gor01_one_2006-6-12_15-55-31
22,file,/umms-kdiba/Data/Output/collected_outputs/figures/_temp_individual_posteriors/2026-09-17/gor01_one_2006-6-12_15-55-31/ripple/combined/multi/,p_x_given_n[064].png,2026-09-17 21:16:35+00:00,763,gor01_one_2006-6-12_15-55-31
23,file,/umms-kdiba/Data/Output/collected_outputs/figures/_temp_individual_posteriors/2026-09-17/gor01_one_2006-6-12_15-55-31/ripple/combined/multi/,p_x_given_n[065].png,2026-09-17 21:16:35+00:00,3171,gor01_one_2006-6-12_15-55-31
24,file,/umms-kdiba/Data/Output/collected_outputs/figures/_temp_individual_posteriors/2026-09-17/gor01_one_2006-6-12_15-55-31/ripple/combined/multi/,p_x_given_n[067].png,2026-09-17 21:16:35+00:00,3145,gor01_one_2006-6-12_15-55-31
25,file,/umms-kdiba/Data/Output/collected_outputs/figures/_temp_individual_posteriors/2026-09-17/gor01_one_2006-6-12_15-55-31/ripple/combined/multi/,p_x_given_n[069].png,2026-09-17 21:16:35+00:00,11020,gor01_one_2006-6-12_15-55-31
26,file,/umms-kdiba/Data/Output/collected_outputs/figures/_temp_individual_posteriors/2026-09-17/gor01_one_2006-6-12_15-55-31/ripple/combined/multi/,p_x_given_n[070].png,2026-09-17 21:16:35+00:00,8595,gor01_one_2006-6-12_15-55-31
27,file,/umms-kdiba/Data/Output/collected_outputs/figures/_temp_individual_posteriors/2026-09-17/gor01_one_2006-6-12_15-55-31/ripple/combined/multi/,p_x_given_n[072].png,2026-09-17 21:16:35+00:00,2558,gor01_one_2006-6-12_15-55-31
28,file,/umms-kdiba/Data/Output/collected_outputs/figures/_temp_individual_posteriors/2026-09-17/gor01_one_2006-6-12_15-55-31/ripple/combined/multi/,p_x_given_n[074].png,2026-09-17 21:16:35+00:00,3200,gor01_one_2006-6-12_15-55-31
29,file,/umms-kdiba/Data/Output/collected_outputs/figures/_temp_individual_posteriors/2026-09-17/gor01_one_2006-6-12_15-55-31/ripple/combined/multi/,p_x_given_n[075].png,2026-09-17 21:16:35+00:00,14806,gor01_one_2006-6-12_15-55-31
30,file,/umms-kdiba/Data/Output/collected_outputs/figures/_temp_individual_posteriors/2026-09-17/gor01_one_2006-6-12_15-55-31/ripple/combined/multi/,p_x_given_n[076].png,2026-09-17 21:16:35+00:00,9144,gor01_one_2006-6-12_15-55-31
31,file,/umms-kdiba/Data/Output/collected_outputs/figures/_temp_individual_posteriors/2026-09-17/gor01_one_2006-6-12_15-55-31/ripple/combined/multi/,p_x_given_n[077].png,2026-09-17 21:16:35+00:00,3129,gor01_one_2006-6-12_15-55-31
32,file,/umms-kdiba/Data/Output/collected_outputs/figures/_temp_individual_posteriors/2026-09-17/gor01_one_2006-6-12_15-55-31/ripple/combined/multi/,p_x_given_n[081].png,2026-09-17 21:16:35+00:00,3853,gor01_one_2006-6-12_15-55-31
33,file,/umms-kdiba/Data/Output/collected_outputs/figures/_temp_individual_posteriors/2026-09-17/gor01_one_2006-6-12_15-55-31/ripple/combined/multi/,p_x_given_n[082].png,2026-09-17 21:16:35+00:00,14825,gor01_one_2006-6-12_15-55-31
34,file,/umms-kdiba/Data/Output/collected_outputs/figures/_temp_individual_posteriors/2026-09-17/gor01_one_2006-6-12_15-55-31/ripple/combined/multi/,p_x_given_n[083].png,2026-09-17 21:16:35+00:00,5196,gor01_one_2006-6-12_15-55-31
35,file,/umms-kdiba/Data/Output/collected_outputs/figures/_temp_individual_posteriors/2026-09-17/gor01_one_2006-6-12_15-55-31/ripple/combined/multi/,p_x_given_n[086].png,2026-09-17 21:16:35+00:00,10443,gor01_one_2006-6-12_15-55-31
36,file,/umms-kdiba/Data/Output/collected_outputs/figures/_temp_individual_posteriors/2026-09-17/gor01_one_2006-6-12_15-55-31/ripple/combined/multi/,p_x_given_n[087].png,2026-09-17 21:16:35+00:00,2933,gor01_one_2006-6-12_15-55-31
37,file,/umms-kdiba/Data/Output/collected_outputs/figures/_temp_individual_posteriors/2026-09-17/gor01_one_2006-6-12_15-55-31/ripple/combined/multi/,p_x_given_n[088].png,2026-09-17 21:16:35+00:00,5841,gor01_one_2006-6-12_15-55-31
38,file,/umms-kdiba/Data/Output/collected_outputs/figures/_temp_individual_posteriors/2026-09-17/gor01_one_2006-6-12_15-55-31/ripple/combined/multi/,p_x_given_n[089].png,2026-09-17 21:16:35+00:00,10719,gor01_one_2006-6-12_15-55-31
39,file,/umms-kdiba/Data/Output/collected_outputs/figures/_temp_individual_posteriors/2026-09-17/gor01_one_2006-6-12_15-55-31/ripple/combined/multi/,p_x_given_n[091].png,2026-09-17 21:16:35+00:00,5895,gor01_one_2006-6-12_15-55-31
40,file,/umms-kdiba/Data/Output/collected_outputs/figures/_temp_individual_posteriors/2026-09-17/gor01_one_2006-6-12_15-55-31/ripple/combined/multi/,p_x_given_n[092].png,2026-09-17 21:16:35+00:00,8796,gor01_one_2006-6-12_15-55-31
41,file,/umms-kdiba/Data/Output/collected_outputs/figures/_temp_individual_posteriors/2026-09-17/gor01_one_2006-6-12_15-55-31/ripple/combined/multi/,p_x_given_n[093].png,2026-09-17 21:16:35+00:00,9160,gor01_one_2006-6-12_15-55-31
42,file,/umms-kdiba/Data/Output/collected_outputs/figures/_temp_individual_posteriors/2026-09-17/gor01_one_2006-6-12_15-55-31/ripple/combined/multi/,p_x_given_n[094].png,2026-09-17 21:16:35+00:00,6910,gor01_one_2006-6-12_15-55-31
43,file,/umms-kdiba/Data/Output/collected_outputs/figures/_temp_individual_posteriors/2026-09-17/gor01_one_2006-6-12_15-55-31/ripple/combined/multi/,p_x_given_n[095].png,2026-09-17 21:16:35+00:00,16583,gor01_one_2006-6-12_15-55-31
44,file,/umms-kdiba/Data/Output/collected_outputs/figures/_temp_individual_posteriors/2026-09-17/gor01_one_2006-6-12_15-55-31/ripple/combined/multi/,p_x_given_n[096].png,2026-09-17 21:16:35+00:00,6152,gor01_one_2006-6-12_15-55-31
45,file,/umms-kdiba/Data/Output/collected_outputs/figures/_temp_individual_posteriors/2026-09-17/gor01_one_2006-6-12_15-55-31/ripple/combined/multi/,p_x_given_n[097].png,2026-09-17 21:16:35+00:00,5132,gor01_one_2006-6-12_15-55-31
46,file,/umms-kdiba/Data/Output/collected_outputs/figures/_temp_individual_posteriors/2026-09-17/gor01_one_2006-6-12_15-55-31/ripple/combined/multi/,p_x_given_n[098].png,2026-09-17 21:16:35+00:00,748,gor01_one_2006-6-12_15-55-31
47,file,/umms-kdiba/Data/Output/collected_outputs/figures/_temp_individual_posteriors/2026-09-17/gor01_one_2006-6-12_15-55-31/ripple/combined/multi/,p_x_given_n[100].png,2026-09-17 21:16:35+00:00,9521,gor01_one_2006-6-12_15-55-31
48,file,/umms-kdiba/Data/Output/collected_outputs/figures/_temp_individual_posteriors/2026-09-17/gor01_one_2006-6-12_15-55-31/ripple/combined/multi/,p_x_given_n[101].png,2026-09-17 21:16:35+00:00,782,gor01_one_2006-6-12_15-55-31
49,file,/umms-kdiba/Data/Output/collected_outputs/figures/_temp_individual_posteriors/2026-09-17/gor01_one_2006-6-12_15-55-31/ripple/combined/multi/,p_x_given_n[102].png,2026-09-17 21:16:35+00:00,3092,gor01_one_2006-6-12_15-55-31
50,file,/umms-kdiba/Data/Output/collected_outputs/figures/_temp_individual_posteriors/2026-09-17/gor01_one_2006-6-12_15-55-31/ripple/combined/multi/,p_x_given_n[103].png,2026-09-17 21:16:35+00:00,3705,gor01_one_2006-6-12_15-55-31
51,file,/umms-kdiba/Data/Output/collected_outputs/figures/_temp_individual_posteriors/2026-09-17/gor01_one_2006-6-12_15-55-31/ripple/combined/multi/,p_x_given_n[104].png,2026-09-17 21:16:35+00:00,6726,gor01_one_2006-6-12_15-55-31
52,file,/umms-kdiba/Data/Output/collected_outputs/figures/_temp_individual_posteriors/2026-09-17/gor01_one_2006-6-12_15-55-31/ripple/combined/multi/,p_x_given_n[105].png,2026-09-17 21:16:35+00:00,8944,gor01_one_2006-6-12_15-55-31
53,file,/umms-kdiba/Data/Output/collected_outputs/figures/_temp_individual_posteriors/2026-09-17/gor01_one_2006-6-12_15-55-31/ripple/combined/multi/,p_x_given_n[106].png,2026-09-17 21:16:35+00:00,2659,gor01_one_2006-6-12_15-55-31
54,file,/umms-kdiba/Data/Output/collected_outputs/figures/_temp_individual_posteriors/2026-09-17/gor01_one_2006-6-12_15-55-31/ripple/combined/multi/,p_x_given_n[108].png,2026-09-17 21:16:35+00:00,3312,gor01_one_2006-6-12_15-55-31
55,file,/umms-kdiba/Data/Output/collected_outputs/figures/_temp_individual_posteriors/2026-09-17/gor01_one_2006-6-12_15-55-31/ripple/combined/multi/,p_x_given_n[109].png,2026-09-17 21:16:35+00:00,8635,gor01_one_2006-6-12_15-55-31
56,file,/umms-kdiba/Data/Output/collected_outputs/figures/_temp_individual_posteriors/2026-09-17/gor01_one_2006-6-12_15-55-31/ripple/combined/multi/,p_x_given_n[110].png,2026-09-17 21:16:35+00:00,2924,gor01_one_2006-6-12_15-55-31
57,file,/umms-kdiba/Data/Output/collected_outputs/figures/_temp_individual_posteriors/2026-09-17/gor01_one_2006-6-12_15-55-31/ripple/combined/multi/,p_x_given_n[111].png,2026-09-17 21:16:35+00:00,3064,gor01_one_2006-6-12_15-55-31
58,file,/umms-kdiba/Data/Output/collected_outputs/figures/_temp_individual_posteriors/2026-09-17/gor01_one_2006-6-12_15-55-31/ripple/combined/multi/,p_x_given_n[112].png,2026-09-17 21:16:35+00:00,10299,gor01_one_2006-6-12_15-55-31
59,file,/umms-kdiba/Data/Output/collected_outputs/figures/_temp_individual_posteriors/2026-09-17/gor01_one_2006-6-12_15-55-31/ripple/combined/multi/,p_x_given_n[113].png,2026-09-17 21:16:35+00:00,3076,gor01_one_2006-6-12_15-55-31
60,file,/umms-kdiba/Data/Output/collected_outputs/figures/_temp_individual_posteriors/2026-09-17/gor01_one_2006-6-12_15-55-31/ripple/combined/multi/,p_x_given_n[114].png,2026-09-17 21:16:35+00:00,11908,gor01_one_2006-6-12_15-55-31
61,file,/umms-kdiba/Data/Output/collected_outputs/figures/_temp_individual_posteriors/2026-09-17/gor01_one_2006-6-12_15-55-31/ripple/combined/multi/,p_x_given_n[115].png,2026-09-17 21:16:35+00:00,2310,gor01_one_2006-6-12_15-55-31
62,file,/umms-kdiba/Data/Output/collected_outputs/figures/_temp_individual_posteriors/2026-09-17/gor01_one_2006-6-12_15-55-31/ripple/combined/multi/,p_x_given_n[116].png,2026-09-17 21:16:35+00:00,725,gor01_one_2006-6-12_15-55-31
63,file,/umms-kdiba/Data/Output/collected_outputs/figures/_temp_individual_posteriors/2026-09-17/gor01_one_2006-6-12_15-55-31/ripple/combined/multi/,p_x_given_n[118].png,2026-09-17 21:16:35+00:00,8846,gor01_one_2006-6-12_15-55-31
64,file,/umms-kdiba/Data/Output/collected_outputs/figures/_temp_individual_posteriors/2026-09-17/gor01_one_2006-6-12_15-55-31/ripple/combined/multi/,p_x_given_n[119].png,2026-09-17 21:16:35+00:00,6249,gor01_one_2006-6-12_15-55-31
65,file,/umms-kdiba/Data/Output/collected_outputs/figures/_temp_individual_posteriors/2026-09-17/gor01_one_2006-6-12_15-55-31/ripple/combined/multi/,p_x_given_n[120].png,2026-09-17 21:16:35+00:00,3330,gor01_one_2006-6-12_15-55-31
66,file,/umms-kdiba/Data/Output/collected_outputs/figures/_temp_individual_posteriors/2026-09-17/gor01_one_2006-6-12_15-55-31/ripple/combined/multi/,p_x_given_n[122].png,2026-09-17 21:16:35+00:00,2953,gor01_one_2006-6-12_15-55-31
67,file,/umms-kdiba/Data/Output/collected_outputs/figures/_temp_individual_posteriors/2026-09-17/gor01_one_2006-6-12_15-55-31/ripple/combined/multi/,p_x_given_n[123].png,2026-09-17 21:16:35+00:00,6739,gor01_one_2006-6-12_15-55-31
68,file,/umms-kdiba/Data/Output/collected_outputs/figures/_temp_individual_posteriors/2026-09-17/gor01_one_2006-6-12_15-55-31/ripple/combined/multi/,p_x_given_n[124].png,2026-09-17 21:16:35+00:00,11699,gor01_one_2006-6-12_15-55-31
69,file,/umms-kdiba/Data/Output/collected_outputs/figures/_temp_individual_posteriors/2026-09-17/gor01_one_2006-6-12_15-55-31/ripple/combined/multi/,p_x_given_n[125].png,2026-09-17 21:16:35+00:00,5516,gor01_one_2006-6-12_15-55-31
70,file,/umms-kdiba/Data/Output/collected_outputs/figures/_temp_individual_posteriors/2026-09-17/gor01_one_2006-6-12_15-55-31/ripple/combined/multi/,p_x_given_n[126].png,2026-09-17 21:16:35+00:00,10007,gor01_one_2006-6-12_15-55-31
71,file,/umms-kdiba/Data/Output/collected_outputs/figures/_temp_individual_posteriors/2026-09-17/gor01_one_2006-6-12_15-55-31/ripple/combined/multi/,p_x_given_n[127].png,2026-09-17 21:16:35+00:00,5904,gor01_one_2006-6-12_15-55-31
72,file,/umms-kdiba/Data/Output/collected_outputs/figures/_temp_individual_posteriors/2026-09-17/gor01_one_2006-6-12_15-55-31/ripple/combined/multi/,p_x_given_n[129].png,2026-09-17 21:16:35+00:00,6112,gor01_one_2006-6-12_15-55-31
73,file,/umms-kdiba/Data/Output/collected_outputs/figures/_temp_individual_posteriors/2026-09-17/gor01_one_2006-6-12_15-55-31/ripple/combined/multi/,p_x_given_n[130].png,2026-09-17 21:16:35+00:00,5642,gor01_one_2006-6-12_15-55-31
74,file,/umms-kdiba/Data/Output/collected_outputs/figures/_temp_individual_posteriors/2026-09-17/gor01_one_2006-6-12_15-55-31/ripple/combined/multi/,p_x_given_n[132].png,2026-09-17 21:16:35+00:00,3401,gor01_one_2006-6-12_15-55-31
75,file,/umms-kdiba/Data/Output/collected_outputs/figures/_temp_individual_posteriors/2026-09-17/gor01_one_2006-6-12_15-55-31/ripple/combined/multi/,p_x_given_n[133].png,2026-09-17 21:16:35+00:00,2490,gor01_one_2006-6-12_15-55-31
76,file,/umms-kdiba/Data/Output/collected_outputs/figures/_temp_individual_posteriors/2026-09-17/gor01_one_2006-6-12_15-55-31/ripple/combined/multi/,p_x_given_n[134].png,2026-09-17 21:16:35+00:00,5505,gor01_one_2006-6-12_15-55-31
77,file,/umms-kdiba/Data/Output/collected_outputs/figures/_temp_individual_posteriors/2026-09-17/gor01_one_2006-6-12_15-55-31/ripple/combined/multi/,p_x_given_n[135].png,2026-09-17 21:16:35+00:00,3200,gor01_one_2006-6-12_15-55-31
78,file,/umms-kdiba/Data/Output/collected_outputs/figures/_temp_individual_posteriors/2026-09-17/gor01_one_2006-6-12_15-55-31/ripple/combined/multi/,p_x_given_n[137].png,2026-09-17 21:16:35+00:00,2856,gor01_one_2006-6-12_15-55-31
79,file,/umms-kdiba/Data/Output/collected_outputs/figures/_temp_individual_posteriors/2026-09-17/gor01_one_2006-6-12_15-55-31/ripple/combined/multi/,p_x_given_n[140].png,2026-09-17 21:16:35+00:00,10614,gor01_one_2006-6-12_15-55-31
80,file,/umms-kdiba/Data/Output/collected_outputs/figures/_temp_individual_posteriors/2026-09-17/gor01_one_2006-6-12_15-55-31/ripple/combined/multi/,p_x_given_n[141].png,2026-09-17 21:16:35+00:00,2758,gor01_one_2006-6-12_15-55-31
81,file,/umms-kdiba/Data/Output/collected_outputs/figures/_temp_individual_posteriors/2026-09-17/gor01_one_2006-6-12_15-55-31/ripple/combined/multi/,p_x_given_n[142].png,2026-09-17 21:16:35+00:00,3374,gor01_one_2006-6-12_15-55-31
82,file,/umms-kdiba/Data/Output/collected_outputs/figures/_temp_individual_posteriors/2026-09-17/gor01_one_2006-6-12_15-55-31/ripple/combined/multi/,p_x_given_n[144].png,2026-09-17 21:16:35+00:00,3686,gor01_one_2006-6-12_15-55-31
83,file,/umms-kdiba/Data/Output/collected_outputs/figures/_temp_individual_posteriors/2026-09-17/gor01_one_2006-6-12_15-55-31/ripple/combined/multi/,p_x_given_n[145].png,2026-09-17 21:16:35+00:00,707,gor01_one_2006-6-12_15-55-31
84,file,/umms-kdiba/Data/Output/collected_outputs/figures/_temp_individual_posteriors/2026-09-17/gor01_one_2006-6-12_15-55-31/ripple/combined/multi/,p_x_given_n[146].png,2026-09-17 21:16:35+00:00,3260,gor01_one_2006-6-12_15-55-31
85,file,/umms-kdiba/Data/Output/collected_outputs/figures/_temp_individual_posteriors/2026-09-17/gor01_one_2006-6-12_15-55-31/ripple/combined/multi/,p_x_given_n[147].png,2026-09-17 21:16:35+00:00,2574,gor01_one_2006-6-12_15-55-31
86,file,/umms-kdiba/Data/Output/collected_outputs/figures/_temp_individual_posteriors/2026-09-17/gor01_one_2006-6-12_15-55-31/ripple/combined/multi/,p_x_given_n[148].png,2026-09-17 21:16:35+00:00,7784,gor01_one_2006-6-12_15-55-31
87,file,/umms-kdiba/Data/Output/collected_outputs/figures/_temp_individual_posteriors/2026-09-17/gor01_one_2006-6-12_15-55-31/ripple/combined/multi/,p_x_given_n[000].png,2026-09-17 21:16:34+00:00,619,gor01_one_2006-6-12_15-55-31
88,file,/umms-kdiba/Data/Output/collected_outputs/figures/_temp_individual_posteriors/2026-09-17/gor01_one_2006-6-12_15-55-31/ripple/combined/multi/,p_x_given_n[001].png,2026-09-17 21:16:34+00:00,9762,gor01_one_2006-6-12_15-55-31
89,file,/umms-kdiba/Data/Output/collected_outputs/figures/_temp_individual_posteriors/2026-09-17/gor01_one_2006-6-12_15-55-31/ripple/combined/multi/,p_x_given_n[002].png,2026-09-17 21:16:34+00:00,11016,gor01_one_2006-6-12_15-55-31
90,file,/umms-kdiba/Data/Output/collected_outputs/figures/_temp_individual_posteriors/2026-09-17/gor01_one_2006-6-12_15-55-31/ripple/combined/multi/,p_x_given_n[003].png,2026-09-17 21:16:34+00:00,12448,gor01_one_2006-6-12_15-55-31
91,file,/umms-kdiba/Data/Output/collected_outputs/figures/_temp_individual_posteriors/2026-09-17/gor01_one_2006-6-12_15-55-31/ripple/combined/multi/,p_x_given_n[004].png,2026-09-17 21:16:34+00:00,3325,gor01_one_2006-6-12_15-55-31
92,file,/umms-kdiba/Data/Output/collected_outputs/figures/_temp_individual_posteriors/2026-09-17/gor01_one_2006-6-12_15-55-31/ripple/combined/multi/,p_x_given_n[005].png,2026-09-17 21:16:34+00:00,2668,gor01_one_2006-6-12_15-55-31
93,file,/umms-kdiba/Data/Output/collected_outputs/figures/_temp_individual_posteriors/2026-09-17/gor01_one_2006-6-12_15-55-31/ripple/combined/multi/,p_x_given_n[006].png,2026-09-17 21:16:34+00:00,11922,gor01_one_2006-6-12_15-55-31
94,file,/umms-kdiba/Data/Output/collected_outputs/figures/_temp_individual_posteriors/2026-09-17/gor01_one_2006-6-12_15-55-31/ripple/combined/multi/,p_x_given_n[007].png,2026-09-17 21:16:34+00:00,3273,gor01_one_2006-6-12_15-55-31
95,file,/umms-kdiba/Data/Output/collected_outputs/figures/_temp_individual_posteriors/2026-09-17/gor01_one_2006-6-12_15-55-31/ripple/combined/multi/,p_x_given_n[008].png,2026-09-17 21:16:34+00:00,3308,gor01_one_2006-6-12_15-55-31
96,file,/umms-kdiba/Data/Output/collected_outputs/figures/_temp_individual_posteriors/2026-09-17/gor01_one_2006-6-12_15-55-31/ripple/combined/multi/,p_x_given_n[009].png,2026-09-17 21:16:34+00:00,8061,gor01_one_2006-6-12_15-55-31
97,file,/umms-kdiba/Data/Output/collected_outputs/figures/_temp_individual_posteriors/2026-09-17/gor01_one_2006-6-12_15-55-31/ripple/combined/multi/,p_x_given_n[011].png,2026-09-17 21:16:34+00:00,9670,gor01_one_2006-6-12_15-55-31
98,file,/umms-kdiba/Data/Output/collected_outputs/figures/_temp_individual_posteriors/2026-09-17/gor01_one_2006-6-12_15-55-31/ripple/combined/multi/,p_x_given_n[012].png,2026-09-17 21:16:34+00:00,5113,gor01_one_2006-6-12_15-55-31
99,file,/umms-kdiba/Data/Output/collected_outputs/figures/_temp_individual_posteriors/2026-09-17/gor01_one_2006-6-12_15-55-31/ripple/combined/multi/,p_x_given_n[013].png,2026-09-17 21:16:34+00:00,11768,gor01_one_2006-6-12_15-55-31
100,file,/umms-kdiba/Data/Output/collected_outputs/figures/_temp_individual_posteriors/2026-09-17/gor01_one_2006-6-12_15-55-31/ripple/combined/multi/,p_x_given_n[014].png,2026-09-17 21:16:34+00:00,13684,gor01_one_2006-6-12_15-55-31
101,file,/umms-kdiba/Data/Output/collected_outputs/figures/_temp_individual_posteriors/2026-09-17/gor01_one_2006-6-12_15-55-31/ripple/combined/multi/,p_x_given_n[015].png,2026-09-17 21:16:34+00:00,11433,gor01_one_2006-6-12_15-55-31
102,file,/umms-kdiba/Data/Output/collected_outputs/figures/_temp_individual_posteriors/2026-09-17/gor01_one_2006-6-12_15-55-31/ripple/combined/multi/,p_x_given_n[016].png,2026-09-17 21:16:34+00:00,3422,gor01_one_2006-6-12_15-55-31
103,file,/umms-kdiba/Data/Output/collected_outputs/figures/_temp_individual_posteriors/2026-09-17/gor01_one_2006-6-12_15-55-31/ripple/combined/multi/,p_x_given_n[017].png,2026-09-17 21:16:34+00:00,780,gor01_one_2006-6-12_15-55-31
104,file,/umms-kdiba/Data/Output/collected_outputs/figures/_temp_individual_posteriors/2026-09-17/gor01_one_2006-6-12_15-55-31/ripple/combined/multi/,p_x_given_n[019].png,2026-09-17 21:16:34+00:00,2977,gor01_one_2006-6-12_15-55-31
105,file,/umms-kdiba/Data/Output/collected_outputs/figures/_temp_individual_posteriors/2026-09-17/gor01_one_2006-6-12_15-55-31/ripple/combined/multi/,p_x_given_n[020].png,2026-09-17 21:16:34+00:00,797,gor01_one_2006-6-12_15-55-31
106,file,/umms-kdiba/Data/Output/collected_outputs/figures/_temp_individual_posteriors/2026-09-17/gor01_one_2006-6-12_15-55-31/ripple/combined/multi/,p_x_given_n[021].png,2026-09-17 21:16:34+00:00,10760,gor01_one_2006-6-12_15-55-31
107,file,/umms-kdiba/Data/Output/collected_outputs/figures/_temp_individual_posteriors/2026-09-17/gor01_one_2006-6-12_15-55-31/ripple/combined/multi/,p_x_given_n[022].png,2026-09-17 21:16:34+00:00,10584,gor01_one_2006-6-12_15-55-31
108,file,/umms-kdiba/Data/Output/collected_outputs/figures/_temp_individual_posteriors/2026-09-17/gor01_one_2006-6-12_15-55-31/ripple/combined/multi/,p_x_given_n[023].png,2026-09-17 21:16:34+00:00,13444,gor01_one_2006-6-12_15-55-31
109,file,/umms-kdiba/Data/Output/collected_outputs/figures/_temp_individual_posteriors/2026-09-17/gor01_one_2006-6-12_15-55-31/ripple/combined/multi/,p_x_given_n[024].png,2026-09-17 21:16:34+00:00,733,gor01_one_2006-6-12_15-55-31
110,file,/umms-kdiba/Data/Output/collected_outputs/figures/_temp_individual_posteriors/2026-09-17/gor01_one_2006-6-12_15-55-31/ripple/combined/multi/,p_x_given_n[025].png,2026-09-17 21:16:34+00:00,12418,gor01_one_2006-6-12_15-55-31
111,file,/umms-kdiba/Data/Output/collected_outputs/figures/_temp_individual_posteriors/2026-09-17/gor01_one_2006-6-12_15-55-31/ripple/combined/multi/,p_x_given_n[026].png,2026-09-17 21:16:34+00:00,5955,gor01_one_2006-6-12_15-55-31
112,file,/umms-kdiba/Data/Output/collected_outputs/figures/_temp_individual_posteriors/2026-09-17/gor01_one_2006-6-12_15-55-31/ripple/combined/multi/,p_x_given_n[028].png,2026-09-17 21:16:34+00:00,805,gor01_one_2006-6-12_15-55-31
113,file,/umms-kdiba/Data/Output/collected_outputs/figures/_temp_individual_posteriors/2026-09-17/gor01_one_2006-6-12_15-55-31/ripple/combined/multi/,p_x_given_n[029].png,2026-09-17 21:16:34+00:00,9524,gor01_one_2006-6-12_15-55-31
114,file,/umms-kdiba/Data/Output/collected_outputs/figures/_temp_individual_posteriors/2026-09-17/gor01_one_2006-6-12_15-55-31/ripple/combined/multi/,p_x_given_n[031].png,2026-09-17 21:16:34+00:00,12728,gor01_one_2006-6-12_15-55-31
115,file,/umms-kdiba/Data/Output/collected_outputs/figures/_temp_individual_posteriors/2026-09-17/gor01_one_2006-6-12_15-55-31/ripple/combined/multi/,p_x_given_n[033].png,2026-09-17 21:16:34+00:00,9633,gor01_one_2006-6-12_15-55-31
116,file,/umms-kdiba/Data/Output/collected_outputs/figures/_temp_individual_posteriors/2026-09-17/gor01_one_2006-6-12_15-55-31/ripple/combined/multi/,p_x_given_n[034].png,2026-09-17 21:16:34+00:00,8256,gor01_one_2006-6-12_15-55-31
117,file,/umms-kdiba/Data/Output/collected_outputs/figures/_temp_individual_posteriors/2026-09-17/gor01_one_2006-6-12_15-55-31/ripple/combined/multi/,p_x_given_n[036].png,2026-09-17 21:16:34+00:00,13847,gor01_one_2006-6-12_15-55-31
118,file,/umms-kdiba/Data/Output/collected_outputs/figures/_temp_individual_posteriors/2026-09-17/gor01_one_2006-6-12_15-55-31/ripple/combined/multi/,p_x_given_n[037].png,2026-09-17 21:16:34+00:00,8502,gor01_one_2006-6-12_15-55-31
119,file,/umms-kdiba/Data/Output/collected_outputs/figures/_temp_individual_posteriors/2026-09-17/gor01_one_2006-6-12_15-55-31/ripple/combined/multi/,p_x_given_n[039].png,2026-09-17 21:16:34+00:00,3437,gor01_one_2006-6-12_15-55-31
120,file,/umms-kdiba/Data/Output/collected_outputs/figures/_temp_individual_posteriors/2026-09-17/gor01_one_2006-6-12_15-55-31/ripple/combined/multi/,p_x_given_n[041].png,2026-09-17 21:16:34+00:00,5703,gor01_one_2006-6-12_15-55-31
121,file,/umms-kdiba/Data/Output/collected_outputs/figures/_temp_individual_posteriors/2026-09-17/gor01_one_2006-6-12_15-55-31/ripple/combined/multi/,p_x_given_n[042].png,2026-09-17 21:16:34+00:00,4763,gor01_one_2006-6-12_15-55-31
122,file,/umms-kdiba/Data/Output/collected_outputs/figures/_temp_individual_posteriors/2026-09-17/gor01_one_2006-6-12_15-55-31/ripple/combined/multi/,p_x_given_n[043].png,2026-09-17 21:16:34+00:00,720,gor01_one_2006-6-12_15-55-31
123,file,/umms-kdiba/Data/Output/collected_outputs/figures/_temp_individual_posteriors/2026-09-17/gor01_one_2006-6-12_15-55-31/ripple/combined/multi/,p_x_given_n[045].png,2026-09-17 21:16:34+00:00,3576,gor01_one_2006-6-12_15-55-31
124,file,/umms-kdiba/Data/Output/collected_outputs/figures/_temp_individual_posteriors/2026-09-17/gor01_one_2006-6-12_15-55-31/ripple/combined/multi/,p_x_given_n[046].png,2026-09-17 21:16:34+00:00,8789,gor01_one_2006-6-12_15-55-31
125,file,/umms-kdiba/Data/Output/collected_outputs/figures/_temp_individual_posteriors/2026-09-17/gor01_one_2006-6-12_15-55-31/ripple/combined/multi/,p_x_given_n[048].png,2026-09-17 21:16:34+00:00,5843,gor01_one_2006-6-12_15-55-31
126,file,/umms-kdiba/Data/Output/collected_outputs/figures/_temp_individual_posteriors/2026-09-17/gor01_one_2006-6-12_15-55-31/ripple/combined/multi/,p_x_given_n[049].png,2026-09-17 21:16:34+00:00,6144,gor01_one_2006-6-12_15-55-31
127,file,/umms-kdiba/Data/Output/collected_outputs/figures/_temp_individual_posteriors/2026-09-17/gor01_one_2006-6-12_15-55-31/ripple/combined/multi/,p_x_given_n[050].png,2026-09-17 21:16:34+00:00,2981,gor01_one_2006-6-12_15-55-31
128,file,/umms-kdiba/Data/Output/collected_outputs/figures/_temp_individual_posteriors/2026-09-17/gor01_one_2006-6-12_15-55-31/ripple/combined/multi/,p_x_given_n[051].png,2026-09-17 21:16:34+00:00,5522,gor01_one_2006-6-12_15-55-31
129,file,/umms-kdiba/Data/Output/collected_outputs/figures/_temp_individual_posteriors/2026-09-17/gor01_one_2006-6-12_15-55-31/ripple/combined/multi/,p_x_given_n[053].png,2026-09-17 21:16:34+00:00,11568,gor01_one_2006-6-12_15-55-31
130,file,/umms-kdiba/Data/Output/collected_outputs/figures/_temp_individual_posteriors/2026-09-17/gor01_one_2006-6-12_15-55-31/ripple/combined/multi/,p_x_given_n[054].png,2026-09-17 21:16:34+00:00,4716,gor01_one_2006-6-12_15-55-31
131,file,/umms-kdiba/Data/Output/collected_outputs/figures/_temp_individual_posteriors/2026-09-17/gor01_one_2006-6-12_15-55-31/ripple/combined/multi/,p_x_given_n[055].png,2026-09-17 21:16:34+00:00,3595,gor01_one_2006-6-12_15-55-31
132,file,/umms-kdiba/Data/Output/collected_outputs/figures/_temp_individual_posteriors/2026-09-17/gor01_one_2006-6-12_15-55-31/ripple/combined/multi/,p_x_given_n[056].png,2026-09-17 21:16:34+00:00,5015,gor01_one_2006-6-12_15-55-31
133,file,/umms-kdiba/Data/Output/collected_outputs/figures/_temp_individual_posteriors/2026-09-17/gor01_one_2006-6-12_15-55-31/ripple/combined/multi/,p_x_given_n[057].png,2026-09-17 21:16:34+00:00,3240,gor01_one_2006-6-12_15-55-31
134,file,/umms-kdiba/Data/Output/collected_outputs/figures/_temp_individual_posteriors/2026-09-17/gor01_two_2006-6-08_21-16-25/ripple/combined/multi/,p_x_given_n[119].png,2026-09-17 21:35:37+00:00,2219,gor01_two_2006-6-08_21-16-25
135,file,/umms-kdiba/Data/Output/collected_outputs/figures/_temp_individual_posteriors/2026-09-17/gor01_two_2006-6-08_21-16-25/ripple/combined/multi/,p_x_given_n[120].png,2026-09-17 21:35:37+00:00,5906,gor01_two_2006-6-08_21-16-25
136,file,/umms-kdiba/Data/Output/collected_outputs/figures/_temp_individual_posteriors/2026-09-17/gor01_two_2006-6-08_21-16-25/ripple/combined/multi/,p_x_given_n[121].png,2026-09-17 21:35:37+00:00,5580,gor01_two_2006-6-08_21-16-25
137,file,/umms-kdiba/Data/Output/collected_outputs/figures/_temp_individual_posteriors/2026-09-17/gor01_two_2006-6-08_21-16-25/ripple/combined/multi/,p_x_given_n[122].png,2026-09-17 21:35:37+00:00,5055,gor01_two_2006-6-08_21-16-25
138,file,/umms-kdiba/Data/Output/collected_outputs/figures/_temp_individual_posteriors/2026-09-17/gor01_two_2006-6-08_21-16-25/ripple/combined/multi/,p_x_given_n[124].png,2026-09-17 21:35:37+00:00,2770,gor01_two_2006-6-08_21-16-25
139,file,/umms-kdiba/Data/Output/collected_outputs/figures/_temp_individual_posteriors/2026-09-17/gor01_two_2006-6-08_21-16-25/ripple/combined/multi/,p_x_given_n[125].png,2026-09-17 21:35:37+00:00,3388,gor01_two_2006-6-08_21-16-25
140,file,/umms-kdiba/Data/Output/collected_outputs/figures/_temp_individual_posteriors/2026-09-17/gor01_two_2006-6-08_21-16-25/ripple/combined/multi/,p_x_given_n[126].png,2026-09-17 21:35:37+00:00,8405,gor01_two_2006-6-08_21-16-25
141,file,/umms-kdiba/Data/Output/collected_outputs/figures/_temp_individual_posteriors/2026-09-17/gor01_two_2006-6-08_21-16-25/ripple/combined/multi/,p_x_given_n[127].png,2026-09-17 21:35:37+00:00,2573,gor01_two_2006-6-08_21-16-25
142,file,/umms-kdiba/Data/Output/collected_outputs/figures/_temp_individual_posteriors/2026-09-17/gor01_two_2006-6-08_21-16-25/ripple/combined/multi/,p_x_given_n[128].png,2026-09-17 21:35:37+00:00,9456,gor01_two_2006-6-08_21-16-25
143,file,/umms-kdiba/Data/Output/collected_outputs/figures/_temp_individual_posteriors/2026-09-17/gor01_two_2006-6-08_21-16-25/ripple/combined/multi/,p_x_given_n[129].png,2026-09-17 21:35:37+00:00,4872,gor01_two_2006-6-08_21-16-25
144,file,/umms-kdiba/Data/Output/collected_outputs/figures/_temp_individual_posteriors/2026-09-17/gor01_two_2006-6-08_21-16-25/ripple/combined/multi/,p_x_given_n[130].png,2026-09-17 21:35:37+00:00,2600,gor01_two_2006-6-08_21-16-25
145,file,/umms-kdiba/Data/Output/collected_outputs/figures/_temp_individual_posteriors/2026-09-17/gor01_two_2006-6-08_21-16-25/ripple/combined/multi/,p_x_given_n[131].png,2026-09-17 21:35:37+00:00,8542,gor01_two_2006-6-08_21-16-25
146,file,/umms-kdiba/Data/Output/collected_outputs/figures/_temp_individual_posteriors/2026-09-17/gor01_two_2006-6-08_21-16-25/ripple/combined/multi/,p_x_given_n[132].png,2026-09-17 21:35:37+00:00,3016,gor01_two_2006-6-08_21-16-25
147,file,/umms-kdiba/Data/Output/collected_outputs/figures/_temp_individual_posteriors/2026-09-17/gor01_two_2006-6-08_21-16-25/ripple/combined/multi/,p_x_given_n[133].png,2026-09-17 21:35:37+00:00,2624,gor01_two_2006-6-08_21-16-25
148,file,/umms-kdiba/Data/Output/collected_outputs/figures/_temp_individual_posteriors/2026-09-17/gor01_two_2006-6-08_21-16-25/ripple/combined/multi/,p_x_given_n[134].png,2026-09-17 21:35:37+00:00,5973,gor01_two_2006-6-08_21-16-25
149,file,/umms-kdiba/Data/Output/collected_outputs/figures/_temp_individual_posteriors/2026-09-17/gor01_two_2006-6-08_21-16-25/ripple/combined/multi/,p_x_given_n[135].png,2026-09-17 21:35:37+00:00,701,gor01_two_2006-6-08_21-16-25
150,file,/umms-kdiba/Data/Output/collected_outputs/figures/_temp_individual_posteriors/2026-09-17/gor01_two_2006-6-08_21-16-25/ripple/combined/multi/,p_x_given_n[136].png,2026-09-17 21:35:37+00:00,4651,gor01_two_2006-6-08_21-16-25
151,file,/umms-kdiba/Data/Output/collected_outputs/figures/_temp_individual_posteriors/2026-09-17/gor01_two_2006-6-08_21-16-25/ripple/combined/multi/,p_x_given_n[137].png,2026-09-17 21:35:37+00:00,5562,gor01_two_2006-6-08_21-16-25
152,file,/umms-kdiba/Data/Output/collected_outputs/figures/_temp_individual_posteriors/2026-09-17/gor01_two_2006-6-08_21-16-25/ripple/combined/multi/,p_x_given_n[138].png,2026-09-17 21:35:37+00:00,6130,gor01_two_2006-6-08_21-16-25
153,file,/umms-kdiba/Data/Output/collected_outputs/figures/_temp_individual_posteriors/2026-09-17/gor01_two_2006-6-08_21-16-25/ripple/combined/multi/,p_x_given_n[139].png,2026-09-17 21:35:37+00:00,5004,gor01_two_2006-6-08_21-16-25
154,file,/umms-kdiba/Data/Output/collected_outputs/figures/_temp_individual_posteriors/2026-09-17/gor01_two_2006-6-08_21-16-25/ripple/combined/multi/,p_x_given_n[140].png,2026-09-17 21:35:37+00:00,3026,gor01_two_2006-6-08_21-16-25
155,file,/umms-kdiba/Data/Output/collected_outputs/figures/_temp_individual_posteriors/2026-09-17/gor01_two_2006-6-08_21-16-25/ripple/combined/multi/,p_x_given_n[141].png,2026-09-17 21:35:37+00:00,8719,gor01_two_2006-6-08_21-16-25
156,file,/umms-kdiba/Data/Output/collected_outputs/figures/_temp_individual_posteriors/2026-09-17/gor01_two_2006-6-08_21-16-25/ripple/combined/multi/,p_x_given_n[142].png,2026-09-17 21:35:37+00:00,9589,gor01_two_2006-6-08_21-16-25
157,file,/umms-kdiba/Data/Output/collected_outputs/figures/_temp_individual_posteriors/2026-09-17/gor01_two_2006-6-08_21-16-25/ripple/combined/multi/,p_x_given_n[143].png,2026-09-17 21:35:37+00:00,5969,gor01_two_2006-6-08_21-16-25
158,file,/umms-kdiba/Data/Output/collected_outputs/figures/_temp_individual_posteriors/2026-09-17/gor01_two_2006-6-08_21-16-25/ripple/combined/multi/,p_x_given_n[144].png,2026-09-17 21:35:37+00:00,5058,gor01_two_2006-6-08_21-16-25
159,file,/umms-kdiba/Data/Output/collected_outputs/figures/_temp_individual_posteriors/2026-09-17/gor01_two_2006-6-08_21-16-25/ripple/combined/multi/,p_x_given_n[145].png,2026-09-17 21:35:37+00:00,8887,gor01_two_2006-6-08_21-16-25
160,file,/umms-kdiba/Data/Output/collected_outputs/figures/_temp_individual_posteriors/2026-09-17/gor01_two_2006-6-08_21-16-25/ripple/combined/multi/,p_x_given_n[146].png,2026-09-17 21:35:37+00:00,5084,gor01_two_2006-6-08_21-16-25
161,file,/umms-kdiba/Data/Output/collected_outputs/figures/_temp_individual_posteriors/2026-09-17/gor01_two_2006-6-08_21-16-25/ripple/combined/multi/,p_x_given_n[147].png,2026-09-17 21:35:37+00:00,11715,gor01_two_2006-6-08_21-16-25
162,file,/umms-kdiba/Data/Output/collected_outputs/figures/_temp_individual_posteriors/2026-09-17/gor01_two_2006-6-08_21-16-25/ripple/combined/multi/,p_x_given_n[148].png,2026-09-17 21:35:37+00:00,5231,gor01_two_2006-6-08_21-16-25
163,file,/umms-kdiba/Data/Output/collected_outputs/figures/_temp_individual_posteriors/2026-09-17/gor01_two_2006-6-08_21-16-25/ripple/combined/multi/,p_x_given_n[149].png,2026-09-17 21:35:37+00:00,8008,gor01_two_2006-6-08_21-16-25
164,file,/umms-kdiba/Data/Output/collected_outputs/figures/_temp_individual_posteriors/2026-09-17/gor01_two_2006-6-08_21-16-25/ripple/combined/multi/,p_x_given_n[150].png,2026-09-17 21:35:37+00:00,3131,gor01_two_2006-6-08_21-16-25
165,file,/umms-kdiba/Data/Output/collected_outputs/figures/_temp_individual_posteriors/2026-09-17/gor01_two_2006-6-08_21-16-25/ripple/combined/multi/,p_x_given_n[151].png,2026-09-17 21:35:37+00:00,9372,gor01_two_2006-6-08_21-16-25
166,file,/umms-kdiba/Data/Output/collected_outputs/figures/_temp_individual_posteriors/2026-09-17/gor01_two_2006-6-08_21-16-25/ripple/combined/multi/,p_x_given_n[152].png,2026-09-17 21:35:37+00:00,2434,gor01_two_2006-6-08_21-16-25
167,file,/umms-kdiba/Data/Output/collected_outputs/figures/_temp_individual_posteriors/2026-09-17/gor01_two_2006-6-08_21-16-25/ripple/combined/multi/,p_x_given_n[153].png,2026-09-17 21:35:37+00:00,7451,gor01_two_2006-6-08_21-16-25
168,file,/umms-kdiba/Data/Output/collected_outputs/figures/_temp_individual_posteriors/2026-09-17/gor01_two_2006-6-08_21-16-25/ripple/combined/multi/,p_x_given_n[154].png,2026-09-17 21:35:37+00:00,8405,gor01_two_2006-6-08_21-16-25
169,file,/umms-kdiba/Data/Output/collected_outputs/figures/_temp_individual_posteriors/2026-09-17/gor01_two_2006-6-08_21-16-25/ripple/combined/multi/,p_x_given_n[155].png,2026-09-17 21:35:37+00:00,485,gor01_two_2006-6-08_21-16-25
170,file,/umms-kdiba/Data/Output/collected_outputs/figures/_temp_individual_posteriors/2026-09-17/gor01_two_2006-6-08_21-16-25/ripple/combined/multi/,p_x_given_n[156].png,2026-09-17 21:35:37+00:00,9006,gor01_two_2006-6-08_21-16-25
171,file,/umms-kdiba/Data/Output/collected_outputs/figures/_temp_individual_posteriors/2026-09-17/gor01_two_2006-6-08_21-16-25/ripple/combined/multi/,p_x_given_n[045].png,2026-09-17 21:35:36+00:00,6123,gor01_two_2006-6-08_21-16-25
172,file,/umms-kdiba/Data/Output/collected_outputs/figures/_temp_individual_posteriors/2026-09-17/gor01_two_2006-6-08_21-16-25/ripple/combined/multi/,p_x_given_n[046].png,2026-09-17 21:35:36+00:00,15163,gor01_two_2006-6-08_21-16-25
173,file,/umms-kdiba/Data/Output/collected_outputs/figures/_temp_individual_posteriors/2026-09-17/gor01_two_2006-6-08_21-16-25/ripple/combined/multi/,p_x_given_n[047].png,2026-09-17 21:35:36+00:00,3039,gor01_two_2006-6-08_21-16-25
174,file,/umms-kdiba/Data/Output/collected_outputs/figures/_temp_individual_posteriors/2026-09-17/gor01_two_2006-6-08_21-16-25/ripple/combined/multi/,p_x_given_n[048].png,2026-09-17 21:35:36+00:00,3453,gor01_two_2006-6-08_21-16-25
175,file,/umms-kdiba/Data/Output/collected_outputs/figures/_temp_individual_posteriors/2026-09-17/gor01_two_2006-6-08_21-16-25/ripple/combined/multi/,p_x_given_n[049].png,2026-09-17 21:35:36+00:00,9629,gor01_two_2006-6-08_21-16-25
176,file,/umms-kdiba/Data/Output/collected_outputs/figures/_temp_individual_posteriors/2026-09-17/gor01_two_2006-6-08_21-16-25/ripple/combined/multi/,p_x_given_n[050].png,2026-09-17 21:35:36+00:00,13301,gor01_two_2006-6-08_21-16-25
177,file,/umms-kdiba/Data/Output/collected_outputs/figures/_temp_individual_posteriors/2026-09-17/gor01_two_2006-6-08_21-16-25/ripple/combined/multi/,p_x_given_n[051].png,2026-09-17 21:35:36+00:00,9119,gor01_two_2006-6-08_21-16-25
178,file,/umms-kdiba/Data/Output/collected_outputs/figures/_temp_individual_posteriors/2026-09-17/gor01_two_2006-6-08_21-16-25/ripple/combined/multi/,p_x_given_n[052].png,2026-09-17 21:35:36+00:00,4349,gor01_two_2006-6-08_21-16-25
179,file,/umms-kdiba/Data/Output/collected_outputs/figures/_temp_individual_posteriors/2026-09-17/gor01_two_2006-6-08_21-16-25/ripple/combined/multi/,p_x_given_n[053].png,2026-09-17 21:35:36+00:00,5679,gor01_two_2006-6-08_21-16-25
180,file,/umms-kdiba/Data/Output/collected_outputs/figures/_temp_individual_posteriors/2026-09-17/gor01_two_2006-6-08_21-16-25/ripple/combined/multi/,p_x_given_n[054].png,2026-09-17 21:35:36+00:00,5933,gor01_two_2006-6-08_21-16-25
181,file,/umms-kdiba/Data/Output/collected_outputs/figures/_temp_individual_posteriors/2026-09-17/gor01_two_2006-6-08_21-16-25/ripple/combined/multi/,p_x_given_n[055].png,2026-09-17 21:35:36+00:00,10413,gor01_two_2006-6-08_21-16-25
182,file,/umms-kdiba/Data/Output/collected_outputs/figures/_temp_individual_posteriors/2026-09-17/gor01_two_2006-6-08_21-16-25/ripple/combined/multi/,p_x_given_n[056].png,2026-09-17 21:35:36+00:00,4861,gor01_two_2006-6-08_21-16-25
183,file,/umms-kdiba/Data/Output/collected_outputs/figures/_temp_individual_posteriors/2026-09-17/gor01_two_2006-6-08_21-16-25/ripple/combined/multi/,p_x_given_n[057].png,2026-09-17 21:35:36+00:00,8078,gor01_two_2006-6-08_21-16-25
184,file,/umms-kdiba/Data/Output/collected_outputs/figures/_temp_individual_posteriors/2026-09-17/gor01_two_2006-6-08_21-16-25/ripple/combined/multi/,p_x_given_n[058].png,2026-09-17 21:35:36+00:00,3432,gor01_two_2006-6-08_21-16-25
185,file,/umms-kdiba/Data/Output/collected_outputs/figures/_temp_individual_posteriors/2026-09-17/gor01_two_2006-6-08_21-16-25/ripple/combined/multi/,p_x_given_n[059].png,2026-09-17 21:35:36+00:00,9081,gor01_two_2006-6-08_21-16-25
186,file,/umms-kdiba/Data/Output/collected_outputs/figures/_temp_individual_posteriors/2026-09-17/gor01_two_2006-6-08_21-16-25/ripple/combined/multi/,p_x_given_n[060].png,2026-09-17 21:35:36+00:00,687,gor01_two_2006-6-08_21-16-25
187,file,/umms-kdiba/Data/Output/collected_outputs/figures/_temp_individual_posteriors/2026-09-17/gor01_two_2006-6-08_21-16-25/ripple/combined/multi/,p_x_given_n[061].png,2026-09-17 21:35:36+00:00,759,gor01_two_2006-6-08_21-16-25
188,file,/umms-kdiba/Data/Output/collected_outputs/figures/_temp_individual_posteriors/2026-09-17/gor01_two_2006-6-08_21-16-25/ripple/combined/multi/,p_x_given_n[062].png,2026-09-17 21:35:36+00:00,9820,gor01_two_2006-6-08_21-16-25
189,file,/umms-kdiba/Data/Output/collected_outputs/figures/_temp_individual_posteriors/2026-09-17/gor01_two_2006-6-08_21-16-25/ripple/combined/multi/,p_x_given_n[063].png,2026-09-17 21:35:36+00:00,12073,gor01_two_2006-6-08_21-16-25
190,file,/umms-kdiba/Data/Output/collected_outputs/figures/_temp_individual_posteriors/2026-09-17/gor01_two_2006-6-08_21-16-25/ripple/combined/multi/,p_x_given_n[064].png,2026-09-17 21:35:36+00:00,555,gor01_two_2006-6-08_21-16-25
191,file,/umms-kdiba/Data/Output/collected_outputs/figures/_temp_individual_posteriors/2026-09-17/gor01_two_2006-6-08_21-16-25/ripple/combined/multi/,p_x_given_n[065].png,2026-09-17 21:35:36+00:00,9077,gor01_two_2006-6-08_21-16-25
192,file,/umms-kdiba/Data/Output/collected_outputs/figures/_temp_individual_posteriors/2026-09-17/gor01_two_2006-6-08_21-16-25/ripple/combined/multi/,p_x_given_n[066].png,2026-09-17 21:35:36+00:00,8100,gor01_two_2006-6-08_21-16-25
193,file,/umms-kdiba/Data/Output/collected_outputs/figures/_temp_individual_posteriors/2026-09-17/gor01_two_2006-6-08_21-16-25/ripple/combined/multi/,p_x_given_n[067].png,2026-09-17 21:35:36+00:00,4857,gor01_two_2006-6-08_21-16-25
194,file,/umms-kdiba/Data/Output/collected_outputs/figures/_temp_individual_posteriors/2026-09-17/gor01_two_2006-6-08_21-16-25/ripple/combined/multi/,p_x_given_n[068].png,2026-09-17 21:35:36+00:00,9011,gor01_two_2006-6-08_21-16-25
195,file,/umms-kdiba/Data/Output/collected_outputs/figures/_temp_individual_posteriors/2026-09-17/gor01_two_2006-6-08_21-16-25/ripple/combined/multi/,p_x_given_n[069].png,2026-09-17 21:35:36+00:00,4881,gor01_two_2006-6-08_21-16-25
196,file,/umms-kdiba/Data/Output/collected_outputs/figures/_temp_individual_posteriors/2026-09-17/gor01_two_2006-6-08_21-16-25/ripple/combined/multi/,p_x_given_n[070].png,2026-09-17 21:35:36+00:00,5255,gor01_two_2006-6-08_21-16-25
197,file,/umms-kdiba/Data/Output/collected_outputs/figures/_temp_individual_posteriors/2026-09-17/gor01_two_2006-6-08_21-16-25/ripple/combined/multi/,p_x_given_n[071].png,2026-09-17 21:35:36+00:00,2879,gor01_two_2006-6-08_21-16-25
198,file,/umms-kdiba/Data/Output/collected_outputs/figures/_temp_individual_posteriors/2026-09-17/gor01_two_2006-6-08_21-16-25/ripple/combined/multi/,p_x_given_n[072].png,2026-09-17 21:35:36+00:00,3170,gor01_two_2006-6-08_21-16-25
199,file,/umms-kdiba/Data/Output/collected_outputs/figures/_temp_individual_posteriors/2026-09-17/gor01_two_2006-6-08_21-16-25/ripple/combined/multi/,p_x_given_n[073].png,2026-09-17 21:35:36+00:00,5560,gor01_two_2006-6-08_21-16-25
200,file,/umms-kdiba/Data/Output/collected_outputs/figures/_temp_individual_posteriors/2026-09-17/gor01_two_2006-6-08_21-16-25/ripple/combined/multi/,p_x_given_n[074].png,2026-09-17 21:35:36+00:00,11561,gor01_two_2006-6-08_21-16-25
201,file,/umms-kdiba/Data/Output/collected_outputs/figures/_temp_individual_posteriors/2026-09-17/gor01_two_2006-6-08_21-16-25/ripple/combined/multi/,p_x_given_n[075].png,2026-09-17 21:35:36+00:00,6206,gor01_two_2006-6-08_21-16-25
202,file,/umms-kdiba/Data/Output/collected_outputs/figures/_temp_individual_posteriors/2026-09-17/gor01_two_2006-6-08_21-16-25/ripple/combined/multi/,p_x_given_n[076].png,2026-09-17 21:35:36+00:00,9019,gor01_two_2006-6-08_21-16-25
203,file,/umms-kdiba/Data/Output/collected_outputs/figures/_temp_individual_posteriors/2026-09-17/gor01_two_2006-6-08_21-16-25/ripple/combined/multi/,p_x_given_n[077].png,2026-09-17 21:35:36+00:00,3299,gor01_two_2006-6-08_21-16-25
204,file,/umms-kdiba/Data/Output/collected_outputs/figures/_temp_individual_posteriors/2026-09-17/gor01_two_2006-6-08_21-16-25/ripple/combined/multi/,p_x_given_n[078].png,2026-09-17 21:35:36+00:00,2608,gor01_two_2006-6-08_21-16-25
205,file,/umms-kdiba/Data/Output/collected_outputs/figures/_temp_individual_posteriors/2026-09-17/gor01_two_2006-6-08_21-16-25/ripple/combined/multi/,p_x_given_n[079].png,2026-09-17 21:35:36+00:00,2891,gor01_two_2006-6-08_21-16-25
206,file,/umms-kdiba/Data/Output/collected_outputs/figures/_temp_individual_posteriors/2026-09-17/gor01_two_2006-6-08_21-16-25/ripple/combined/multi/,p_x_given_n[080].png,2026-09-17 21:35:36+00:00,3469,gor01_two_2006-6-08_21-16-25
207,file,/umms-kdiba/Data/Output/collected_outputs/figures/_temp_individual_posteriors/2026-09-17/gor01_two_2006-6-08_21-16-25/ripple/combined/multi/,p_x_given_n[081].png,2026-09-17 21:35:36+00:00,7669,gor01_two_2006-6-08_21-16-25
208,file,/umms-kdiba/Data/Output/collected_outputs/figures/_temp_individual_posteriors/2026-09-17/gor01_two_2006-6-08_21-16-25/ripple/combined/multi/,p_x_given_n[083].png,2026-09-17 21:35:36+00:00,9000,gor01_two_2006-6-08_21-16-25
209,file,/umms-kdiba/Data/Output/collected_outputs/figures/_temp_individual_posteriors/2026-09-17/gor01_two_2006-6-08_21-16-25/ripple/combined/multi/,p_x_given_n[084].png,2026-09-17 21:35:36+00:00,5038,gor01_two_2006-6-08_21-16-25
210,file,/umms-kdiba/Data/Output/collected_outputs/figures/_temp_individual_posteriors/2026-09-17/gor01_two_2006-6-08_21-16-25/ripple/combined/multi/,p_x_given_n[085].png,2026-09-17 21:35:36+00:00,6473,gor01_two_2006-6-08_21-16-25
211,file,/umms-kdiba/Data/Output/collected_outputs/figures/_temp_individual_posteriors/2026-09-17/gor01_two_2006-6-08_21-16-25/ripple/combined/multi/,p_x_given_n[086].png,2026-09-17 21:35:36+00:00,2902,gor01_two_2006-6-08_21-16-25
212,file,/umms-kdiba/Data/Output/collected_outputs/figures/_temp_individual_posteriors/2026-09-17/gor01_two_2006-6-08_21-16-25/ripple/combined/multi/,p_x_given_n[087].png,2026-09-17 21:35:36+00:00,6057,gor01_two_2006-6-08_21-16-25
213,file,/umms-kdiba/Data/Output/collected_outputs/figures/_temp_individual_posteriors/2026-09-17/gor01_two_2006-6-08_21-16-25/ripple/combined/multi/,p_x_given_n[089].png,2026-09-17 21:35:36+00:00,6461,gor01_two_2006-6-08_21-16-25
214,file,/umms-kdiba/Data/Output/collected_outputs/figures/_temp_individual_posteriors/2026-09-17/gor01_two_2006-6-08_21-16-25/ripple/combined/multi/,p_x_given_n[090].png,2026-09-17 21:35:36+00:00,11169,gor01_two_2006-6-08_21-16-25
215,file,/umms-kdiba/Data/Output/collected_outputs/figures/_temp_individual_posteriors/2026-09-17/gor01_two_2006-6-08_21-16-25/ripple/combined/multi/,p_x_given_n[091].png,2026-09-17 21:35:36+00:00,2240,gor01_two_2006-6-08_21-16-25
216,file,/umms-kdiba/Data/Output/collected_outputs/figures/_temp_individual_posteriors/2026-09-17/gor01_two_2006-6-08_21-16-25/ripple/combined/multi/,p_x_given_n[092].png,2026-09-17 21:35:36+00:00,3706,gor01_two_2006-6-08_21-16-25
217,file,/umms-kdiba/Data/Output/collected_outputs/figures/_temp_individual_posteriors/2026-09-17/gor01_two_2006-6-08_21-16-25/ripple/combined/multi/,p_x_given_n[093].png,2026-09-17 21:35:36+00:00,9119,gor01_two_2006-6-08_21-16-25
218,file,/umms-kdiba/Data/Output/collected_outputs/figures/_temp_individual_posteriors/2026-09-17/gor01_two_2006-6-08_21-16-25/ripple/combined/multi/,p_x_given_n[094].png,2026-09-17 21:35:36+00:00,5545,gor01_two_2006-6-08_21-16-25
219,file,/umms-kdiba/Data/Output/collected_outputs/figures/_temp_individual_posteriors/2026-09-17/gor01_two_2006-6-08_21-16-25/ripple/combined/multi/,p_x_given_n[095].png,2026-09-17 21:35:36+00:00,3111,gor01_two_2006-6-08_21-16-25
220,file,/umms-kdiba/Data/Output/collected_outputs/figures/_temp_individual_posteriors/2026-09-17/gor01_two_2006-6-08_21-16-25/ripple/combined/multi/,p_x_given_n[096].png,2026-09-17 21:35:36+00:00,814,gor01_two_2006-6-08_21-16-25
221,file,/umms-kdiba/Data/Output/collected_outputs/figures/_temp_individual_posteriors/2026-09-17/gor01_two_2006-6-08_21-16-25/ripple/combined/multi/,p_x_given_n[097].png,2026-09-17 21:35:36+00:00,5883,gor01_two_2006-6-08_21-16-25
222,file,/umms-kdiba/Data/Output/collected_outputs/figures/_temp_individual_posteriors/2026-09-17/gor01_two_2006-6-08_21-16-25/ripple/combined/multi/,p_x_given_n[098].png,2026-09-17 21:35:36+00:00,728,gor01_two_2006-6-08_21-16-25
223,file,/umms-kdiba/Data/Output/collected_outputs/figures/_temp_individual_posteriors/2026-09-17/gor01_two_2006-6-08_21-16-25/ripple/combined/multi/,p_x_given_n[099].png,2026-09-17 21:35:36+00:00,12628,gor01_two_2006-6-08_21-16-25
224,file,/umms-kdiba/Data/Output/collected_outputs/figures/_temp_individual_posteriors/2026-09-17/gor01_two_2006-6-08_21-16-25/ripple/combined/multi/,p_x_given_n[100].png,2026-09-17 21:35:36+00:00,2867,gor01_two_2006-6-08_21-16-25
225,file,/umms-kdiba/Data/Output/collected_outputs/figures/_temp_individual_posteriors/2026-09-17/gor01_two_2006-6-08_21-16-25/ripple/combined/multi/,p_x_given_n[102].png,2026-09-17 21:35:36+00:00,751,gor01_two_2006-6-08_21-16-25
226,file,/umms-kdiba/Data/Output/collected_outputs/figures/_temp_individual_posteriors/2026-09-17/gor01_two_2006-6-08_21-16-25/ripple/combined/multi/,p_x_given_n[103].png,2026-09-17 21:35:36+00:00,6815,gor01_two_2006-6-08_21-16-25
227,file,/umms-kdiba/Data/Output/collected_outputs/figures/_temp_individual_posteriors/2026-09-17/gor01_two_2006-6-08_21-16-25/ripple/combined/multi/,p_x_given_n[104].png,2026-09-17 21:35:36+00:00,5593,gor01_two_2006-6-08_21-16-25
228,file,/umms-kdiba/Data/Output/collected_outputs/figures/_temp_individual_posteriors/2026-09-17/gor01_two_2006-6-08_21-16-25/ripple/combined/multi/,p_x_given_n[105].png,2026-09-17 21:35:36+00:00,8644,gor01_two_2006-6-08_21-16-25
229,file,/umms-kdiba/Data/Output/collected_outputs/figures/_temp_individual_posteriors/2026-09-17/gor01_two_2006-6-08_21-16-25/ripple/combined/multi/,p_x_given_n[106].png,2026-09-17 21:35:36+00:00,14262,gor01_two_2006-6-08_21-16-25
230,file,/umms-kdiba/Data/Output/collected_outputs/figures/_temp_individual_posteriors/2026-09-17/gor01_two_2006-6-08_21-16-25/ripple/combined/multi/,p_x_given_n[107].png,2026-09-17 21:35:36+00:00,6607,gor01_two_2006-6-08_21-16-25
231,file,/umms-kdiba/Data/Output/collected_outputs/figures/_temp_individual_posteriors/2026-09-17/gor01_two_2006-6-08_21-16-25/ripple/combined/multi/,p_x_given_n[108].png,2026-09-17 21:35:36+00:00,5236,gor01_two_2006-6-08_21-16-25
232,file,/umms-kdiba/Data/Output/collected_outputs/figures/_temp_individual_posteriors/2026-09-17/gor01_two_2006-6-08_21-16-25/ripple/combined/multi/,p_x_given_n[109].png,2026-09-17 21:35:36+00:00,3846,gor01_two_2006-6-08_21-16-25
233,file,/umms-kdiba/Data/Output/collected_outputs/figures/_temp_individual_posteriors/2026-09-17/gor01_two_2006-6-08_21-16-25/ripple/combined/multi/,p_x_given_n[110].png,2026-09-17 21:35:36+00:00,5457,gor01_two_2006-6-08_21-16-25
234,file,/umms-kdiba/Data/Output/collected_outputs/figures/_temp_individual_posteriors/2026-09-17/gor01_two_2006-6-08_21-16-25/ripple/combined/multi/,p_x_given_n[111].png,2026-09-17 21:35:36+00:00,4550,gor01_two_2006-6-08_21-16-25
235,file,/umms-kdiba/Data/Output/collected_outputs/figures/_temp_individual_posteriors/2026-09-17/gor01_two_2006-6-08_21-16-25/ripple/combined/multi/,p_x_given_n[112].png,2026-09-17 21:35:36+00:00,2568,gor01_two_2006-6-08_21-16-25
236,file,/umms-kdiba/Data/Output/collected_outputs/figures/_temp_individual_posteriors/2026-09-17/gor01_two_2006-6-08_21-16-25/ripple/combined/multi/,p_x_given_n[113].png,2026-09-17 21:35:36+00:00,4897,gor01_two_2006-6-08_21-16-25
237,file,/umms-kdiba/Data/Output/collected_outputs/figures/_temp_individual_posteriors/2026-09-17/gor01_two_2006-6-08_21-16-25/ripple/combined/multi/,p_x_given_n[114].png,2026-09-17 21:35:36+00:00,2769,gor01_two_2006-6-08_21-16-25
238,file,/umms-kdiba/Data/Output/collected_outputs/figures/_temp_individual_posteriors/2026-09-17/gor01_two_2006-6-08_21-16-25/ripple/combined/multi/,p_x_given_n[115].png,2026-09-17 21:35:36+00:00,13957,gor01_two_2006-6-08_21-16-25
239,file,/umms-kdiba/Data/Output/collected_outputs/figures/_temp_individual_posteriors/2026-09-17/gor01_two_2006-6-08_21-16-25/ripple/combined/multi/,p_x_given_n[116].png,2026-09-17 21:35:36+00:00,719,gor01_two_2006-6-08_21-16-25
240,file,/umms-kdiba/Data/Output/collected_outputs/figures/_temp_individual_posteriors/2026-09-17/gor01_two_2006-6-08_21-16-25/ripple/combined/multi/,p_x_given_n[117].png,2026-09-17 21:35:36+00:00,8422,gor01_two_2006-6-08_21-16-25
241,file,/umms-kdiba/Data/Output/collected_outputs/figures/_temp_individual_posteriors/2026-09-17/gor01_two_2006-6-08_21-16-25/ripple/combined/multi/,p_x_given_n[118].png,2026-09-17 21:35:36+00:00,2393,gor01_two_2006-6-08_21-16-25
242,file,/umms-kdiba/Data/Output/collected_outputs/figures/_temp_individual_posteriors/2026-09-17/gor01_two_2006-6-08_21-16-25/ripple/combined/multi/,p_x_given_n[000].png,2026-09-17 21:35:35+00:00,9285,gor01_two_2006-6-08_21-16-25
243,file,/umms-kdiba/Data/Output/collected_outputs/figures/_temp_individual_posteriors/2026-09-17/gor01_two_2006-6-08_21-16-25/ripple/combined/multi/,p_x_given_n[001].png,2026-09-17 21:35:35+00:00,6642,gor01_two_2006-6-08_21-16-25
244,file,/umms-kdiba/Data/Output/collected_outputs/figures/_temp_individual_posteriors/2026-09-17/gor01_two_2006-6-08_21-16-25/ripple/combined/multi/,p_x_given_n[002].png,2026-09-17 21:35:35+00:00,3392,gor01_two_2006-6-08_21-16-25
245,file,/umms-kdiba/Data/Output/collected_outputs/figures/_temp_individual_posteriors/2026-09-17/gor01_two_2006-6-08_21-16-25/ripple/combined/multi/,p_x_given_n[003].png,2026-09-17 21:35:35+00:00,13886,gor01_two_2006-6-08_21-16-25
246,file,/umms-kdiba/Data/Output/collected_outputs/figures/_temp_individual_posteriors/2026-09-17/gor01_two_2006-6-08_21-16-25/ripple/combined/multi/,p_x_given_n[004].png,2026-09-17 21:35:35+00:00,8110,gor01_two_2006-6-08_21-16-25
247,file,/umms-kdiba/Data/Output/collected_outputs/figures/_temp_individual_posteriors/2026-09-17/gor01_two_2006-6-08_21-16-25/ripple/combined/multi/,p_x_given_n[005].png,2026-09-17 21:35:35+00:00,2941,gor01_two_2006-6-08_21-16-25
248,file,/umms-kdiba/Data/Output/collected_outputs/figures/_temp_individual_posteriors/2026-09-17/gor01_two_2006-6-08_21-16-25/ripple/combined/multi/,p_x_given_n[006].png,2026-09-17 21:35:35+00:00,4850,gor01_two_2006-6-08_21-16-25
249,file,/umms-kdiba/Data/Output/collected_outputs/figures/_temp_individual_posteriors/2026-09-17/gor01_two_2006-6-08_21-16-25/ripple/combined/multi/,p_x_given_n[007].png,2026-09-17 21:35:35+00:00,10396,gor01_two_2006-6-08_21-16-25
250,file,/umms-kdiba/Data/Output/collected_outputs/figures/_temp_individual_posteriors/2026-09-17/gor01_two_2006-6-08_21-16-25/ripple/combined/multi/,p_x_given_n[008].png,2026-09-17 21:35:35+00:00,13622,gor01_two_2006-6-08_21-16-25
251,file,/umms-kdiba/Data/Output/collected_outputs/figures/_temp_individual_posteriors/2026-09-17/gor01_two_2006-6-08_21-16-25/ripple/combined/multi/,p_x_given_n[009].png,2026-09-17 21:35:35+00:00,3620,gor01_two_2006-6-08_21-16-25
252,file,/umms-kdiba/Data/Output/collected_outputs/figures/_temp_individual_posteriors/2026-09-17/gor01_two_2006-6-08_21-16-25/ripple/combined/multi/,p_x_given_n[010].png,2026-09-17 21:35:35+00:00,5901,gor01_two_2006-6-08_21-16-25
253,file,/umms-kdiba/Data/Output/collected_outputs/figures/_temp_individual_posteriors/2026-09-17/gor01_two_2006-6-08_21-16-25/ripple/combined/multi/,p_x_given_n[011].png,2026-09-17 21:35:35+00:00,10690,gor01_two_2006-6-08_21-16-25
254,file,/umms-kdiba/Data/Output/collected_outputs/figures/_temp_individual_posteriors/2026-09-17/gor01_two_2006-6-08_21-16-25/ripple/combined/multi/,p_x_given_n[012].png,2026-09-17 21:35:35+00:00,8882,gor01_two_2006-6-08_21-16-25
255,file,/umms-kdiba/Data/Output/collected_outputs/figures/_temp_individual_posteriors/2026-09-17/gor01_two_2006-6-08_21-16-25/ripple/combined/multi/,p_x_given_n[013].png,2026-09-17 21:35:35+00:00,4662,gor01_two_2006-6-08_21-16-25
256,file,/umms-kdiba/Data/Output/collected_outputs/figures/_temp_individual_posteriors/2026-09-17/gor01_two_2006-6-08_21-16-25/ripple/combined/multi/,p_x_given_n[014].png,2026-09-17 21:35:35+00:00,3524,gor01_two_2006-6-08_21-16-25
257,file,/umms-kdiba/Data/Output/collected_outputs/figures/_temp_individual_posteriors/2026-09-17/gor01_two_2006-6-08_21-16-25/ripple/combined/multi/,p_x_given_n[015].png,2026-09-17 21:35:35+00:00,827,gor01_two_2006-6-08_21-16-25
258,file,/umms-kdiba/Data/Output/collected_outputs/figures/_temp_individual_posteriors/2026-09-17/gor01_two_2006-6-08_21-16-25/ripple/combined/multi/,p_x_given_n[016].png,2026-09-17 21:35:35+00:00,5404,gor01_two_2006-6-08_21-16-25
259,file,/umms-kdiba/Data/Output/collected_outputs/figures/_temp_individual_posteriors/2026-09-17/gor01_two_2006-6-08_21-16-25/ripple/combined/multi/,p_x_given_n[017].png,2026-09-17 21:35:35+00:00,12001,gor01_two_2006-6-08_21-16-25
260,file,/umms-kdiba/Data/Output/collected_outputs/figures/_temp_individual_posteriors/2026-09-17/gor01_two_2006-6-08_21-16-25/ripple/combined/multi/,p_x_given_n[018].png,2026-09-17 21:35:35+00:00,4337,gor01_two_2006-6-08_21-16-25
261,file,/umms-kdiba/Data/Output/collected_outputs/figures/_temp_individual_posteriors/2026-09-17/gor01_two_2006-6-08_21-16-25/ripple/combined/multi/,p_x_given_n[019].png,2026-09-17 21:35:35+00:00,6183,gor01_two_2006-6-08_21-16-25
262,file,/umms-kdiba/Data/Output/collected_outputs/figures/_temp_individual_posteriors/2026-09-17/gor01_two_2006-6-08_21-16-25/ripple/combined/multi/,p_x_given_n[020].png,2026-09-17 21:35:35+00:00,5734,gor01_two_2006-6-08_21-16-25
263,file,/umms-kdiba/Data/Output/collected_outputs/figures/_temp_individual_posteriors/2026-09-17/gor01_two_2006-6-08_21-16-25/ripple/combined/multi/,p_x_given_n[021].png,2026-09-17 21:35:35+00:00,2997,gor01_two_2006-6-08_21-16-25
264,file,/umms-kdiba/Data/Output/collected_outputs/figures/_temp_individual_posteriors/2026-09-17/gor01_two_2006-6-08_21-16-25/ripple/combined/multi/,p_x_given_n[022].png,2026-09-17 21:35:35+00:00,710,gor01_two_2006-6-08_21-16-25
265,file,/umms-kdiba/Data/Output/collected_outputs/figures/_temp_individual_posteriors/2026-09-17/gor01_two_2006-6-08_21-16-25/ripple/combined/multi/,p_x_given_n[023].png,2026-09-17 21:35:35+00:00,8475,gor01_two_2006-6-08_21-16-25
266,file,/umms-kdiba/Data/Output/collected_outputs/figures/_temp_individual_posteriors/2026-09-17/gor01_two_2006-6-08_21-16-25/ripple/combined/multi/,p_x_given_n[024].png,2026-09-17 21:35:35+00:00,7839,gor01_two_2006-6-08_21-16-25
267,file,/umms-kdiba/Data/Output/collected_outputs/figures/_temp_individual_posteriors/2026-09-17/gor01_two_2006-6-08_21-16-25/ripple/combined/multi/,p_x_given_n[025].png,2026-09-17 21:35:35+00:00,9237,gor01_two_2006-6-08_21-16-25
268,file,/umms-kdiba/Data/Output/collected_outputs/figures/_temp_individual_posteriors/2026-09-17/gor01_two_2006-6-08_21-16-25/ripple/combined/multi/,p_x_given_n[026].png,2026-09-17 21:35:35+00:00,5978,gor01_two_2006-6-08_21-16-25
269,file,/umms-kdiba/Data/Output/collected_outputs/figures/_temp_individual_posteriors/2026-09-17/gor01_two_2006-6-08_21-16-25/ripple/combined/multi/,p_x_given_n[027].png,2026-09-17 21:35:35+00:00,650,gor01_two_2006-6-08_21-16-25
270,file,/umms-kdiba/Data/Output/collected_outputs/figures/_temp_individual_posteriors/2026-09-17/gor01_two_2006-6-08_21-16-25/ripple/combined/multi/,p_x_given_n[028].png,2026-09-17 21:35:35+00:00,3366,gor01_two_2006-6-08_21-16-25
271,file,/umms-kdiba/Data/Output/collected_outputs/figures/_temp_individual_posteriors/2026-09-17/gor01_two_2006-6-08_21-16-25/ripple/combined/multi/,p_x_given_n[029].png,2026-09-17 21:35:35+00:00,825,gor01_two_2006-6-08_21-16-25
272,file,/umms-kdiba/Data/Output/collected_outputs/figures/_temp_individual_posteriors/2026-09-17/gor01_two_2006-6-08_21-16-25/ripple/combined/multi/,p_x_given_n[030].png,2026-09-17 21:35:35+00:00,9012,gor01_two_2006-6-08_21-16-25
273,file,/umms-kdiba/Data/Output/collected_outputs/figures/_temp_individual_posteriors/2026-09-17/gor01_two_2006-6-08_21-16-25/ripple/combined/multi/,p_x_given_n[031].png,2026-09-17 21:35:35+00:00,3244,gor01_two_2006-6-08_21-16-25
274,file,/umms-kdiba/Data/Output/collected_outputs/figures/_temp_individual_posteriors/2026-09-17/gor01_two_2006-6-08_21-16-25/ripple/combined/multi/,p_x_given_n[032].png,2026-09-17 21:35:35+00:00,671,gor01_two_2006-6-08_21-16-25
275,file,/umms-kdiba/Data/Output/collected_outputs/figures/_temp_individual_posteriors/2026-09-17/gor01_two_2006-6-08_21-16-25/ripple/combined/multi/,p_x_given_n[033].png,2026-09-17 21:35:35+00:00,8426,gor01_two_2006-6-08_21-16-25
276,file,/umms-kdiba/Data/Output/collected_outputs/figures/_temp_individual_posteriors/2026-09-17/gor01_two_2006-6-08_21-16-25/ripple/combined/multi/,p_x_given_n[034].png,2026-09-17 21:35:35+00:00,6926,gor01_two_2006-6-08_21-16-25
277,file,/umms-kdiba/Data/Output/collected_outputs/figures/_temp_individual_posteriors/2026-09-17/gor01_two_2006-6-08_21-16-25/ripple/combined/multi/,p_x_given_n[035].png,2026-09-17 21:35:35+00:00,3085,gor01_two_2006-6-08_21-16-25
278,file,/umms-kdiba/Data/Output/collected_outputs/figures/_temp_individual_posteriors/2026-09-17/gor01_two_2006-6-08_21-16-25/ripple/combined/multi/,p_x_given_n[036].png,2026-09-17 21:35:35+00:00,9088,gor01_two_2006-6-08_21-16-25
279,file,/umms-kdiba/Data/Output/collected_outputs/figures/_temp_individual_posteriors/2026-09-17/gor01_two_2006-6-08_21-16-25/ripple/combined/multi/,p_x_given_n[037].png,2026-09-17 21:35:35+00:00,3126,gor01_two_2006-6-08_21-16-25
280,file,/umms-kdiba/Data/Output/collected_outputs/figures/_temp_individual_posteriors/2026-09-17/gor01_two_2006-6-08_21-16-25/ripple/combined/multi/,p_x_given_n[038].png,2026-09-17 21:35:35+00:00,3474,gor01_two_2006-6-08_21-16-25
281,file,/umms-kdiba/Data/Output/collected_outputs/figures/_temp_individual_posteriors/2026-09-17/gor01_two_2006-6-08_21-16-25/ripple/combined/multi/,p_x_given_n[039].png,2026-09-17 21:35:35+00:00,16413,gor01_two_2006-6-08_21-16-25
282,file,/umms-kdiba/Data/Output/collected_outputs/figures/_temp_individual_posteriors/2026-09-17/gor01_two_2006-6-08_21-16-25/ripple/combined/multi/,p_x_given_n[040].png,2026-09-17 21:35:35+00:00,10991,gor01_two_2006-6-08_21-16-25
283,file,/umms-kdiba/Data/Output/collected_outputs/figures/_temp_individual_posteriors/2026-09-17/gor01_two_2006-6-08_21-16-25/ripple/combined/multi/,p_x_given_n[041].png,2026-09-17 21:35:35+00:00,13049,gor01_two_2006-6-08_21-16-25
284,file,/umms-kdiba/Data/Output/collected_outputs/figures/_temp_individual_posteriors/2026-09-17/gor01_two_2006-6-08_21-16-25/ripple/combined/multi/,p_x_given_n[042].png,2026-09-17 21:35:35+00:00,8950,gor01_two_2006-6-08_21-16-25
285,file,/umms-kdiba/Data/Output/collected_outputs/figures/_temp_individual_posteriors/2026-09-17/gor01_two_2006-6-08_21-16-25/ripple/combined/multi/,p_x_given_n[043].png,2026-09-17 21:35:35+00:00,778,gor01_two_2006-6-08_21-16-25
286,file,/umms-kdiba/Data/Output/collected_outputs/figures/_temp_individual_posteriors/2026-09-17/gor01_two_2006-6-08_21-16-25/ripple/combined/multi/,p_x_given_n[044].png,2026-09-17 21:35:35+00:00,526,gor01_two_2006-6-08_21-16-25
287,file,/umms-kdiba/Data/Output/collected_outputs/figures/_temp_individual_posteriors/2026-09-17/gor01_two_2006-6-12_16-53-46/ripple/combined/multi/,p_x_given_n[042].png,2026-09-17 21:03:45+00:00,3837,gor01_two_2006-6-12_16-53-46
288,file,/umms-kdiba/Data/Output/collected_outputs/figures/_temp_individual_posteriors/2026-09-17/gor01_two_2006-6-12_16-53-46/ripple/combined/multi/,p_x_given_n[043].png,2026-09-17 21:03:45+00:00,3675,gor01_two_2006-6-12_16-53-46
289,file,/umms-kdiba/Data/Output/collected_outputs/figures/_temp_individual_posteriors/2026-09-17/gor01_two_2006-6-12_16-53-46/ripple/combined/multi/,p_x_given_n[044].png,2026-09-17 21:03:45+00:00,10420,gor01_two_2006-6-12_16-53-46
290,file,/umms-kdiba/Data/Output/collected_outputs/figures/_temp_individual_posteriors/2026-09-17/gor01_two_2006-6-12_16-53-46/ripple/combined/multi/,p_x_given_n[045].png,2026-09-17 21:03:45+00:00,3287,gor01_two_2006-6-12_16-53-46
291,file,/umms-kdiba/Data/Output/collected_outputs/figures/_temp_individual_posteriors/2026-09-17/gor01_two_2006-6-12_16-53-46/ripple/combined/multi/,p_x_given_n[046].png,2026-09-17 21:03:45+00:00,3672,gor01_two_2006-6-12_16-53-46
292,file,/umms-kdiba/Data/Output/collected_outputs/figures/_temp_individual_posteriors/2026-09-17/gor01_two_2006-6-12_16-53-46/ripple/combined/multi/,p_x_given_n[047].png,2026-09-17 21:03:45+00:00,8170,gor01_two_2006-6-12_16-53-46
293,file,/umms-kdiba/Data/Output/collected_outputs/figures/_temp_individual_posteriors/2026-09-17/gor01_two_2006-6-12_16-53-46/ripple/combined/multi/,p_x_given_n[048].png,2026-09-17 21:03:45+00:00,3540,gor01_two_2006-6-12_16-53-46
294,file,/umms-kdiba/Data/Output/collected_outputs/figures/_temp_individual_posteriors/2026-09-17/gor01_two_2006-6-12_16-53-46/ripple/combined/multi/,p_x_given_n[049].png,2026-09-17 21:03:45+00:00,3308,gor01_two_2006-6-12_16-53-46
295,file,/umms-kdiba/Data/Output/collected_outputs/figures/_temp_individual_posteriors/2026-09-17/gor01_two_2006-6-12_16-53-46/ripple/combined/multi/,p_x_given_n[050].png,2026-09-17 21:03:45+00:00,3289,gor01_two_2006-6-12_16-53-46
296,file,/umms-kdiba/Data/Output/collected_outputs/figures/_temp_individual_posteriors/2026-09-17/gor01_two_2006-6-12_16-53-46/ripple/combined/multi/,p_x_given_n[051].png,2026-09-17 21:03:45+00:00,12546,gor01_two_2006-6-12_16-53-46
297,file,/umms-kdiba/Data/Output/collected_outputs/figures/_temp_individual_posteriors/2026-09-17/gor01_two_2006-6-12_16-53-46/ripple/combined/multi/,p_x_given_n[052].png,2026-09-17 21:03:45+00:00,7427,gor01_two_2006-6-12_16-53-46
298,file,/umms-kdiba/Data/Output/collected_outputs/figures/_temp_individual_posteriors/2026-09-17/gor01_two_2006-6-12_16-53-46/ripple/combined/multi/,p_x_given_n[053].png,2026-09-17 21:03:45+00:00,3556,gor01_two_2006-6-12_16-53-46
299,file,/umms-kdiba/Data/Output/collected_outputs/figures/_temp_individual_posteriors/2026-09-17/gor01_two_2006-6-12_16-53-46/ripple/combined/multi/,p_x_given_n[054].png,2026-09-17 21:03:45+00:00,3882,gor01_two_2006-6-12_16-53-46
300,file,/umms-kdiba/Data/Output/collected_outputs/figures/_temp_individual_posteriors/2026-09-17/gor01_two_2006-6-12_16-53-46/ripple/combined/multi/,p_x_given_n[055].png,2026-09-17 21:03:45+00:00,3347,gor01_two_2006-6-12_16-53-46
301,file,/umms-kdiba/Data/Output/collected_outputs/figures/_temp_individual_posteriors/2026-09-17/gor01_two_2006-6-12_16-53-46/ripple/combined/multi/,p_x_given_n[056].png,2026-09-17 21:03:45+00:00,889,gor01_two_2006-6-12_16-53-46
302,file,/umms-kdiba/Data/Output/collected_outputs/figures/_temp_individual_posteriors/2026-09-17/gor01_two_2006-6-12_16-53-46/ripple/combined/multi/,p_x_given_n[057].png,2026-09-17 21:03:45+00:00,4276,gor01_two_2006-6-12_16-53-46
303,file,/umms-kdiba/Data/Output/collected_outputs/figures/_temp_individual_posteriors/2026-09-17/gor01_two_2006-6-12_16-53-46/ripple/combined/multi/,p_x_given_n[058].png,2026-09-17 21:03:45+00:00,13992,gor01_two_2006-6-12_16-53-46
304,file,/umms-kdiba/Data/Output/collected_outputs/figures/_temp_individual_posteriors/2026-09-17/gor01_two_2006-6-12_16-53-46/ripple/combined/multi/,p_x_given_n[059].png,2026-09-17 21:03:45+00:00,6277,gor01_two_2006-6-12_16-53-46
305,file,/umms-kdiba/Data/Output/collected_outputs/figures/_temp_individual_posteriors/2026-09-17/gor01_two_2006-6-12_16-53-46/ripple/combined/multi/,p_x_given_n[061].png,2026-09-17 21:03:45+00:00,5391,gor01_two_2006-6-12_16-53-46
306,file,/umms-kdiba/Data/Output/collected_outputs/figures/_temp_individual_posteriors/2026-09-17/gor01_two_2006-6-12_16-53-46/ripple/combined/multi/,p_x_given_n[062].png,2026-09-17 21:03:45+00:00,8884,gor01_two_2006-6-12_16-53-46
307,file,/umms-kdiba/Data/Output/collected_outputs/figures/_temp_individual_posteriors/2026-09-17/gor01_two_2006-6-12_16-53-46/ripple/combined/multi/,p_x_given_n[064].png,2026-09-17 21:03:45+00:00,3484,gor01_two_2006-6-12_16-53-46
308,file,/umms-kdiba/Data/Output/collected_outputs/figures/_temp_individual_posteriors/2026-09-17/gor01_two_2006-6-12_16-53-46/ripple/combined/multi/,p_x_given_n[065].png,2026-09-17 21:03:45+00:00,5958,gor01_two_2006-6-12_16-53-46
309,file,/umms-kdiba/Data/Output/collected_outputs/figures/_temp_individual_posteriors/2026-09-17/gor01_two_2006-6-12_16-53-46/ripple/combined/multi/,p_x_given_n[068].png,2026-09-17 21:03:45+00:00,6714,gor01_two_2006-6-12_16-53-46
310,file,/umms-kdiba/Data/Output/collected_outputs/figures/_temp_individual_posteriors/2026-09-17/gor01_two_2006-6-12_16-53-46/ripple/combined/multi/,p_x_given_n[069].png,2026-09-17 21:03:45+00:00,3043,gor01_two_2006-6-12_16-53-46
311,file,/umms-kdiba/Data/Output/collected_outputs/figures/_temp_individual_posteriors/2026-09-17/gor01_two_2006-6-12_16-53-46/ripple/combined/multi/,p_x_given_n[070].png,2026-09-17 21:03:45+00:00,11392,gor01_two_2006-6-12_16-53-46
312,file,/umms-kdiba/Data/Output/collected_outputs/figures/_temp_individual_posteriors/2026-09-17/gor01_two_2006-6-12_16-53-46/ripple/combined/multi/,p_x_given_n[071].png,2026-09-17 21:03:45+00:00,821,gor01_two_2006-6-12_16-53-46
313,file,/umms-kdiba/Data/Output/collected_outputs/figures/_temp_individual_posteriors/2026-09-17/gor01_two_2006-6-12_16-53-46/ripple/combined/multi/,p_x_given_n[072].png,2026-09-17 21:03:45+00:00,7528,gor01_two_2006-6-12_16-53-46
314,file,/umms-kdiba/Data/Output/collected_outputs/figures/_temp_individual_posteriors/2026-09-17/gor01_two_2006-6-12_16-53-46/ripple/combined/multi/,p_x_given_n[073].png,2026-09-17 21:03:45+00:00,4877,gor01_two_2006-6-12_16-53-46
315,file,/umms-kdiba/Data/Output/collected_outputs/figures/_temp_individual_posteriors/2026-09-17/gor01_two_2006-6-12_16-53-46/ripple/combined/multi/,p_x_given_n[074].png,2026-09-17 21:03:45+00:00,2835,gor01_two_2006-6-12_16-53-46
316,file,/umms-kdiba/Data/Output/collected_outputs/figures/_temp_individual_posteriors/2026-09-17/gor01_two_2006-6-12_16-53-46/ripple/combined/multi/,p_x_given_n[075].png,2026-09-17 21:03:45+00:00,683,gor01_two_2006-6-12_16-53-46
317,file,/umms-kdiba/Data/Output/collected_outputs/figures/_temp_individual_posteriors/2026-09-17/gor01_two_2006-6-12_16-53-46/ripple/combined/multi/,p_x_given_n[076].png,2026-09-17 21:03:45+00:00,5403,gor01_two_2006-6-12_16-53-46
318,file,/umms-kdiba/Data/Output/collected_outputs/figures/_temp_individual_posteriors/2026-09-17/gor01_two_2006-6-12_16-53-46/ripple/combined/multi/,p_x_given_n[077].png,2026-09-17 21:03:45+00:00,10648,gor01_two_2006-6-12_16-53-46
319,file,/umms-kdiba/Data/Output/collected_outputs/figures/_temp_individual_posteriors/2026-09-17/gor01_two_2006-6-12_16-53-46/ripple/combined/multi/,p_x_given_n[079].png,2026-09-17 21:03:45+00:00,805,gor01_two_2006-6-12_16-53-46
320,file,/umms-kdiba/Data/Output/collected_outputs/figures/_temp_individual_posteriors/2026-09-17/gor01_two_2006-6-12_16-53-46/ripple/combined/multi/,p_x_given_n[080].png,2026-09-17 21:03:45+00:00,5736,gor01_two_2006-6-12_16-53-46
321,file,/umms-kdiba/Data/Output/collected_outputs/figures/_temp_individual_posteriors/2026-09-17/gor01_two_2006-6-12_16-53-46/ripple/combined/multi/,p_x_given_n[081].png,2026-09-17 21:03:45+00:00,3686,gor01_two_2006-6-12_16-53-46
322,file,/umms-kdiba/Data/Output/collected_outputs/figures/_temp_individual_posteriors/2026-09-17/gor01_two_2006-6-12_16-53-46/ripple/combined/multi/,p_x_given_n[082].png,2026-09-17 21:03:45+00:00,716,gor01_two_2006-6-12_16-53-46
323,file,/umms-kdiba/Data/Output/collected_outputs/figures/_temp_individual_posteriors/2026-09-17/gor01_two_2006-6-12_16-53-46/ripple/combined/multi/,p_x_given_n[083].png,2026-09-17 21:03:45+00:00,9973,gor01_two_2006-6-12_16-53-46
324,file,/umms-kdiba/Data/Output/collected_outputs/figures/_temp_individual_posteriors/2026-09-17/gor01_two_2006-6-12_16-53-46/ripple/combined/multi/,p_x_given_n[084].png,2026-09-17 21:03:45+00:00,8427,gor01_two_2006-6-12_16-53-46
325,file,/umms-kdiba/Data/Output/collected_outputs/figures/_temp_individual_posteriors/2026-09-17/gor01_two_2006-6-12_16-53-46/ripple/combined/multi/,p_x_given_n[085].png,2026-09-17 21:03:45+00:00,16163,gor01_two_2006-6-12_16-53-46
326,file,/umms-kdiba/Data/Output/collected_outputs/figures/_temp_individual_posteriors/2026-09-17/gor01_two_2006-6-12_16-53-46/ripple/combined/multi/,p_x_given_n[086].png,2026-09-17 21:03:45+00:00,15715,gor01_two_2006-6-12_16-53-46
327,file,/umms-kdiba/Data/Output/collected_outputs/figures/_temp_individual_posteriors/2026-09-17/gor01_two_2006-6-12_16-53-46/ripple/combined/multi/,p_x_given_n[088].png,2026-09-17 21:03:45+00:00,754,gor01_two_2006-6-12_16-53-46
328,file,/umms-kdiba/Data/Output/collected_outputs/figures/_temp_individual_posteriors/2026-09-17/gor01_two_2006-6-12_16-53-46/ripple/combined/multi/,p_x_given_n[089].png,2026-09-17 21:03:45+00:00,761,gor01_two_2006-6-12_16-53-46
329,file,/umms-kdiba/Data/Output/collected_outputs/figures/_temp_individual_posteriors/2026-09-17/gor01_two_2006-6-12_16-53-46/ripple/combined/multi/,p_x_given_n[090].png,2026-09-17 21:03:45+00:00,665,gor01_two_2006-6-12_16-53-46
330,file,/umms-kdiba/Data/Output/collected_outputs/figures/_temp_individual_posteriors/2026-09-17/gor01_two_2006-6-12_16-53-46/ripple/combined/multi/,p_x_given_n[091].png,2026-09-17 21:03:45+00:00,3540,gor01_two_2006-6-12_16-53-46
331,file,/umms-kdiba/Data/Output/collected_outputs/figures/_temp_individual_posteriors/2026-09-17/gor01_two_2006-6-12_16-53-46/ripple/combined/multi/,p_x_given_n[092].png,2026-09-17 21:03:45+00:00,6042,gor01_two_2006-6-12_16-53-46
332,file,/umms-kdiba/Data/Output/collected_outputs/figures/_temp_individual_posteriors/2026-09-17/gor01_two_2006-6-12_16-53-46/ripple/combined/multi/,p_x_given_n[093].png,2026-09-17 21:03:45+00:00,5979,gor01_two_2006-6-12_16-53-46
333,file,/umms-kdiba/Data/Output/collected_outputs/figures/_temp_individual_posteriors/2026-09-17/gor01_two_2006-6-12_16-53-46/ripple/combined/multi/,p_x_given_n[094].png,2026-09-17 21:03:45+00:00,3682,gor01_two_2006-6-12_16-53-46
334,file,/umms-kdiba/Data/Output/collected_outputs/figures/_temp_individual_posteriors/2026-09-17/gor01_two_2006-6-12_16-53-46/ripple/combined/multi/,p_x_given_n[095].png,2026-09-17 21:03:45+00:00,3641,gor01_two_2006-6-12_16-53-46
335,file,/umms-kdiba/Data/Output/collected_outputs/figures/_temp_individual_posteriors/2026-09-17/gor01_two_2006-6-12_16-53-46/ripple/combined/multi/,p_x_given_n[096].png,2026-09-17 21:03:45+00:00,8419,gor01_two_2006-6-12_16-53-46
336,file,/umms-kdiba/Data/Output/collected_outputs/figures/_temp_individual_posteriors/2026-09-17/gor01_two_2006-6-12_16-53-46/ripple/combined/multi/,p_x_given_n[097].png,2026-09-17 21:03:45+00:00,2822,gor01_two_2006-6-12_16-53-46
337,file,/umms-kdiba/Data/Output/collected_outputs/figures/_temp_individual_posteriors/2026-09-17/gor01_two_2006-6-12_16-53-46/ripple/combined/multi/,p_x_given_n[098].png,2026-09-17 21:03:45+00:00,13540,gor01_two_2006-6-12_16-53-46
338,file,/umms-kdiba/Data/Output/collected_outputs/figures/_temp_individual_posteriors/2026-09-17/gor01_two_2006-6-12_16-53-46/ripple/combined/multi/,p_x_given_n[099].png,2026-09-17 21:03:45+00:00,494,gor01_two_2006-6-12_16-53-46
339,file,/umms-kdiba/Data/Output/collected_outputs/figures/_temp_individual_posteriors/2026-09-17/gor01_two_2006-6-12_16-53-46/ripple/combined/multi/,p_x_given_n[100].png,2026-09-17 21:03:45+00:00,3500,gor01_two_2006-6-12_16-53-46
340,file,/umms-kdiba/Data/Output/collected_outputs/figures/_temp_individual_posteriors/2026-09-17/gor01_two_2006-6-12_16-53-46/ripple/combined/multi/,p_x_given_n[101].png,2026-09-17 21:03:45+00:00,3312,gor01_two_2006-6-12_16-53-46
341,file,/umms-kdiba/Data/Output/collected_outputs/figures/_temp_individual_posteriors/2026-09-17/gor01_two_2006-6-12_16-53-46/ripple/combined/multi/,p_x_given_n[102].png,2026-09-17 21:03:45+00:00,9198,gor01_two_2006-6-12_16-53-46
342,file,/umms-kdiba/Data/Output/collected_outputs/figures/_temp_individual_posteriors/2026-09-17/gor01_two_2006-6-12_16-53-46/ripple/combined/multi/,p_x_given_n[103].png,2026-09-17 21:03:45+00:00,3136,gor01_two_2006-6-12_16-53-46
343,file,/umms-kdiba/Data/Output/collected_outputs/figures/_temp_individual_posteriors/2026-09-17/gor01_two_2006-6-12_16-53-46/ripple/combined/multi/,p_x_given_n[106].png,2026-09-17 21:03:45+00:00,757,gor01_two_2006-6-12_16-53-46
344,file,/umms-kdiba/Data/Output/collected_outputs/figures/_temp_individual_posteriors/2026-09-17/gor01_two_2006-6-12_16-53-46/ripple/combined/multi/,p_x_given_n[107].png,2026-09-17 21:03:45+00:00,707,gor01_two_2006-6-12_16-53-46
345,file,/umms-kdiba/Data/Output/collected_outputs/figures/_temp_individual_posteriors/2026-09-17/gor01_two_2006-6-12_16-53-46/ripple/combined/multi/,p_x_given_n[108].png,2026-09-17 21:03:45+00:00,8684,gor01_two_2006-6-12_16-53-46
346,file,/umms-kdiba/Data/Output/collected_outputs/figures/_temp_individual_posteriors/2026-09-17/gor01_two_2006-6-12_16-53-46/ripple/combined/multi/,p_x_given_n[109].png,2026-09-17 21:03:45+00:00,8712,gor01_two_2006-6-12_16-53-46
347,file,/umms-kdiba/Data/Output/collected_outputs/figures/_temp_individual_posteriors/2026-09-17/gor01_two_2006-6-12_16-53-46/ripple/combined/multi/,p_x_given_n[110].png,2026-09-17 21:03:45+00:00,3383,gor01_two_2006-6-12_16-53-46
348,file,/umms-kdiba/Data/Output/collected_outputs/figures/_temp_individual_posteriors/2026-09-17/gor01_two_2006-6-12_16-53-46/ripple/combined/multi/,p_x_given_n[111].png,2026-09-17 21:03:45+00:00,2769,gor01_two_2006-6-12_16-53-46
349,file,/umms-kdiba/Data/Output/collected_outputs/figures/_temp_individual_posteriors/2026-09-17/gor01_two_2006-6-12_16-53-46/ripple/combined/multi/,p_x_given_n[112].png,2026-09-17 21:03:45+00:00,4143,gor01_two_2006-6-12_16-53-46
350,file,/umms-kdiba/Data/Output/collected_outputs/figures/_temp_individual_posteriors/2026-09-17/gor01_two_2006-6-12_16-53-46/ripple/combined/multi/,p_x_given_n[113].png,2026-09-17 21:03:45+00:00,3094,gor01_two_2006-6-12_16-53-46
351,file,/umms-kdiba/Data/Output/collected_outputs/figures/_temp_individual_posteriors/2026-09-17/gor01_two_2006-6-12_16-53-46/ripple/combined/multi/,p_x_given_n[115].png,2026-09-17 21:03:45+00:00,4800,gor01_two_2006-6-12_16-53-46
352,file,/umms-kdiba/Data/Output/collected_outputs/figures/_temp_individual_posteriors/2026-09-17/gor01_two_2006-6-12_16-53-46/ripple/combined/multi/,p_x_given_n[117].png,2026-09-17 21:03:45+00:00,3191,gor01_two_2006-6-12_16-53-46
353,file,/umms-kdiba/Data/Output/collected_outputs/figures/_temp_individual_posteriors/2026-09-17/gor01_two_2006-6-12_16-53-46/ripple/combined/multi/,p_x_given_n[118].png,2026-09-17 21:03:45+00:00,9052,gor01_two_2006-6-12_16-53-46
354,file,/umms-kdiba/Data/Output/collected_outputs/figures/_temp_individual_posteriors/2026-09-17/gor01_two_2006-6-12_16-53-46/ripple/combined/multi/,p_x_given_n[119].png,2026-09-17 21:03:45+00:00,9183,gor01_two_2006-6-12_16-53-46
355,file,/umms-kdiba/Data/Output/collected_outputs/figures/_temp_individual_posteriors/2026-09-17/gor01_two_2006-6-12_16-53-46/ripple/combined/multi/,p_x_given_n[120].png,2026-09-17 21:03:45+00:00,12395,gor01_two_2006-6-12_16-53-46
356,file,/umms-kdiba/Data/Output/collected_outputs/figures/_temp_individual_posteriors/2026-09-17/gor01_two_2006-6-12_16-53-46/ripple/combined/multi/,p_x_given_n[121].png,2026-09-17 21:03:45+00:00,420,gor01_two_2006-6-12_16-53-46
357,file,/umms-kdiba/Data/Output/collected_outputs/figures/_temp_individual_posteriors/2026-09-17/gor01_two_2006-6-12_16-53-46/ripple/combined/multi/,p_x_given_n[124].png,2026-09-17 21:03:45+00:00,7293,gor01_two_2006-6-12_16-53-46
358,file,/umms-kdiba/Data/Output/collected_outputs/figures/_temp_individual_posteriors/2026-09-17/gor01_two_2006-6-12_16-53-46/ripple/combined/multi/,p_x_given_n[125].png,2026-09-17 21:03:45+00:00,740,gor01_two_2006-6-12_16-53-46
359,file,/umms-kdiba/Data/Output/collected_outputs/figures/_temp_individual_posteriors/2026-09-17/gor01_two_2006-6-12_16-53-46/ripple/combined/multi/,p_x_given_n[126].png,2026-09-17 21:03:45+00:00,3218,gor01_two_2006-6-12_16-53-46
360,file,/umms-kdiba/Data/Output/collected_outputs/figures/_temp_individual_posteriors/2026-09-17/gor01_two_2006-6-12_16-53-46/ripple/combined/multi/,p_x_given_n[128].png,2026-09-17 21:03:45+00:00,5982,gor01_two_2006-6-12_16-53-46
361,file,/umms-kdiba/Data/Output/collected_outputs/figures/_temp_individual_posteriors/2026-09-17/gor01_two_2006-6-12_16-53-46/ripple/combined/multi/,p_x_given_n[129].png,2026-09-17 21:03:45+00:00,3614,gor01_two_2006-6-12_16-53-46
362,file,/umms-kdiba/Data/Output/collected_outputs/figures/_temp_individual_posteriors/2026-09-17/gor01_two_2006-6-12_16-53-46/ripple/combined/multi/,p_x_given_n[130].png,2026-09-17 21:03:45+00:00,2844,gor01_two_2006-6-12_16-53-46
363,file,/umms-kdiba/Data/Output/collected_outputs/figures/_temp_individual_posteriors/2026-09-17/gor01_two_2006-6-12_16-53-46/ripple/combined/multi/,p_x_given_n[131].png,2026-09-17 21:03:45+00:00,3272,gor01_two_2006-6-12_16-53-46
364,file,/umms-kdiba/Data/Output/collected_outputs/figures/_temp_individual_posteriors/2026-09-17/gor01_two_2006-6-12_16-53-46/ripple/combined/multi/,p_x_given_n[132].png,2026-09-17 21:03:45+00:00,758,gor01_two_2006-6-12_16-53-46
365,file,/umms-kdiba/Data/Output/collected_outputs/figures/_temp_individual_posteriors/2026-09-17/gor01_two_2006-6-12_16-53-46/ripple/combined/multi/,p_x_given_n[133].png,2026-09-17 21:03:45+00:00,2426,gor01_two_2006-6-12_16-53-46
366,file,/umms-kdiba/Data/Output/collected_outputs/figures/_temp_individual_posteriors/2026-09-17/gor01_two_2006-6-12_16-53-46/ripple/combined/multi/,p_x_given_n[000].png,2026-09-17 21:03:44+00:00,3639,gor01_two_2006-6-12_16-53-46
367,file,/umms-kdiba/Data/Output/collected_outputs/figures/_temp_individual_posteriors/2026-09-17/gor01_two_2006-6-12_16-53-46/ripple/combined/multi/,p_x_given_n[001].png,2026-09-17 21:03:44+00:00,802,gor01_two_2006-6-12_16-53-46
368,file,/umms-kdiba/Data/Output/collected_outputs/figures/_temp_individual_posteriors/2026-09-17/gor01_two_2006-6-12_16-53-46/ripple/combined/multi/,p_x_given_n[002].png,2026-09-17 21:03:44+00:00,731,gor01_two_2006-6-12_16-53-46
369,file,/umms-kdiba/Data/Output/collected_outputs/figures/_temp_individual_posteriors/2026-09-17/gor01_two_2006-6-12_16-53-46/ripple/combined/multi/,p_x_given_n[003].png,2026-09-17 21:03:44+00:00,8909,gor01_two_2006-6-12_16-53-46
370,file,/umms-kdiba/Data/Output/collected_outputs/figures/_temp_individual_posteriors/2026-09-17/gor01_two_2006-6-12_16-53-46/ripple/combined/multi/,p_x_given_n[004].png,2026-09-17 21:03:44+00:00,5006,gor01_two_2006-6-12_16-53-46
371,file,/umms-kdiba/Data/Output/collected_outputs/figures/_temp_individual_posteriors/2026-09-17/gor01_two_2006-6-12_16-53-46/ripple/combined/multi/,p_x_given_n[005].png,2026-09-17 21:03:44+00:00,9449,gor01_two_2006-6-12_16-53-46
372,file,/umms-kdiba/Data/Output/collected_outputs/figures/_temp_individual_posteriors/2026-09-17/gor01_two_2006-6-12_16-53-46/ripple/combined/multi/,p_x_given_n[006].png,2026-09-17 21:03:44+00:00,4726,gor01_two_2006-6-12_16-53-46
373,file,/umms-kdiba/Data/Output/collected_outputs/figures/_temp_individual_posteriors/2026-09-17/gor01_two_2006-6-12_16-53-46/ripple/combined/multi/,p_x_given_n[007].png,2026-09-17 21:03:44+00:00,629,gor01_two_2006-6-12_16-53-46
374,file,/umms-kdiba/Data/Output/collected_outputs/figures/_temp_individual_posteriors/2026-09-17/gor01_two_2006-6-12_16-53-46/ripple/combined/multi/,p_x_given_n[008].png,2026-09-17 21:03:44+00:00,12377,gor01_two_2006-6-12_16-53-46
375,file,/umms-kdiba/Data/Output/collected_outputs/figures/_temp_individual_posteriors/2026-09-17/gor01_two_2006-6-12_16-53-46/ripple/combined/multi/,p_x_given_n[009].png,2026-09-17 21:03:44+00:00,798,gor01_two_2006-6-12_16-53-46
376,file,/umms-kdiba/Data/Output/collected_outputs/figures/_temp_individual_posteriors/2026-09-17/gor01_two_2006-6-12_16-53-46/ripple/combined/multi/,p_x_given_n[010].png,2026-09-17 21:03:44+00:00,3573,gor01_two_2006-6-12_16-53-46
377,file,/umms-kdiba/Data/Output/collected_outputs/figures/_temp_individual_posteriors/2026-09-17/gor01_two_2006-6-12_16-53-46/ripple/combined/multi/,p_x_given_n[011].png,2026-09-17 21:03:44+00:00,3300,gor01_two_2006-6-12_16-53-46
378,file,/umms-kdiba/Data/Output/collected_outputs/figures/_temp_individual_posteriors/2026-09-17/gor01_two_2006-6-12_16-53-46/ripple/combined/multi/,p_x_given_n[012].png,2026-09-17 21:03:44+00:00,9454,gor01_two_2006-6-12_16-53-46
379,file,/umms-kdiba/Data/Output/collected_outputs/figures/_temp_individual_posteriors/2026-09-17/gor01_two_2006-6-12_16-53-46/ripple/combined/multi/,p_x_given_n[013].png,2026-09-17 21:03:44+00:00,3158,gor01_two_2006-6-12_16-53-46
380,file,/umms-kdiba/Data/Output/collected_outputs/figures/_temp_individual_posteriors/2026-09-17/gor01_two_2006-6-12_16-53-46/ripple/combined/multi/,p_x_given_n[014].png,2026-09-17 21:03:44+00:00,11349,gor01_two_2006-6-12_16-53-46
381,file,/umms-kdiba/Data/Output/collected_outputs/figures/_temp_individual_posteriors/2026-09-17/gor01_two_2006-6-12_16-53-46/ripple/combined/multi/,p_x_given_n[015].png,2026-09-17 21:03:44+00:00,893,gor01_two_2006-6-12_16-53-46
382,file,/umms-kdiba/Data/Output/collected_outputs/figures/_temp_individual_posteriors/2026-09-17/gor01_two_2006-6-12_16-53-46/ripple/combined/multi/,p_x_given_n[016].png,2026-09-17 21:03:44+00:00,9421,gor01_two_2006-6-12_16-53-46
383,file,/umms-kdiba/Data/Output/collected_outputs/figures/_temp_individual_posteriors/2026-09-17/gor01_two_2006-6-12_16-53-46/ripple/combined/multi/,p_x_given_n[017].png,2026-09-17 21:03:44+00:00,5861,gor01_two_2006-6-12_16-53-46
384,file,/umms-kdiba/Data/Output/collected_outputs/figures/_temp_individual_posteriors/2026-09-17/gor01_two_2006-6-12_16-53-46/ripple/combined/multi/,p_x_given_n[018].png,2026-09-17 21:03:44+00:00,5714,gor01_two_2006-6-12_16-53-46
385,file,/umms-kdiba/Data/Output/collected_outputs/figures/_temp_individual_posteriors/2026-09-17/gor01_two_2006-6-12_16-53-46/ripple/combined/multi/,p_x_given_n[019].png,2026-09-17 21:03:44+00:00,3240,gor01_two_2006-6-12_16-53-46
386,file,/umms-kdiba/Data/Output/collected_outputs/figures/_temp_individual_posteriors/2026-09-17/gor01_two_2006-6-12_16-53-46/ripple/combined/multi/,p_x_given_n[020].png,2026-09-17 21:03:44+00:00,882,gor01_two_2006-6-12_16-53-46
387,file,/umms-kdiba/Data/Output/collected_outputs/figures/_temp_individual_posteriors/2026-09-17/gor01_two_2006-6-12_16-53-46/ripple/combined/multi/,p_x_given_n[021].png,2026-09-17 21:03:44+00:00,634,gor01_two_2006-6-12_16-53-46
388,file,/umms-kdiba/Data/Output/collected_outputs/figures/_temp_individual_posteriors/2026-09-17/gor01_two_2006-6-12_16-53-46/ripple/combined/multi/,p_x_given_n[022].png,2026-09-17 21:03:44+00:00,5374,gor01_two_2006-6-12_16-53-46
389,file,/umms-kdiba/Data/Output/collected_outputs/figures/_temp_individual_posteriors/2026-09-17/gor01_two_2006-6-12_16-53-46/ripple/combined/multi/,p_x_given_n[023].png,2026-09-17 21:03:44+00:00,3255,gor01_two_2006-6-12_16-53-46
390,file,/umms-kdiba/Data/Output/collected_outputs/figures/_temp_individual_posteriors/2026-09-17/gor01_two_2006-6-12_16-53-46/ripple/combined/multi/,p_x_given_n[026].png,2026-09-17 21:03:44+00:00,8892,gor01_two_2006-6-12_16-53-46
391,file,/umms-kdiba/Data/Output/collected_outputs/figures/_temp_individual_posteriors/2026-09-17/gor01_two_2006-6-12_16-53-46/ripple/combined/multi/,p_x_given_n[027].png,2026-09-17 21:03:44+00:00,3052,gor01_two_2006-6-12_16-53-46
392,file,/umms-kdiba/Data/Output/collected_outputs/figures/_temp_individual_posteriors/2026-09-17/gor01_two_2006-6-12_16-53-46/ripple/combined/multi/,p_x_given_n[028].png,2026-09-17 21:03:44+00:00,855,gor01_two_2006-6-12_16-53-46
393,file,/umms-kdiba/Data/Output/collected_outputs/figures/_temp_individual_posteriors/2026-09-17/gor01_two_2006-6-12_16-53-46/ripple/combined/multi/,p_x_given_n[029].png,2026-09-17 21:03:44+00:00,3840,gor01_two_2006-6-12_16-53-46
394,file,/umms-kdiba/Data/Output/collected_outputs/figures/_temp_individual_posteriors/2026-09-17/gor01_two_2006-6-12_16-53-46/ripple/combined/multi/,p_x_given_n[030].png,2026-09-17 21:03:44+00:00,3611,gor01_two_2006-6-12_16-53-46
395,file,/umms-kdiba/Data/Output/collected_outputs/figures/_temp_individual_posteriors/2026-09-17/gor01_two_2006-6-12_16-53-46/ripple/combined/multi/,p_x_given_n[031].png,2026-09-17 21:03:44+00:00,5551,gor01_two_2006-6-12_16-53-46
396,file,/umms-kdiba/Data/Output/collected_outputs/figures/_temp_individual_posteriors/2026-09-17/gor01_two_2006-6-12_16-53-46/ripple/combined/multi/,p_x_given_n[032].png,2026-09-17 21:03:44+00:00,14685,gor01_two_2006-6-12_16-53-46
397,file,/umms-kdiba/Data/Output/collected_outputs/figures/_temp_individual_posteriors/2026-09-17/gor01_two_2006-6-12_16-53-46/ripple/combined/multi/,p_x_given_n[033].png,2026-09-17 21:03:44+00:00,7919,gor01_two_2006-6-12_16-53-46
398,file,/umms-kdiba/Data/Output/collected_outputs/figures/_temp_individual_posteriors/2026-09-17/gor01_two_2006-6-12_16-53-46/ripple/combined/multi/,p_x_given_n[034].png,2026-09-17 21:03:44+00:00,6268,gor01_two_2006-6-12_16-53-46
399,file,/umms-kdiba/Data/Output/collected_outputs/figures/_temp_individual_posteriors/2026-09-17/gor01_two_2006-6-12_16-53-46/ripple/combined/multi/,p_x_given_n[035].png,2026-09-17 21:03:44+00:00,4056,gor01_two_2006-6-12_16-53-46
400,file,/umms-kdiba/Data/Output/collected_outputs/figures/_temp_individual_posteriors/2026-09-17/gor01_two_2006-6-12_16-53-46/ripple/combined/multi/,p_x_given_n[036].png,2026-09-17 21:03:44+00:00,4035,gor01_two_2006-6-12_16-53-46
401,file,/umms-kdiba/Data/Output/collected_outputs/figures/_temp_individual_posteriors/2026-09-17/gor01_two_2006-6-12_16-53-46/ripple/combined/multi/,p_x_given_n[038].png,2026-09-17 21:03:44+00:00,830,gor01_two_2006-6-12_16-53-46
402,file,/umms-kdiba/Data/Output/collected_outputs/figures/_temp_individual_posteriors/2026-09-17/gor01_two_2006-6-12_16-53-46/ripple/combined/multi/,p_x_given_n[039].png,2026-09-17 21:03:44+00:00,779,gor01_two_2006-6-12_16-53-46
403,file,/umms-kdiba/Data/Output/collected_outputs/figures/_temp_individual_posteriors/2026-09-17/gor01_two_2006-6-12_16-53-46/ripple/combined/multi/,p_x_given_n[040].png,2026-09-17 21:03:44+00:00,3250,gor01_two_2006-6-12_16-53-46
404,file,/umms-kdiba/Data/Output/collected_outputs/figures/_temp_individual_posteriors/2026-09-17/gor01_two_2006-6-12_16-53-46/ripple/combined/multi/,p_x_given_n[041].png,2026-09-17 21:03:44+00:00,5670,gor01_two_2006-6-12_16-53-46
405,file,/umms-kdiba/Data/Output/collected_outputs/figures/_temp_individual_posteriors/2026-09-17/pin01_one_11-02_17-46-44/ripple/combined/multi/,p_x_given_n[518].png,2026-09-17 21:44:36+00:00,7466,pin01_one_11-02_17-46-44
406,file,/umms-kdiba/Data/Output/collected_outputs/figures/_temp_individual_posteriors/2026-09-17/pin01_one_11-02_17-46-44/ripple/combined/multi/,p_x_given_n[520].png,2026-09-17 21:44:36+00:00,11564,pin01_one_11-02_17-46-44
407,file,/umms-kdiba/Data/Output/collected_outputs/figures/_temp_individual_posteriors/2026-09-17/pin01_one_11-02_17-46-44/ripple/combined/multi/,p_x_given_n[521].png,2026-09-17 21:44:36+00:00,3051,pin01_one_11-02_17-46-44
408,file,/umms-kdiba/Data/Output/collected_outputs/figures/_temp_individual_posteriors/2026-09-17/pin01_one_11-02_17-46-44/ripple/combined/multi/,p_x_given_n[522].png,2026-09-17 21:44:36+00:00,11722,pin01_one_11-02_17-46-44
409,file,/umms-kdiba/Data/Output/collected_outputs/figures/_temp_individual_posteriors/2026-09-17/pin01_one_11-02_17-46-44/ripple/combined/multi/,p_x_given_n[523].png,2026-09-17 21:44:36+00:00,5460,pin01_one_11-02_17-46-44
410,file,/umms-kdiba/Data/Output/collected_outputs/figures/_temp_individual_posteriors/2026-09-17/pin01_one_11-02_17-46-44/ripple/combined/multi/,p_x_given_n[524].png,2026-09-17 21:44:36+00:00,7698,pin01_one_11-02_17-46-44
411,file,/umms-kdiba/Data/Output/collected_outputs/figures/_temp_individual_posteriors/2026-09-17/pin01_one_11-02_17-46-44/ripple/combined/multi/,p_x_given_n[525].png,2026-09-17 21:44:36+00:00,6463,pin01_one_11-02_17-46-44
412,file,/umms-kdiba/Data/Output/collected_outputs/figures/_temp_individual_posteriors/2026-09-17/pin01_one_11-02_17-46-44/ripple/combined/multi/,p_x_given_n[527].png,2026-09-17 21:44:36+00:00,10655,pin01_one_11-02_17-46-44
413,file,/umms-kdiba/Data/Output/collected_outputs/figures/_temp_individual_posteriors/2026-09-17/pin01_one_11-02_17-46-44/ripple/combined/multi/,p_x_given_n[529].png,2026-09-17 21:44:36+00:00,6810,pin01_one_11-02_17-46-44
414,file,/umms-kdiba/Data/Output/collected_outputs/figures/_temp_individual_posteriors/2026-09-17/pin01_one_11-02_17-46-44/ripple/combined/multi/,p_x_given_n[530].png,2026-09-17 21:44:36+00:00,11698,pin01_one_11-02_17-46-44
415,file,/umms-kdiba/Data/Output/collected_outputs/figures/_temp_individual_posteriors/2026-09-17/pin01_one_11-02_17-46-44/ripple/combined/multi/,p_x_given_n[532].png,2026-09-17 21:44:36+00:00,2627,pin01_one_11-02_17-46-44
416,file,/umms-kdiba/Data/Output/collected_outputs/figures/_temp_individual_posteriors/2026-09-17/pin01_one_11-02_17-46-44/ripple/combined/multi/,p_x_given_n[534].png,2026-09-17 21:44:36+00:00,3713,pin01_one_11-02_17-46-44
417,file,/umms-kdiba/Data/Output/collected_outputs/figures/_temp_individual_posteriors/2026-09-17/pin01_one_11-02_17-46-44/ripple/combined/multi/,p_x_given_n[535].png,2026-09-17 21:44:36+00:00,10253,pin01_one_11-02_17-46-44
418,file,/umms-kdiba/Data/Output/collected_outputs/figures/_temp_individual_posteriors/2026-09-17/pin01_one_11-02_17-46-44/ripple/combined/multi/,p_x_given_n[538].png,2026-09-17 21:44:36+00:00,16208,pin01_one_11-02_17-46-44
419,file,/umms-kdiba/Data/Output/collected_outputs/figures/_temp_individual_posteriors/2026-09-17/pin01_one_11-02_17-46-44/ripple/combined/multi/,p_x_given_n[539].png,2026-09-17 21:44:36+00:00,8111,pin01_one_11-02_17-46-44
420,file,/umms-kdiba/Data/Output/collected_outputs/figures/_temp_individual_posteriors/2026-09-17/pin01_one_11-02_17-46-44/ripple/combined/multi/,p_x_given_n[540].png,2026-09-17 21:44:36+00:00,9385,pin01_one_11-02_17-46-44
421,file,/umms-kdiba/Data/Output/collected_outputs/figures/_temp_individual_posteriors/2026-09-17/pin01_one_11-02_17-46-44/ripple/combined/multi/,p_x_given_n[541].png,2026-09-17 21:44:36+00:00,10366,pin01_one_11-02_17-46-44
422,file,/umms-kdiba/Data/Output/collected_outputs/figures/_temp_individual_posteriors/2026-09-17/pin01_one_11-02_17-46-44/ripple/combined/multi/,p_x_given_n[544].png,2026-09-17 21:44:36+00:00,8159,pin01_one_11-02_17-46-44
423,file,/umms-kdiba/Data/Output/collected_outputs/figures/_temp_individual_posteriors/2026-09-17/pin01_one_11-02_17-46-44/ripple/combined/multi/,p_x_given_n[547].png,2026-09-17 21:44:36+00:00,5590,pin01_one_11-02_17-46-44
424,file,/umms-kdiba/Data/Output/collected_outputs/figures/_temp_individual_posteriors/2026-09-17/pin01_one_11-02_17-46-44/ripple/combined/multi/,p_x_given_n[551].png,2026-09-17 21:44:36+00:00,8749,pin01_one_11-02_17-46-44
425,file,/umms-kdiba/Data/Output/collected_outputs/figures/_temp_individual_posteriors/2026-09-17/pin01_one_11-02_17-46-44/ripple/combined/multi/,p_x_given_n[557].png,2026-09-17 21:44:36+00:00,10819,pin01_one_11-02_17-46-44
426,file,/umms-kdiba/Data/Output/collected_outputs/figures/_temp_individual_posteriors/2026-09-17/pin01_one_11-02_17-46-44/ripple/combined/multi/,p_x_given_n[558].png,2026-09-17 21:44:36+00:00,13432,pin01_one_11-02_17-46-44
427,file,/umms-kdiba/Data/Output/collected_outputs/figures/_temp_individual_posteriors/2026-09-17/pin01_one_11-02_17-46-44/ripple/combined/multi/,p_x_given_n[560].png,2026-09-17 21:44:36+00:00,779,pin01_one_11-02_17-46-44
428,file,/umms-kdiba/Data/Output/collected_outputs/figures/_temp_individual_posteriors/2026-09-17/pin01_one_11-02_17-46-44/ripple/combined/multi/,p_x_given_n[564].png,2026-09-17 21:44:36+00:00,6588,pin01_one_11-02_17-46-44
429,file,/umms-kdiba/Data/Output/collected_outputs/figures/_temp_individual_posteriors/2026-09-17/pin01_one_11-02_17-46-44/ripple/combined/multi/,p_x_given_n[566].png,2026-09-17 21:44:36+00:00,11375,pin01_one_11-02_17-46-44
430,file,/umms-kdiba/Data/Output/collected_outputs/figures/_temp_individual_posteriors/2026-09-17/pin01_one_11-02_17-46-44/ripple/combined/multi/,p_x_given_n[567].png,2026-09-17 21:44:36+00:00,9933,pin01_one_11-02_17-46-44
431,file,/umms-kdiba/Data/Output/collected_outputs/figures/_temp_individual_posteriors/2026-09-17/pin01_one_11-02_17-46-44/ripple/combined/multi/,p_x_given_n[568].png,2026-09-17 21:44:36+00:00,10717,pin01_one_11-02_17-46-44
432,file,/umms-kdiba/Data/Output/collected_outputs/figures/_temp_individual_posteriors/2026-09-17/pin01_one_11-02_17-46-44/ripple/combined/multi/,p_x_given_n[570].png,2026-09-17 21:44:36+00:00,5612,pin01_one_11-02_17-46-44
433,file,/umms-kdiba/Data/Output/collected_outputs/figures/_temp_individual_posteriors/2026-09-17/pin01_one_11-02_17-46-44/ripple/combined/multi/,p_x_given_n[573].png,2026-09-17 21:44:36+00:00,5613,pin01_one_11-02_17-46-44
434,file,/umms-kdiba/Data/Output/collected_outputs/figures/_temp_individual_posteriors/2026-09-17/pin01_one_11-02_17-46-44/ripple/combined/multi/,p_x_given_n[574].png,2026-09-17 21:44:36+00:00,8330,pin01_one_11-02_17-46-44
435,file,/umms-kdiba/Data/Output/collected_outputs/figures/_temp_individual_posteriors/2026-09-17/pin01_one_11-02_17-46-44/ripple/combined/multi/,p_x_given_n[576].png,2026-09-17 21:44:36+00:00,7098,pin01_one_11-02_17-46-44
436,file,/umms-kdiba/Data/Output/collected_outputs/figures/_temp_individual_posteriors/2026-09-17/pin01_one_11-02_17-46-44/ripple/combined/multi/,p_x_given_n[578].png,2026-09-17 21:44:36+00:00,3255,pin01_one_11-02_17-46-44
437,file,/umms-kdiba/Data/Output/collected_outputs/figures/_temp_individual_posteriors/2026-09-17/pin01_one_11-02_17-46-44/ripple/combined/multi/,p_x_given_n[579].png,2026-09-17 21:44:36+00:00,10090,pin01_one_11-02_17-46-44
438,file,/umms-kdiba/Data/Output/collected_outputs/figures/_temp_individual_posteriors/2026-09-17/pin01_one_11-02_17-46-44/ripple/combined/multi/,p_x_given_n[580].png,2026-09-17 21:44:36+00:00,5867,pin01_one_11-02_17-46-44
439,file,/umms-kdiba/Data/Output/collected_outputs/figures/_temp_individual_posteriors/2026-09-17/pin01_one_11-02_17-46-44/ripple/combined/multi/,p_x_given_n[581].png,2026-09-17 21:44:36+00:00,11145,pin01_one_11-02_17-46-44
440,file,/umms-kdiba/Data/Output/collected_outputs/figures/_temp_individual_posteriors/2026-09-17/pin01_one_11-02_17-46-44/ripple/combined/multi/,p_x_given_n[582].png,2026-09-17 21:44:36+00:00,12171,pin01_one_11-02_17-46-44
441,file,/umms-kdiba/Data/Output/collected_outputs/figures/_temp_individual_posteriors/2026-09-17/pin01_one_11-02_17-46-44/ripple/combined/multi/,p_x_given_n[583].png,2026-09-17 21:44:36+00:00,6604,pin01_one_11-02_17-46-44
442,file,/umms-kdiba/Data/Output/collected_outputs/figures/_temp_individual_posteriors/2026-09-17/pin01_one_11-02_17-46-44/ripple/combined/multi/,p_x_given_n[585].png,2026-09-17 21:44:36+00:00,2949,pin01_one_11-02_17-46-44
443,file,/umms-kdiba/Data/Output/collected_outputs/figures/_temp_individual_posteriors/2026-09-17/pin01_one_11-02_17-46-44/ripple/combined/multi/,p_x_given_n[586].png,2026-09-17 21:44:36+00:00,12097,pin01_one_11-02_17-46-44
444,file,/umms-kdiba/Data/Output/collected_outputs/figures/_temp_individual_posteriors/2026-09-17/pin01_one_11-02_17-46-44/ripple/combined/multi/,p_x_given_n[587].png,2026-09-17 21:44:36+00:00,5533,pin01_one_11-02_17-46-44
445,file,/umms-kdiba/Data/Output/collected_outputs/figures/_temp_individual_posteriors/2026-09-17/pin01_one_11-02_17-46-44/ripple/combined/multi/,p_x_given_n[588].png,2026-09-17 21:44:36+00:00,7408,pin01_one_11-02_17-46-44
446,file,/umms-kdiba/Data/Output/collected_outputs/figures/_temp_individual_posteriors/2026-09-17/pin01_one_11-02_17-46-44/ripple/combined/multi/,p_x_given_n[590].png,2026-09-17 21:44:36+00:00,11789,pin01_one_11-02_17-46-44
447,file,/umms-kdiba/Data/Output/collected_outputs/figures/_temp_individual_posteriors/2026-09-17/pin01_one_11-02_17-46-44/ripple/combined/multi/,p_x_given_n[593].png,2026-09-17 21:44:36+00:00,8597,pin01_one_11-02_17-46-44
448,file,/umms-kdiba/Data/Output/collected_outputs/figures/_temp_individual_posteriors/2026-09-17/pin01_one_11-02_17-46-44/ripple/combined/multi/,p_x_given_n[594].png,2026-09-17 21:44:36+00:00,5728,pin01_one_11-02_17-46-44
449,file,/umms-kdiba/Data/Output/collected_outputs/figures/_temp_individual_posteriors/2026-09-17/pin01_one_11-02_17-46-44/ripple/combined/multi/,p_x_given_n[596].png,2026-09-17 21:44:36+00:00,6729,pin01_one_11-02_17-46-44
450,file,/umms-kdiba/Data/Output/collected_outputs/figures/_temp_individual_posteriors/2026-09-17/pin01_one_11-02_17-46-44/ripple/combined/multi/,p_x_given_n[600].png,2026-09-17 21:44:36+00:00,2950,pin01_one_11-02_17-46-44
451,file,/umms-kdiba/Data/Output/collected_outputs/figures/_temp_individual_posteriors/2026-09-17/pin01_one_11-02_17-46-44/ripple/combined/multi/,p_x_given_n[601].png,2026-09-17 21:44:36+00:00,8167,pin01_one_11-02_17-46-44
452,file,/umms-kdiba/Data/Output/collected_outputs/figures/_temp_individual_posteriors/2026-09-17/pin01_one_11-02_17-46-44/ripple/combined/multi/,p_x_given_n[606].png,2026-09-17 21:44:36+00:00,5455,pin01_one_11-02_17-46-44
453,file,/umms-kdiba/Data/Output/collected_outputs/figures/_temp_individual_posteriors/2026-09-17/pin01_one_11-02_17-46-44/ripple/combined/multi/,p_x_given_n[608].png,2026-09-17 21:44:36+00:00,3889,pin01_one_11-02_17-46-44
454,file,/umms-kdiba/Data/Output/collected_outputs/figures/_temp_individual_posteriors/2026-09-17/pin01_one_11-02_17-46-44/ripple/combined/multi/,p_x_given_n[610].png,2026-09-17 21:44:36+00:00,12121,pin01_one_11-02_17-46-44
455,file,/umms-kdiba/Data/Output/collected_outputs/figures/_temp_individual_posteriors/2026-09-17/pin01_one_11-02_17-46-44/ripple/combined/multi/,p_x_given_n[613].png,2026-09-17 21:44:36+00:00,15128,pin01_one_11-02_17-46-44
456,file,/umms-kdiba/Data/Output/collected_outputs/figures/_temp_individual_posteriors/2026-09-17/pin01_one_11-02_17-46-44/ripple/combined/multi/,p_x_given_n[619].png,2026-09-17 21:44:36+00:00,12749,pin01_one_11-02_17-46-44
457,file,/umms-kdiba/Data/Output/collected_outputs/figures/_temp_individual_posteriors/2026-09-17/pin01_one_11-02_17-46-44/ripple/combined/multi/,p_x_given_n[620].png,2026-09-17 21:44:36+00:00,5961,pin01_one_11-02_17-46-44
458,file,/umms-kdiba/Data/Output/collected_outputs/figures/_temp_individual_posteriors/2026-09-17/pin01_one_11-02_17-46-44/ripple/combined/multi/,p_x_given_n[621].png,2026-09-17 21:44:36+00:00,9154,pin01_one_11-02_17-46-44
459,file,/umms-kdiba/Data/Output/collected_outputs/figures/_temp_individual_posteriors/2026-09-17/pin01_one_11-02_17-46-44/ripple/combined/multi/,p_x_given_n[623].png,2026-09-17 21:44:36+00:00,492,pin01_one_11-02_17-46-44
460,file,/umms-kdiba/Data/Output/collected_outputs/figures/_temp_individual_posteriors/2026-09-17/pin01_one_11-02_17-46-44/ripple/combined/multi/,p_x_given_n[624].png,2026-09-17 21:44:36+00:00,5471,pin01_one_11-02_17-46-44
461,file,/umms-kdiba/Data/Output/collected_outputs/figures/_temp_individual_posteriors/2026-09-17/pin01_one_11-02_17-46-44/ripple/combined/multi/,p_x_given_n[387].png,2026-09-17 21:44:35+00:00,12702,pin01_one_11-02_17-46-44
462,file,/umms-kdiba/Data/Output/collected_outputs/figures/_temp_individual_posteriors/2026-09-17/pin01_one_11-02_17-46-44/ripple/combined/multi/,p_x_given_n[390].png,2026-09-17 21:44:35+00:00,8338,pin01_one_11-02_17-46-44
463,file,/umms-kdiba/Data/Output/collected_outputs/figures/_temp_individual_posteriors/2026-09-17/pin01_one_11-02_17-46-44/ripple/combined/multi/,p_x_given_n[391].png,2026-09-17 21:44:35+00:00,12512,pin01_one_11-02_17-46-44
464,file,/umms-kdiba/Data/Output/collected_outputs/figures/_temp_individual_posteriors/2026-09-17/pin01_one_11-02_17-46-44/ripple/combined/multi/,p_x_given_n[393].png,2026-09-17 21:44:35+00:00,6758,pin01_one_11-02_17-46-44
465,file,/umms-kdiba/Data/Output/collected_outputs/figures/_temp_individual_posteriors/2026-09-17/pin01_one_11-02_17-46-44/ripple/combined/multi/,p_x_given_n[394].png,2026-09-17 21:44:35+00:00,3683,pin01_one_11-02_17-46-44
466,file,/umms-kdiba/Data/Output/collected_outputs/figures/_temp_individual_posteriors/2026-09-17/pin01_one_11-02_17-46-44/ripple/combined/multi/,p_x_given_n[395].png,2026-09-17 21:44:35+00:00,12231,pin01_one_11-02_17-46-44
467,file,/umms-kdiba/Data/Output/collected_outputs/figures/_temp_individual_posteriors/2026-09-17/pin01_one_11-02_17-46-44/ripple/combined/multi/,p_x_given_n[396].png,2026-09-17 21:44:35+00:00,8999,pin01_one_11-02_17-46-44
468,file,/umms-kdiba/Data/Output/collected_outputs/figures/_temp_individual_posteriors/2026-09-17/pin01_one_11-02_17-46-44/ripple/combined/multi/,p_x_given_n[401].png,2026-09-17 21:44:35+00:00,11161,pin01_one_11-02_17-46-44
469,file,/umms-kdiba/Data/Output/collected_outputs/figures/_temp_individual_posteriors/2026-09-17/pin01_one_11-02_17-46-44/ripple/combined/multi/,p_x_given_n[403].png,2026-09-17 21:44:35+00:00,12071,pin01_one_11-02_17-46-44
470,file,/umms-kdiba/Data/Output/collected_outputs/figures/_temp_individual_posteriors/2026-09-17/pin01_one_11-02_17-46-44/ripple/combined/multi/,p_x_given_n[405].png,2026-09-17 21:44:35+00:00,9531,pin01_one_11-02_17-46-44
471,file,/umms-kdiba/Data/Output/collected_outputs/figures/_temp_individual_posteriors/2026-09-17/pin01_one_11-02_17-46-44/ripple/combined/multi/,p_x_given_n[407].png,2026-09-17 21:44:35+00:00,8283,pin01_one_11-02_17-46-44
472,file,/umms-kdiba/Data/Output/collected_outputs/figures/_temp_individual_posteriors/2026-09-17/pin01_one_11-02_17-46-44/ripple/combined/multi/,p_x_given_n[408].png,2026-09-17 21:44:35+00:00,11732,pin01_one_11-02_17-46-44
473,file,/umms-kdiba/Data/Output/collected_outputs/figures/_temp_individual_posteriors/2026-09-17/pin01_one_11-02_17-46-44/ripple/combined/multi/,p_x_given_n[410].png,2026-09-17 21:44:35+00:00,2686,pin01_one_11-02_17-46-44
474,file,/umms-kdiba/Data/Output/collected_outputs/figures/_temp_individual_posteriors/2026-09-17/pin01_one_11-02_17-46-44/ripple/combined/multi/,p_x_given_n[411].png,2026-09-17 21:44:35+00:00,7916,pin01_one_11-02_17-46-44
475,file,/umms-kdiba/Data/Output/collected_outputs/figures/_temp_individual_posteriors/2026-09-17/pin01_one_11-02_17-46-44/ripple/combined/multi/,p_x_given_n[412].png,2026-09-17 21:44:35+00:00,11561,pin01_one_11-02_17-46-44
476,file,/umms-kdiba/Data/Output/collected_outputs/figures/_temp_individual_posteriors/2026-09-17/pin01_one_11-02_17-46-44/ripple/combined/multi/,p_x_given_n[413].png,2026-09-17 21:44:35+00:00,4561,pin01_one_11-02_17-46-44
477,file,/umms-kdiba/Data/Output/collected_outputs/figures/_temp_individual_posteriors/2026-09-17/pin01_one_11-02_17-46-44/ripple/combined/multi/,p_x_given_n[414].png,2026-09-17 21:44:35+00:00,8972,pin01_one_11-02_17-46-44
478,file,/umms-kdiba/Data/Output/collected_outputs/figures/_temp_individual_posteriors/2026-09-17/pin01_one_11-02_17-46-44/ripple/combined/multi/,p_x_given_n[415].png,2026-09-17 21:44:35+00:00,11442,pin01_one_11-02_17-46-44
479,file,/umms-kdiba/Data/Output/collected_outputs/figures/_temp_individual_posteriors/2026-09-17/pin01_one_11-02_17-46-44/ripple/combined/multi/,p_x_given_n[418].png,2026-09-17 21:44:35+00:00,10513,pin01_one_11-02_17-46-44
480,file,/umms-kdiba/Data/Output/collected_outputs/figures/_temp_individual_posteriors/2026-09-17/pin01_one_11-02_17-46-44/ripple/combined/multi/,p_x_given_n[426].png,2026-09-17 21:44:35+00:00,6308,pin01_one_11-02_17-46-44
481,file,/umms-kdiba/Data/Output/collected_outputs/figures/_temp_individual_posteriors/2026-09-17/pin01_one_11-02_17-46-44/ripple/combined/multi/,p_x_given_n[427].png,2026-09-17 21:44:35+00:00,7722,pin01_one_11-02_17-46-44
482,file,/umms-kdiba/Data/Output/collected_outputs/figures/_temp_individual_posteriors/2026-09-17/pin01_one_11-02_17-46-44/ripple/combined/multi/,p_x_given_n[429].png,2026-09-17 21:44:35+00:00,8526,pin01_one_11-02_17-46-44
483,file,/umms-kdiba/Data/Output/collected_outputs/figures/_temp_individual_posteriors/2026-09-17/pin01_one_11-02_17-46-44/ripple/combined/multi/,p_x_given_n[430].png,2026-09-17 21:44:35+00:00,2865,pin01_one_11-02_17-46-44
484,file,/umms-kdiba/Data/Output/collected_outputs/figures/_temp_individual_posteriors/2026-09-17/pin01_one_11-02_17-46-44/ripple/combined/multi/,p_x_given_n[431].png,2026-09-17 21:44:35+00:00,9253,pin01_one_11-02_17-46-44
485,file,/umms-kdiba/Data/Output/collected_outputs/figures/_temp_individual_posteriors/2026-09-17/pin01_one_11-02_17-46-44/ripple/combined/multi/,p_x_given_n[432].png,2026-09-17 21:44:35+00:00,8284,pin01_one_11-02_17-46-44
486,file,/umms-kdiba/Data/Output/collected_outputs/figures/_temp_individual_posteriors/2026-09-17/pin01_one_11-02_17-46-44/ripple/combined/multi/,p_x_given_n[433].png,2026-09-17 21:44:35+00:00,11389,pin01_one_11-02_17-46-44
487,file,/umms-kdiba/Data/Output/collected_outputs/figures/_temp_individual_posteriors/2026-09-17/pin01_one_11-02_17-46-44/ripple/combined/multi/,p_x_given_n[440].png,2026-09-17 21:44:35+00:00,11775,pin01_one_11-02_17-46-44
488,file,/umms-kdiba/Data/Output/collected_outputs/figures/_temp_individual_posteriors/2026-09-17/pin01_one_11-02_17-46-44/ripple/combined/multi/,p_x_given_n[443].png,2026-09-17 21:44:35+00:00,12842,pin01_one_11-02_17-46-44
489,file,/umms-kdiba/Data/Output/collected_outputs/figures/_temp_individual_posteriors/2026-09-17/pin01_one_11-02_17-46-44/ripple/combined/multi/,p_x_given_n[448].png,2026-09-17 21:44:35+00:00,10787,pin01_one_11-02_17-46-44
490,file,/umms-kdiba/Data/Output/collected_outputs/figures/_temp_individual_posteriors/2026-09-17/pin01_one_11-02_17-46-44/ripple/combined/multi/,p_x_given_n[452].png,2026-09-17 21:44:35+00:00,3381,pin01_one_11-02_17-46-44
491,file,/umms-kdiba/Data/Output/collected_outputs/figures/_temp_individual_posteriors/2026-09-17/pin01_one_11-02_17-46-44/ripple/combined/multi/,p_x_given_n[455].png,2026-09-17 21:44:35+00:00,7300,pin01_one_11-02_17-46-44
492,file,/umms-kdiba/Data/Output/collected_outputs/figures/_temp_individual_posteriors/2026-09-17/pin01_one_11-02_17-46-44/ripple/combined/multi/,p_x_given_n[456].png,2026-09-17 21:44:35+00:00,12904,pin01_one_11-02_17-46-44
493,file,/umms-kdiba/Data/Output/collected_outputs/figures/_temp_individual_posteriors/2026-09-17/pin01_one_11-02_17-46-44/ripple/combined/multi/,p_x_given_n[457].png,2026-09-17 21:44:35+00:00,13340,pin01_one_11-02_17-46-44
494,file,/umms-kdiba/Data/Output/collected_outputs/figures/_temp_individual_posteriors/2026-09-17/pin01_one_11-02_17-46-44/ripple/combined/multi/,p_x_given_n[459].png,2026-09-17 21:44:35+00:00,5734,pin01_one_11-02_17-46-44
495,file,/umms-kdiba/Data/Output/collected_outputs/figures/_temp_individual_posteriors/2026-09-17/pin01_one_11-02_17-46-44/ripple/combined/multi/,p_x_given_n[461].png,2026-09-17 21:44:35+00:00,9305,pin01_one_11-02_17-46-44
496,file,/umms-kdiba/Data/Output/collected_outputs/figures/_temp_individual_posteriors/2026-09-17/pin01_one_11-02_17-46-44/ripple/combined/multi/,p_x_given_n[462].png,2026-09-17 21:44:35+00:00,14381,pin01_one_11-02_17-46-44
497,file,/umms-kdiba/Data/Output/collected_outputs/figures/_temp_individual_posteriors/2026-09-17/pin01_one_11-02_17-46-44/ripple/combined/multi/,p_x_given_n[463].png,2026-09-17 21:44:35+00:00,6407,pin01_one_11-02_17-46-44
498,file,/umms-kdiba/Data/Output/collected_outputs/figures/_temp_individual_posteriors/2026-09-17/pin01_one_11-02_17-46-44/ripple/combined/multi/,p_x_given_n[464].png,2026-09-17 21:44:35+00:00,5918,pin01_one_11-02_17-46-44
499,file,/umms-kdiba/Data/Output/collected_outputs/figures/_temp_individual_posteriors/2026-09-17/pin01_one_11-02_17-46-44/ripple/combined/multi/,p_x_given_n[470].png,2026-09-17 21:44:35+00:00,9373,pin01_one_11-02_17-46-44
500,file,/umms-kdiba/Data/Output/collected_outputs/figures/_temp_individual_posteriors/2026-09-17/pin01_one_11-02_17-46-44/ripple/combined/multi/,p_x_given_n[472].png,2026-09-17 21:44:35+00:00,8268,pin01_one_11-02_17-46-44
501,file,/umms-kdiba/Data/Output/collected_outputs/figures/_temp_individual_posteriors/2026-09-17/pin01_one_11-02_17-46-44/ripple/combined/multi/,p_x_given_n[473].png,2026-09-17 21:44:35+00:00,9360,pin01_one_11-02_17-46-44
502,file,/umms-kdiba/Data/Output/collected_outputs/figures/_temp_individual_posteriors/2026-09-17/pin01_one_11-02_17-46-44/ripple/combined/multi/,p_x_given_n[474].png,2026-09-17 21:44:35+00:00,8078,pin01_one_11-02_17-46-44
503,file,/umms-kdiba/Data/Output/collected_outputs/figures/_temp_individual_posteriors/2026-09-17/pin01_one_11-02_17-46-44/ripple/combined/multi/,p_x_given_n[475].png,2026-09-17 21:44:35+00:00,12411,pin01_one_11-02_17-46-44
504,file,/umms-kdiba/Data/Output/collected_outputs/figures/_temp_individual_posteriors/2026-09-17/pin01_one_11-02_17-46-44/ripple/combined/multi/,p_x_given_n[478].png,2026-09-17 21:44:35+00:00,11033,pin01_one_11-02_17-46-44
505,file,/umms-kdiba/Data/Output/collected_outputs/figures/_temp_individual_posteriors/2026-09-17/pin01_one_11-02_17-46-44/ripple/combined/multi/,p_x_given_n[480].png,2026-09-17 21:44:35+00:00,3686,pin01_one_11-02_17-46-44
506,file,/umms-kdiba/Data/Output/collected_outputs/figures/_temp_individual_posteriors/2026-09-17/pin01_one_11-02_17-46-44/ripple/combined/multi/,p_x_given_n[484].png,2026-09-17 21:44:35+00:00,11856,pin01_one_11-02_17-46-44
507,file,/umms-kdiba/Data/Output/collected_outputs/figures/_temp_individual_posteriors/2026-09-17/pin01_one_11-02_17-46-44/ripple/combined/multi/,p_x_given_n[485].png,2026-09-17 21:44:35+00:00,9983,pin01_one_11-02_17-46-44
508,file,/umms-kdiba/Data/Output/collected_outputs/figures/_temp_individual_posteriors/2026-09-17/pin01_one_11-02_17-46-44/ripple/combined/multi/,p_x_given_n[488].png,2026-09-17 21:44:35+00:00,9846,pin01_one_11-02_17-46-44
509,file,/umms-kdiba/Data/Output/collected_outputs/figures/_temp_individual_posteriors/2026-09-17/pin01_one_11-02_17-46-44/ripple/combined/multi/,p_x_given_n[489].png,2026-09-17 21:44:35+00:00,14689,pin01_one_11-02_17-46-44
510,file,/umms-kdiba/Data/Output/collected_outputs/figures/_temp_individual_posteriors/2026-09-17/pin01_one_11-02_17-46-44/ripple/combined/multi/,p_x_given_n[491].png,2026-09-17 21:44:35+00:00,12487,pin01_one_11-02_17-46-44
511,file,/umms-kdiba/Data/Output/collected_outputs/figures/_temp_individual_posteriors/2026-09-17/pin01_one_11-02_17-46-44/ripple/combined/multi/,p_x_given_n[493].png,2026-09-17 21:44:35+00:00,4759,pin01_one_11-02_17-46-44
512,file,/umms-kdiba/Data/Output/collected_outputs/figures/_temp_individual_posteriors/2026-09-17/pin01_one_11-02_17-46-44/ripple/combined/multi/,p_x_given_n[494].png,2026-09-17 21:44:35+00:00,12410,pin01_one_11-02_17-46-44
513,file,/umms-kdiba/Data/Output/collected_outputs/figures/_temp_individual_posteriors/2026-09-17/pin01_one_11-02_17-46-44/ripple/combined/multi/,p_x_given_n[498].png,2026-09-17 21:44:35+00:00,12671,pin01_one_11-02_17-46-44
514,file,/umms-kdiba/Data/Output/collected_outputs/figures/_temp_individual_posteriors/2026-09-17/pin01_one_11-02_17-46-44/ripple/combined/multi/,p_x_given_n[499].png,2026-09-17 21:44:35+00:00,7912,pin01_one_11-02_17-46-44
515,file,/umms-kdiba/Data/Output/collected_outputs/figures/_temp_individual_posteriors/2026-09-17/pin01_one_11-02_17-46-44/ripple/combined/multi/,p_x_given_n[500].png,2026-09-17 21:44:35+00:00,2697,pin01_one_11-02_17-46-44
516,file,/umms-kdiba/Data/Output/collected_outputs/figures/_temp_individual_posteriors/2026-09-17/pin01_one_11-02_17-46-44/ripple/combined/multi/,p_x_given_n[502].png,2026-09-17 21:44:35+00:00,8803,pin01_one_11-02_17-46-44
517,file,/umms-kdiba/Data/Output/collected_outputs/figures/_temp_individual_posteriors/2026-09-17/pin01_one_11-02_17-46-44/ripple/combined/multi/,p_x_given_n[504].png,2026-09-17 21:44:35+00:00,9924,pin01_one_11-02_17-46-44
518,file,/umms-kdiba/Data/Output/collected_outputs/figures/_temp_individual_posteriors/2026-09-17/pin01_one_11-02_17-46-44/ripple/combined/multi/,p_x_given_n[505].png,2026-09-17 21:44:35+00:00,5085,pin01_one_11-02_17-46-44
519,file,/umms-kdiba/Data/Output/collected_outputs/figures/_temp_individual_posteriors/2026-09-17/pin01_one_11-02_17-46-44/ripple/combined/multi/,p_x_given_n[506].png,2026-09-17 21:44:35+00:00,5196,pin01_one_11-02_17-46-44
520,file,/umms-kdiba/Data/Output/collected_outputs/figures/_temp_individual_posteriors/2026-09-17/pin01_one_11-02_17-46-44/ripple/combined/multi/,p_x_given_n[507].png,2026-09-17 21:44:35+00:00,12089,pin01_one_11-02_17-46-44
521,file,/umms-kdiba/Data/Output/collected_outputs/figures/_temp_individual_posteriors/2026-09-17/pin01_one_11-02_17-46-44/ripple/combined/multi/,p_x_given_n[508].png,2026-09-17 21:44:35+00:00,3618,pin01_one_11-02_17-46-44
522,file,/umms-kdiba/Data/Output/collected_outputs/figures/_temp_individual_posteriors/2026-09-17/pin01_one_11-02_17-46-44/ripple/combined/multi/,p_x_given_n[509].png,2026-09-17 21:44:35+00:00,8423,pin01_one_11-02_17-46-44
523,file,/umms-kdiba/Data/Output/collected_outputs/figures/_temp_individual_posteriors/2026-09-17/pin01_one_11-02_17-46-44/ripple/combined/multi/,p_x_given_n[510].png,2026-09-17 21:44:35+00:00,12077,pin01_one_11-02_17-46-44
524,file,/umms-kdiba/Data/Output/collected_outputs/figures/_temp_individual_posteriors/2026-09-17/pin01_one_11-02_17-46-44/ripple/combined/multi/,p_x_given_n[513].png,2026-09-17 21:44:35+00:00,9706,pin01_one_11-02_17-46-44
525,file,/umms-kdiba/Data/Output/collected_outputs/figures/_temp_individual_posteriors/2026-09-17/pin01_one_11-02_17-46-44/ripple/combined/multi/,p_x_given_n[516].png,2026-09-17 21:44:35+00:00,8926,pin01_one_11-02_17-46-44
526,file,/umms-kdiba/Data/Output/collected_outputs/figures/_temp_individual_posteriors/2026-09-17/pin01_one_11-02_17-46-44/ripple/combined/multi/,p_x_given_n[517].png,2026-09-17 21:44:35+00:00,5398,pin01_one_11-02_17-46-44
527,file,/umms-kdiba/Data/Output/collected_outputs/figures/_temp_individual_posteriors/2026-09-17/pin01_one_11-02_17-46-44/ripple/combined/multi/,p_x_given_n[222].png,2026-09-17 21:44:34+00:00,12217,pin01_one_11-02_17-46-44
528,file,/umms-kdiba/Data/Output/collected_outputs/figures/_temp_individual_posteriors/2026-09-17/pin01_one_11-02_17-46-44/ripple/combined/multi/,p_x_given_n[223].png,2026-09-17 21:44:34+00:00,12463,pin01_one_11-02_17-46-44
529,file,/umms-kdiba/Data/Output/collected_outputs/figures/_temp_individual_posteriors/2026-09-17/pin01_one_11-02_17-46-44/ripple/combined/multi/,p_x_given_n[224].png,2026-09-17 21:44:34+00:00,11386,pin01_one_11-02_17-46-44
530,file,/umms-kdiba/Data/Output/collected_outputs/figures/_temp_individual_posteriors/2026-09-17/pin01_one_11-02_17-46-44/ripple/combined/multi/,p_x_given_n[228].png,2026-09-17 21:44:34+00:00,3074,pin01_one_11-02_17-46-44
531,file,/umms-kdiba/Data/Output/collected_outputs/figures/_temp_individual_posteriors/2026-09-17/pin01_one_11-02_17-46-44/ripple/combined/multi/,p_x_given_n[230].png,2026-09-17 21:44:34+00:00,10971,pin01_one_11-02_17-46-44
532,file,/umms-kdiba/Data/Output/collected_outputs/figures/_temp_individual_posteriors/2026-09-17/pin01_one_11-02_17-46-44/ripple/combined/multi/,p_x_given_n[231].png,2026-09-17 21:44:34+00:00,5463,pin01_one_11-02_17-46-44
533,file,/umms-kdiba/Data/Output/collected_outputs/figures/_temp_individual_posteriors/2026-09-17/pin01_one_11-02_17-46-44/ripple/combined/multi/,p_x_given_n[234].png,2026-09-17 21:44:34+00:00,7567,pin01_one_11-02_17-46-44
534,file,/umms-kdiba/Data/Output/collected_outputs/figures/_temp_individual_posteriors/2026-09-17/pin01_one_11-02_17-46-44/ripple/combined/multi/,p_x_given_n[241].png,2026-09-17 21:44:34+00:00,12341,pin01_one_11-02_17-46-44
535,file,/umms-kdiba/Data/Output/collected_outputs/figures/_temp_individual_posteriors/2026-09-17/pin01_one_11-02_17-46-44/ripple/combined/multi/,p_x_given_n[242].png,2026-09-17 21:44:34+00:00,11375,pin01_one_11-02_17-46-44
536,file,/umms-kdiba/Data/Output/collected_outputs/figures/_temp_individual_posteriors/2026-09-17/pin01_one_11-02_17-46-44/ripple/combined/multi/,p_x_given_n[248].png,2026-09-17 21:44:34+00:00,6029,pin01_one_11-02_17-46-44
537,file,/umms-kdiba/Data/Output/collected_outputs/figures/_temp_individual_posteriors/2026-09-17/pin01_one_11-02_17-46-44/ripple/combined/multi/,p_x_given_n[253].png,2026-09-17 21:44:34+00:00,6189,pin01_one_11-02_17-46-44
538,file,/umms-kdiba/Data/Output/collected_outputs/figures/_temp_individual_posteriors/2026-09-17/pin01_one_11-02_17-46-44/ripple/combined/multi/,p_x_given_n[258].png,2026-09-17 21:44:34+00:00,12390,pin01_one_11-02_17-46-44
539,file,/umms-kdiba/Data/Output/collected_outputs/figures/_temp_individual_posteriors/2026-09-17/pin01_one_11-02_17-46-44/ripple/combined/multi/,p_x_given_n[259].png,2026-09-17 21:44:34+00:00,9953,pin01_one_11-02_17-46-44
540,file,/umms-kdiba/Data/Output/collected_outputs/figures/_temp_individual_posteriors/2026-09-17/pin01_one_11-02_17-46-44/ripple/combined/multi/,p_x_given_n[265].png,2026-09-17 21:44:34+00:00,7605,pin01_one_11-02_17-46-44
541,file,/umms-kdiba/Data/Output/collected_outputs/figures/_temp_individual_posteriors/2026-09-17/pin01_one_11-02_17-46-44/ripple/combined/multi/,p_x_given_n[269].png,2026-09-17 21:44:34+00:00,5439,pin01_one_11-02_17-46-44
542,file,/umms-kdiba/Data/Output/collected_outputs/figures/_temp_individual_posteriors/2026-09-17/pin01_one_11-02_17-46-44/ripple/combined/multi/,p_x_given_n[276].png,2026-09-17 21:44:34+00:00,12028,pin01_one_11-02_17-46-44
543,file,/umms-kdiba/Data/Output/collected_outputs/figures/_temp_individual_posteriors/2026-09-17/pin01_one_11-02_17-46-44/ripple/combined/multi/,p_x_given_n[280].png,2026-09-17 21:44:34+00:00,3127,pin01_one_11-02_17-46-44
544,file,/umms-kdiba/Data/Output/collected_outputs/figures/_temp_individual_posteriors/2026-09-17/pin01_one_11-02_17-46-44/ripple/combined/multi/,p_x_given_n[282].png,2026-09-17 21:44:34+00:00,10227,pin01_one_11-02_17-46-44
545,file,/umms-kdiba/Data/Output/collected_outputs/figures/_temp_individual_posteriors/2026-09-17/pin01_one_11-02_17-46-44/ripple/combined/multi/,p_x_given_n[284].png,2026-09-17 21:44:34+00:00,2626,pin01_one_11-02_17-46-44
546,file,/umms-kdiba/Data/Output/collected_outputs/figures/_temp_individual_posteriors/2026-09-17/pin01_one_11-02_17-46-44/ripple/combined/multi/,p_x_given_n[285].png,2026-09-17 21:44:34+00:00,5226,pin01_one_11-02_17-46-44
547,file,/umms-kdiba/Data/Output/collected_outputs/figures/_temp_individual_posteriors/2026-09-17/pin01_one_11-02_17-46-44/ripple/combined/multi/,p_x_given_n[286].png,2026-09-17 21:44:34+00:00,12869,pin01_one_11-02_17-46-44
548,file,/umms-kdiba/Data/Output/collected_outputs/figures/_temp_individual_posteriors/2026-09-17/pin01_one_11-02_17-46-44/ripple/combined/multi/,p_x_given_n[289].png,2026-09-17 21:44:34+00:00,3917,pin01_one_11-02_17-46-44
549,file,/umms-kdiba/Data/Output/collected_outputs/figures/_temp_individual_posteriors/2026-09-17/pin01_one_11-02_17-46-44/ripple/combined/multi/,p_x_given_n[290].png,2026-09-17 21:44:34+00:00,14164,pin01_one_11-02_17-46-44
550,file,/umms-kdiba/Data/Output/collected_outputs/figures/_temp_individual_posteriors/2026-09-17/pin01_one_11-02_17-46-44/ripple/combined/multi/,p_x_given_n[294].png,2026-09-17 21:44:34+00:00,12330,pin01_one_11-02_17-46-44
551,file,/umms-kdiba/Data/Output/collected_outputs/figures/_temp_individual_posteriors/2026-09-17/pin01_one_11-02_17-46-44/ripple/combined/multi/,p_x_given_n[297].png,2026-09-17 21:44:34+00:00,3500,pin01_one_11-02_17-46-44
552,file,/umms-kdiba/Data/Output/collected_outputs/figures/_temp_individual_posteriors/2026-09-17/pin01_one_11-02_17-46-44/ripple/combined/multi/,p_x_given_n[302].png,2026-09-17 21:44:34+00:00,13462,pin01_one_11-02_17-46-44
553,file,/umms-kdiba/Data/Output/collected_outputs/figures/_temp_individual_posteriors/2026-09-17/pin01_one_11-02_17-46-44/ripple/combined/multi/,p_x_given_n[303].png,2026-09-17 21:44:34+00:00,5533,pin01_one_11-02_17-46-44
554,file,/umms-kdiba/Data/Output/collected_outputs/figures/_temp_individual_posteriors/2026-09-17/pin01_one_11-02_17-46-44/ripple/combined/multi/,p_x_given_n[304].png,2026-09-17 21:44:34+00:00,11341,pin01_one_11-02_17-46-44
555,file,/umms-kdiba/Data/Output/collected_outputs/figures/_temp_individual_posteriors/2026-09-17/pin01_one_11-02_17-46-44/ripple/combined/multi/,p_x_given_n[308].png,2026-09-17 21:44:34+00:00,9467,pin01_one_11-02_17-46-44
556,file,/umms-kdiba/Data/Output/collected_outputs/figures/_temp_individual_posteriors/2026-09-17/pin01_one_11-02_17-46-44/ripple/combined/multi/,p_x_given_n[312].png,2026-09-17 21:44:34+00:00,9310,pin01_one_11-02_17-46-44
557,file,/umms-kdiba/Data/Output/collected_outputs/figures/_temp_individual_posteriors/2026-09-17/pin01_one_11-02_17-46-44/ripple/combined/multi/,p_x_given_n[313].png,2026-09-17 21:44:34+00:00,8557,pin01_one_11-02_17-46-44
558,file,/umms-kdiba/Data/Output/collected_outputs/figures/_temp_individual_posteriors/2026-09-17/pin01_one_11-02_17-46-44/ripple/combined/multi/,p_x_given_n[314].png,2026-09-17 21:44:34+00:00,12217,pin01_one_11-02_17-46-44
559,file,/umms-kdiba/Data/Output/collected_outputs/figures/_temp_individual_posteriors/2026-09-17/pin01_one_11-02_17-46-44/ripple/combined/multi/,p_x_given_n[316].png,2026-09-17 21:44:34+00:00,11994,pin01_one_11-02_17-46-44
560,file,/umms-kdiba/Data/Output/collected_outputs/figures/_temp_individual_posteriors/2026-09-17/pin01_one_11-02_17-46-44/ripple/combined/multi/,p_x_given_n[317].png,2026-09-17 21:44:34+00:00,2292,pin01_one_11-02_17-46-44
561,file,/umms-kdiba/Data/Output/collected_outputs/figures/_temp_individual_posteriors/2026-09-17/pin01_one_11-02_17-46-44/ripple/combined/multi/,p_x_given_n[318].png,2026-09-17 21:44:34+00:00,12298,pin01_one_11-02_17-46-44
562,file,/umms-kdiba/Data/Output/collected_outputs/figures/_temp_individual_posteriors/2026-09-17/pin01_one_11-02_17-46-44/ripple/combined/multi/,p_x_given_n[319].png,2026-09-17 21:44:34+00:00,10695,pin01_one_11-02_17-46-44
563,file,/umms-kdiba/Data/Output/collected_outputs/figures/_temp_individual_posteriors/2026-09-17/pin01_one_11-02_17-46-44/ripple/combined/multi/,p_x_given_n[324].png,2026-09-17 21:44:34+00:00,10387,pin01_one_11-02_17-46-44
564,file,/umms-kdiba/Data/Output/collected_outputs/figures/_temp_individual_posteriors/2026-09-17/pin01_one_11-02_17-46-44/ripple/combined/multi/,p_x_given_n[327].png,2026-09-17 21:44:34+00:00,10353,pin01_one_11-02_17-46-44
565,file,/umms-kdiba/Data/Output/collected_outputs/figures/_temp_individual_posteriors/2026-09-17/pin01_one_11-02_17-46-44/ripple/combined/multi/,p_x_given_n[329].png,2026-09-17 21:44:34+00:00,7697,pin01_one_11-02_17-46-44
566,file,/umms-kdiba/Data/Output/collected_outputs/figures/_temp_individual_posteriors/2026-09-17/pin01_one_11-02_17-46-44/ripple/combined/multi/,p_x_given_n[330].png,2026-09-17 21:44:34+00:00,5390,pin01_one_11-02_17-46-44
567,file,/umms-kdiba/Data/Output/collected_outputs/figures/_temp_individual_posteriors/2026-09-17/pin01_one_11-02_17-46-44/ripple/combined/multi/,p_x_given_n[331].png,2026-09-17 21:44:34+00:00,7324,pin01_one_11-02_17-46-44
568,file,/umms-kdiba/Data/Output/collected_outputs/figures/_temp_individual_posteriors/2026-09-17/pin01_one_11-02_17-46-44/ripple/combined/multi/,p_x_given_n[332].png,2026-09-17 21:44:34+00:00,10707,pin01_one_11-02_17-46-44
569,file,/umms-kdiba/Data/Output/collected_outputs/figures/_temp_individual_posteriors/2026-09-17/pin01_one_11-02_17-46-44/ripple/combined/multi/,p_x_given_n[336].png,2026-09-17 21:44:34+00:00,8233,pin01_one_11-02_17-46-44
570,file,/umms-kdiba/Data/Output/collected_outputs/figures/_temp_individual_posteriors/2026-09-17/pin01_one_11-02_17-46-44/ripple/combined/multi/,p_x_given_n[338].png,2026-09-17 21:44:34+00:00,5941,pin01_one_11-02_17-46-44
571,file,/umms-kdiba/Data/Output/collected_outputs/figures/_temp_individual_posteriors/2026-09-17/pin01_one_11-02_17-46-44/ripple/combined/multi/,p_x_given_n[340].png,2026-09-17 21:44:34+00:00,10716,pin01_one_11-02_17-46-44
572,file,/umms-kdiba/Data/Output/collected_outputs/figures/_temp_individual_posteriors/2026-09-17/pin01_one_11-02_17-46-44/ripple/combined/multi/,p_x_given_n[344].png,2026-09-17 21:44:34+00:00,3043,pin01_one_11-02_17-46-44
573,file,/umms-kdiba/Data/Output/collected_outputs/figures/_temp_individual_posteriors/2026-09-17/pin01_one_11-02_17-46-44/ripple/combined/multi/,p_x_given_n[345].png,2026-09-17 21:44:34+00:00,829,pin01_one_11-02_17-46-44
574,file,/umms-kdiba/Data/Output/collected_outputs/figures/_temp_individual_posteriors/2026-09-17/pin01_one_11-02_17-46-44/ripple/combined/multi/,p_x_given_n[350].png,2026-09-17 21:44:34+00:00,9377,pin01_one_11-02_17-46-44
575,file,/umms-kdiba/Data/Output/collected_outputs/figures/_temp_individual_posteriors/2026-09-17/pin01_one_11-02_17-46-44/ripple/combined/multi/,p_x_given_n[356].png,2026-09-17 21:44:34+00:00,12438,pin01_one_11-02_17-46-44
576,file,/umms-kdiba/Data/Output/collected_outputs/figures/_temp_individual_posteriors/2026-09-17/pin01_one_11-02_17-46-44/ripple/combined/multi/,p_x_given_n[358].png,2026-09-17 21:44:34+00:00,10116,pin01_one_11-02_17-46-44
577,file,/umms-kdiba/Data/Output/collected_outputs/figures/_temp_individual_posteriors/2026-09-17/pin01_one_11-02_17-46-44/ripple/combined/multi/,p_x_given_n[359].png,2026-09-17 21:44:34+00:00,15512,pin01_one_11-02_17-46-44
578,file,/umms-kdiba/Data/Output/collected_outputs/figures/_temp_individual_posteriors/2026-09-17/pin01_one_11-02_17-46-44/ripple/combined/multi/,p_x_given_n[363].png,2026-09-17 21:44:34+00:00,12862,pin01_one_11-02_17-46-44
579,file,/umms-kdiba/Data/Output/collected_outputs/figures/_temp_individual_posteriors/2026-09-17/pin01_one_11-02_17-46-44/ripple/combined/multi/,p_x_given_n[364].png,2026-09-17 21:44:34+00:00,10834,pin01_one_11-02_17-46-44
580,file,/umms-kdiba/Data/Output/collected_outputs/figures/_temp_individual_posteriors/2026-09-17/pin01_one_11-02_17-46-44/ripple/combined/multi/,p_x_given_n[365].png,2026-09-17 21:44:34+00:00,13419,pin01_one_11-02_17-46-44
581,file,/umms-kdiba/Data/Output/collected_outputs/figures/_temp_individual_posteriors/2026-09-17/pin01_one_11-02_17-46-44/ripple/combined/multi/,p_x_given_n[367].png,2026-09-17 21:44:34+00:00,16473,pin01_one_11-02_17-46-44
582,file,/umms-kdiba/Data/Output/collected_outputs/figures/_temp_individual_posteriors/2026-09-17/pin01_one_11-02_17-46-44/ripple/combined/multi/,p_x_given_n[368].png,2026-09-17 21:44:34+00:00,12212,pin01_one_11-02_17-46-44
583,file,/umms-kdiba/Data/Output/collected_outputs/figures/_temp_individual_posteriors/2026-09-17/pin01_one_11-02_17-46-44/ripple/combined/multi/,p_x_given_n[369].png,2026-09-17 21:44:34+00:00,10103,pin01_one_11-02_17-46-44
584,file,/umms-kdiba/Data/Output/collected_outputs/figures/_temp_individual_posteriors/2026-09-17/pin01_one_11-02_17-46-44/ripple/combined/multi/,p_x_given_n[371].png,2026-09-17 21:44:34+00:00,6770,pin01_one_11-02_17-46-44
585,file,/umms-kdiba/Data/Output/collected_outputs/figures/_temp_individual_posteriors/2026-09-17/pin01_one_11-02_17-46-44/ripple/combined/multi/,p_x_given_n[374].png,2026-09-17 21:44:34+00:00,4657,pin01_one_11-02_17-46-44
586,file,/umms-kdiba/Data/Output/collected_outputs/figures/_temp_individual_posteriors/2026-09-17/pin01_one_11-02_17-46-44/ripple/combined/multi/,p_x_given_n[378].png,2026-09-17 21:44:34+00:00,16169,pin01_one_11-02_17-46-44
587,file,/umms-kdiba/Data/Output/collected_outputs/figures/_temp_individual_posteriors/2026-09-17/pin01_one_11-02_17-46-44/ripple/combined/multi/,p_x_given_n[379].png,2026-09-17 21:44:34+00:00,12699,pin01_one_11-02_17-46-44
588,file,/umms-kdiba/Data/Output/collected_outputs/figures/_temp_individual_posteriors/2026-09-17/pin01_one_11-02_17-46-44/ripple/combined/multi/,p_x_given_n[383].png,2026-09-17 21:44:34+00:00,14088,pin01_one_11-02_17-46-44
589,file,/umms-kdiba/Data/Output/collected_outputs/figures/_temp_individual_posteriors/2026-09-17/pin01_one_11-02_17-46-44/ripple/combined/multi/,p_x_given_n[385].png,2026-09-17 21:44:34+00:00,7984,pin01_one_11-02_17-46-44
590,file,/umms-kdiba/Data/Output/collected_outputs/figures/_temp_individual_posteriors/2026-09-17/pin01_one_11-02_17-46-44/ripple/combined/multi/,p_x_given_n[017].png,2026-09-17 21:44:33+00:00,13384,pin01_one_11-02_17-46-44
591,file,/umms-kdiba/Data/Output/collected_outputs/figures/_temp_individual_posteriors/2026-09-17/pin01_one_11-02_17-46-44/ripple/combined/multi/,p_x_given_n[019].png,2026-09-17 21:44:33+00:00,8120,pin01_one_11-02_17-46-44
592,file,/umms-kdiba/Data/Output/collected_outputs/figures/_temp_individual_posteriors/2026-09-17/pin01_one_11-02_17-46-44/ripple/combined/multi/,p_x_given_n[024].png,2026-09-17 21:44:33+00:00,12166,pin01_one_11-02_17-46-44
593,file,/umms-kdiba/Data/Output/collected_outputs/figures/_temp_individual_posteriors/2026-09-17/pin01_one_11-02_17-46-44/ripple/combined/multi/,p_x_given_n[025].png,2026-09-17 21:44:33+00:00,14489,pin01_one_11-02_17-46-44
594,file,/umms-kdiba/Data/Output/collected_outputs/figures/_temp_individual_posteriors/2026-09-17/pin01_one_11-02_17-46-44/ripple/combined/multi/,p_x_given_n[031].png,2026-09-17 21:44:33+00:00,9843,pin01_one_11-02_17-46-44
595,file,/umms-kdiba/Data/Output/collected_outputs/figures/_temp_individual_posteriors/2026-09-17/pin01_one_11-02_17-46-44/ripple/combined/multi/,p_x_given_n[033].png,2026-09-17 21:44:33+00:00,15478,pin01_one_11-02_17-46-44
596,file,/umms-kdiba/Data/Output/collected_outputs/figures/_temp_individual_posteriors/2026-09-17/pin01_one_11-02_17-46-44/ripple/combined/multi/,p_x_given_n[034].png,2026-09-17 21:44:33+00:00,10217,pin01_one_11-02_17-46-44
597,file,/umms-kdiba/Data/Output/collected_outputs/figures/_temp_individual_posteriors/2026-09-17/pin01_one_11-02_17-46-44/ripple/combined/multi/,p_x_given_n[035].png,2026-09-17 21:44:33+00:00,14022,pin01_one_11-02_17-46-44
598,file,/umms-kdiba/Data/Output/collected_outputs/figures/_temp_individual_posteriors/2026-09-17/pin01_one_11-02_17-46-44/ripple/combined/multi/,p_x_given_n[038].png,2026-09-17 21:44:33+00:00,7381,pin01_one_11-02_17-46-44
599,file,/umms-kdiba/Data/Output/collected_outputs/figures/_temp_individual_posteriors/2026-09-17/pin01_one_11-02_17-46-44/ripple/combined/multi/,p_x_given_n[041].png,2026-09-17 21:44:33+00:00,12669,pin01_one_11-02_17-46-44
600,file,/umms-kdiba/Data/Output/collected_outputs/figures/_temp_individual_posteriors/2026-09-17/pin01_one_11-02_17-46-44/ripple/combined/multi/,p_x_given_n[043].png,2026-09-17 21:44:33+00:00,12843,pin01_one_11-02_17-46-44
601,file,/umms-kdiba/Data/Output/collected_outputs/figures/_temp_individual_posteriors/2026-09-17/pin01_one_11-02_17-46-44/ripple/combined/multi/,p_x_given_n[052].png,2026-09-17 21:44:33+00:00,13563,pin01_one_11-02_17-46-44
602,file,/umms-kdiba/Data/Output/collected_outputs/figures/_temp_individual_posteriors/2026-09-17/pin01_one_11-02_17-46-44/ripple/combined/multi/,p_x_given_n[060].png,2026-09-17 21:44:33+00:00,9094,pin01_one_11-02_17-46-44
603,file,/umms-kdiba/Data/Output/collected_outputs/figures/_temp_individual_posteriors/2026-09-17/pin01_one_11-02_17-46-44/ripple/combined/multi/,p_x_given_n[061].png,2026-09-17 21:44:33+00:00,11407,pin01_one_11-02_17-46-44
604,file,/umms-kdiba/Data/Output/collected_outputs/figures/_temp_individual_posteriors/2026-09-17/pin01_one_11-02_17-46-44/ripple/combined/multi/,p_x_given_n[065].png,2026-09-17 21:44:33+00:00,5776,pin01_one_11-02_17-46-44
605,file,/umms-kdiba/Data/Output/collected_outputs/figures/_temp_individual_posteriors/2026-09-17/pin01_one_11-02_17-46-44/ripple/combined/multi/,p_x_given_n[069].png,2026-09-17 21:44:33+00:00,6756,pin01_one_11-02_17-46-44
606,file,/umms-kdiba/Data/Output/collected_outputs/figures/_temp_individual_posteriors/2026-09-17/pin01_one_11-02_17-46-44/ripple/combined/multi/,p_x_given_n[070].png,2026-09-17 21:44:33+00:00,5815,pin01_one_11-02_17-46-44
607,file,/umms-kdiba/Data/Output/collected_outputs/figures/_temp_individual_posteriors/2026-09-17/pin01_one_11-02_17-46-44/ripple/combined/multi/,p_x_given_n[071].png,2026-09-17 21:44:33+00:00,4824,pin01_one_11-02_17-46-44
608,file,/umms-kdiba/Data/Output/collected_outputs/figures/_temp_individual_posteriors/2026-09-17/pin01_one_11-02_17-46-44/ripple/combined/multi/,p_x_given_n[078].png,2026-09-17 21:44:33+00:00,2850,pin01_one_11-02_17-46-44
609,file,/umms-kdiba/Data/Output/collected_outputs/figures/_temp_individual_posteriors/2026-09-17/pin01_one_11-02_17-46-44/ripple/combined/multi/,p_x_given_n[080].png,2026-09-17 21:44:33+00:00,3046,pin01_one_11-02_17-46-44
610,file,/umms-kdiba/Data/Output/collected_outputs/figures/_temp_individual_posteriors/2026-09-17/pin01_one_11-02_17-46-44/ripple/combined/multi/,p_x_given_n[081].png,2026-09-17 21:44:33+00:00,4223,pin01_one_11-02_17-46-44
611,file,/umms-kdiba/Data/Output/collected_outputs/figures/_temp_individual_posteriors/2026-09-17/pin01_one_11-02_17-46-44/ripple/combined/multi/,p_x_given_n[082].png,2026-09-17 21:44:33+00:00,14205,pin01_one_11-02_17-46-44
612,file,/umms-kdiba/Data/Output/collected_outputs/figures/_temp_individual_posteriors/2026-09-17/pin01_one_11-02_17-46-44/ripple/combined/multi/,p_x_given_n[083].png,2026-09-17 21:44:33+00:00,3512,pin01_one_11-02_17-46-44
613,file,/umms-kdiba/Data/Output/collected_outputs/figures/_temp_individual_posteriors/2026-09-17/pin01_one_11-02_17-46-44/ripple/combined/multi/,p_x_given_n[084].png,2026-09-17 21:44:33+00:00,10999,pin01_one_11-02_17-46-44
614,file,/umms-kdiba/Data/Output/collected_outputs/figures/_temp_individual_posteriors/2026-09-17/pin01_one_11-02_17-46-44/ripple/combined/multi/,p_x_given_n[085].png,2026-09-17 21:44:33+00:00,5538,pin01_one_11-02_17-46-44
615,file,/umms-kdiba/Data/Output/collected_outputs/figures/_temp_individual_posteriors/2026-09-17/pin01_one_11-02_17-46-44/ripple/combined/multi/,p_x_given_n[087].png,2026-09-17 21:44:33+00:00,5446,pin01_one_11-02_17-46-44
616,file,/umms-kdiba/Data/Output/collected_outputs/figures/_temp_individual_posteriors/2026-09-17/pin01_one_11-02_17-46-44/ripple/combined/multi/,p_x_given_n[095].png,2026-09-17 21:44:33+00:00,6307,pin01_one_11-02_17-46-44
617,file,/umms-kdiba/Data/Output/collected_outputs/figures/_temp_individual_posteriors/2026-09-17/pin01_one_11-02_17-46-44/ripple/combined/multi/,p_x_given_n[100].png,2026-09-17 21:44:33+00:00,8947,pin01_one_11-02_17-46-44
618,file,/umms-kdiba/Data/Output/collected_outputs/figures/_temp_individual_posteriors/2026-09-17/pin01_one_11-02_17-46-44/ripple/combined/multi/,p_x_given_n[102].png,2026-09-17 21:44:33+00:00,9602,pin01_one_11-02_17-46-44
619,file,/umms-kdiba/Data/Output/collected_outputs/figures/_temp_individual_posteriors/2026-09-17/pin01_one_11-02_17-46-44/ripple/combined/multi/,p_x_given_n[103].png,2026-09-17 21:44:33+00:00,2639,pin01_one_11-02_17-46-44
620,file,/umms-kdiba/Data/Output/collected_outputs/figures/_temp_individual_posteriors/2026-09-17/pin01_one_11-02_17-46-44/ripple/combined/multi/,p_x_given_n[104].png,2026-09-17 21:44:33+00:00,8248,pin01_one_11-02_17-46-44
621,file,/umms-kdiba/Data/Output/collected_outputs/figures/_temp_individual_posteriors/2026-09-17/pin01_one_11-02_17-46-44/ripple/combined/multi/,p_x_given_n[106].png,2026-09-17 21:44:33+00:00,5618,pin01_one_11-02_17-46-44
622,file,/umms-kdiba/Data/Output/collected_outputs/figures/_temp_individual_posteriors/2026-09-17/pin01_one_11-02_17-46-44/ripple/combined/multi/,p_x_given_n[109].png,2026-09-17 21:44:33+00:00,6312,pin01_one_11-02_17-46-44
623,file,/umms-kdiba/Data/Output/collected_outputs/figures/_temp_individual_posteriors/2026-09-17/pin01_one_11-02_17-46-44/ripple/combined/multi/,p_x_given_n[110].png,2026-09-17 21:44:33+00:00,3146,pin01_one_11-02_17-46-44
624,file,/umms-kdiba/Data/Output/collected_outputs/figures/_temp_individual_posteriors/2026-09-17/pin01_one_11-02_17-46-44/ripple/combined/multi/,p_x_given_n[113].png,2026-09-17 21:44:33+00:00,12338,pin01_one_11-02_17-46-44
625,file,/umms-kdiba/Data/Output/collected_outputs/figures/_temp_individual_posteriors/2026-09-17/pin01_one_11-02_17-46-44/ripple/combined/multi/,p_x_given_n[115].png,2026-09-17 21:44:33+00:00,3282,pin01_one_11-02_17-46-44
626,file,/umms-kdiba/Data/Output/collected_outputs/figures/_temp_individual_posteriors/2026-09-17/pin01_one_11-02_17-46-44/ripple/combined/multi/,p_x_given_n[119].png,2026-09-17 21:44:33+00:00,14343,pin01_one_11-02_17-46-44
627,file,/umms-kdiba/Data/Output/collected_outputs/figures/_temp_individual_posteriors/2026-09-17/pin01_one_11-02_17-46-44/ripple/combined/multi/,p_x_given_n[126].png,2026-09-17 21:44:33+00:00,10829,pin01_one_11-02_17-46-44
628,file,/umms-kdiba/Data/Output/collected_outputs/figures/_temp_individual_posteriors/2026-09-17/pin01_one_11-02_17-46-44/ripple/combined/multi/,p_x_given_n[130].png,2026-09-17 21:44:33+00:00,13111,pin01_one_11-02_17-46-44
629,file,/umms-kdiba/Data/Output/collected_outputs/figures/_temp_individual_posteriors/2026-09-17/pin01_one_11-02_17-46-44/ripple/combined/multi/,p_x_given_n[132].png,2026-09-17 21:44:33+00:00,5957,pin01_one_11-02_17-46-44
630,file,/umms-kdiba/Data/Output/collected_outputs/figures/_temp_individual_posteriors/2026-09-17/pin01_one_11-02_17-46-44/ripple/combined/multi/,p_x_given_n[133].png,2026-09-17 21:44:33+00:00,12044,pin01_one_11-02_17-46-44
631,file,/umms-kdiba/Data/Output/collected_outputs/figures/_temp_individual_posteriors/2026-09-17/pin01_one_11-02_17-46-44/ripple/combined/multi/,p_x_given_n[136].png,2026-09-17 21:44:33+00:00,14894,pin01_one_11-02_17-46-44
632,file,/umms-kdiba/Data/Output/collected_outputs/figures/_temp_individual_posteriors/2026-09-17/pin01_one_11-02_17-46-44/ripple/combined/multi/,p_x_given_n[137].png,2026-09-17 21:44:33+00:00,5977,pin01_one_11-02_17-46-44
633,file,/umms-kdiba/Data/Output/collected_outputs/figures/_temp_individual_posteriors/2026-09-17/pin01_one_11-02_17-46-44/ripple/combined/multi/,p_x_given_n[140].png,2026-09-17 21:44:33+00:00,5423,pin01_one_11-02_17-46-44
634,file,/umms-kdiba/Data/Output/collected_outputs/figures/_temp_individual_posteriors/2026-09-17/pin01_one_11-02_17-46-44/ripple/combined/multi/,p_x_given_n[141].png,2026-09-17 21:44:33+00:00,9733,pin01_one_11-02_17-46-44
635,file,/umms-kdiba/Data/Output/collected_outputs/figures/_temp_individual_posteriors/2026-09-17/pin01_one_11-02_17-46-44/ripple/combined/multi/,p_x_given_n[146].png,2026-09-17 21:44:33+00:00,3067,pin01_one_11-02_17-46-44
636,file,/umms-kdiba/Data/Output/collected_outputs/figures/_temp_individual_posteriors/2026-09-17/pin01_one_11-02_17-46-44/ripple/combined/multi/,p_x_given_n[147].png,2026-09-17 21:44:33+00:00,8458,pin01_one_11-02_17-46-44
637,file,/umms-kdiba/Data/Output/collected_outputs/figures/_temp_individual_posteriors/2026-09-17/pin01_one_11-02_17-46-44/ripple/combined/multi/,p_x_given_n[153].png,2026-09-17 21:44:33+00:00,3015,pin01_one_11-02_17-46-44
638,file,/umms-kdiba/Data/Output/collected_outputs/figures/_temp_individual_posteriors/2026-09-17/pin01_one_11-02_17-46-44/ripple/combined/multi/,p_x_given_n[155].png,2026-09-17 21:44:33+00:00,2678,pin01_one_11-02_17-46-44
639,file,/umms-kdiba/Data/Output/collected_outputs/figures/_temp_individual_posteriors/2026-09-17/pin01_one_11-02_17-46-44/ripple/combined/multi/,p_x_given_n[161].png,2026-09-17 21:44:33+00:00,4893,pin01_one_11-02_17-46-44
640,file,/umms-kdiba/Data/Output/collected_outputs/figures/_temp_individual_posteriors/2026-09-17/pin01_one_11-02_17-46-44/ripple/combined/multi/,p_x_given_n[162].png,2026-09-17 21:44:33+00:00,5746,pin01_one_11-02_17-46-44
641,file,/umms-kdiba/Data/Output/collected_outputs/figures/_temp_individual_posteriors/2026-09-17/pin01_one_11-02_17-46-44/ripple/combined/multi/,p_x_given_n[163].png,2026-09-17 21:44:33+00:00,3693,pin01_one_11-02_17-46-44
642,file,/umms-kdiba/Data/Output/collected_outputs/figures/_temp_individual_posteriors/2026-09-17/pin01_one_11-02_17-46-44/ripple/combined/multi/,p_x_given_n[171].png,2026-09-17 21:44:33+00:00,8393,pin01_one_11-02_17-46-44
643,file,/umms-kdiba/Data/Output/collected_outputs/figures/_temp_individual_posteriors/2026-09-17/pin01_one_11-02_17-46-44/ripple/combined/multi/,p_x_given_n[178].png,2026-09-17 21:44:33+00:00,13033,pin01_one_11-02_17-46-44
644,file,/umms-kdiba/Data/Output/collected_outputs/figures/_temp_individual_posteriors/2026-09-17/pin01_one_11-02_17-46-44/ripple/combined/multi/,p_x_given_n[179].png,2026-09-17 21:44:33+00:00,8583,pin01_one_11-02_17-46-44
645,file,/umms-kdiba/Data/Output/collected_outputs/figures/_temp_individual_posteriors/2026-09-17/pin01_one_11-02_17-46-44/ripple/combined/multi/,p_x_given_n[185].png,2026-09-17 21:44:33+00:00,6927,pin01_one_11-02_17-46-44
646,file,/umms-kdiba/Data/Output/collected_outputs/figures/_temp_individual_posteriors/2026-09-17/pin01_one_11-02_17-46-44/ripple/combined/multi/,p_x_given_n[188].png,2026-09-17 21:44:33+00:00,4760,pin01_one_11-02_17-46-44
647,file,/umms-kdiba/Data/Output/collected_outputs/figures/_temp_individual_posteriors/2026-09-17/pin01_one_11-02_17-46-44/ripple/combined/multi/,p_x_given_n[190].png,2026-09-17 21:44:33+00:00,3299,pin01_one_11-02_17-46-44
648,file,/umms-kdiba/Data/Output/collected_outputs/figures/_temp_individual_posteriors/2026-09-17/pin01_one_11-02_17-46-44/ripple/combined/multi/,p_x_given_n[195].png,2026-09-17 21:44:33+00:00,11232,pin01_one_11-02_17-46-44
649,file,/umms-kdiba/Data/Output/collected_outputs/figures/_temp_individual_posteriors/2026-09-17/pin01_one_11-02_17-46-44/ripple/combined/multi/,p_x_given_n[196].png,2026-09-17 21:44:33+00:00,8074,pin01_one_11-02_17-46-44
650,file,/umms-kdiba/Data/Output/collected_outputs/figures/_temp_individual_posteriors/2026-09-17/pin01_one_11-02_17-46-44/ripple/combined/multi/,p_x_given_n[199].png,2026-09-17 21:44:33+00:00,10788,pin01_one_11-02_17-46-44
651,file,/umms-kdiba/Data/Output/collected_outputs/figures/_temp_individual_posteriors/2026-09-17/pin01_one_11-02_17-46-44/ripple/combined/multi/,p_x_given_n[200].png,2026-09-17 21:44:33+00:00,4044,pin01_one_11-02_17-46-44
652,file,/umms-kdiba/Data/Output/collected_outputs/figures/_temp_individual_posteriors/2026-09-17/pin01_one_11-02_17-46-44/ripple/combined/multi/,p_x_given_n[201].png,2026-09-17 21:44:33+00:00,7913,pin01_one_11-02_17-46-44
653,file,/umms-kdiba/Data/Output/collected_outputs/figures/_temp_individual_posteriors/2026-09-17/pin01_one_11-02_17-46-44/ripple/combined/multi/,p_x_given_n[206].png,2026-09-17 21:44:33+00:00,8538,pin01_one_11-02_17-46-44
654,file,/umms-kdiba/Data/Output/collected_outputs/figures/_temp_individual_posteriors/2026-09-17/pin01_one_11-02_17-46-44/ripple/combined/multi/,p_x_given_n[208].png,2026-09-17 21:44:33+00:00,2962,pin01_one_11-02_17-46-44
655,file,/umms-kdiba/Data/Output/collected_outputs/figures/_temp_individual_posteriors/2026-09-17/pin01_one_11-02_17-46-44/ripple/combined/multi/,p_x_given_n[209].png,2026-09-17 21:44:33+00:00,2875,pin01_one_11-02_17-46-44
656,file,/umms-kdiba/Data/Output/collected_outputs/figures/_temp_individual_posteriors/2026-09-17/pin01_one_11-02_17-46-44/ripple/combined/multi/,p_x_given_n[211].png,2026-09-17 21:44:33+00:00,10812,pin01_one_11-02_17-46-44
657,file,/umms-kdiba/Data/Output/collected_outputs/figures/_temp_individual_posteriors/2026-09-17/pin01_one_11-02_17-46-44/ripple/combined/multi/,p_x_given_n[218].png,2026-09-17 21:44:33+00:00,9419,pin01_one_11-02_17-46-44
658,file,/umms-kdiba/Data/Output/collected_outputs/figures/_temp_individual_posteriors/2026-09-17/pin01_one_11-02_17-46-44/ripple/combined/multi/,p_x_given_n[000].png,2026-09-17 21:44:32+00:00,7750,pin01_one_11-02_17-46-44
659,file,/umms-kdiba/Data/Output/collected_outputs/figures/_temp_individual_posteriors/2026-09-17/pin01_one_11-02_17-46-44/ripple/combined/multi/,p_x_given_n[001].png,2026-09-17 21:44:32+00:00,8981,pin01_one_11-02_17-46-44
660,file,/umms-kdiba/Data/Output/collected_outputs/figures/_temp_individual_posteriors/2026-09-17/pin01_one_11-02_17-46-44/ripple/combined/multi/,p_x_given_n[002].png,2026-09-17 21:44:32+00:00,8338,pin01_one_11-02_17-46-44
661,file,/umms-kdiba/Data/Output/collected_outputs/figures/_temp_individual_posteriors/2026-09-17/pin01_one_11-02_17-46-44/ripple/combined/multi/,p_x_given_n[009].png,2026-09-17 21:44:32+00:00,3215,pin01_one_11-02_17-46-44
662,file,/umms-kdiba/Data/Output/collected_outputs/figures/_temp_individual_posteriors/2026-09-17/pin01_one_11-02_17-46-44/ripple/combined/multi/,p_x_given_n[010].png,2026-09-17 21:44:32+00:00,8894,pin01_one_11-02_17-46-44
663,file,/umms-kdiba/Data/Output/collected_outputs/figures/_temp_individual_posteriors/2026-09-17/pin01_one_11-02_17-46-44/ripple/combined/multi/,p_x_given_n[015].png,2026-09-17 21:44:32+00:00,6323,pin01_one_11-02_17-46-44
664,file,/umms-kdiba/Data/Output/collected_outputs/figures/_temp_individual_posteriors/2026-09-17/pin01_one_11-03_12-3-25/ripple/combined/multi/,p_x_given_n[008].png,2026-09-17 20:40:13+00:00,12730,pin01_one_11-03_12-3-25
665,file,/umms-kdiba/Data/Output/collected_outputs/figures/_temp_individual_posteriors/2026-09-17/pin01_one_11-03_12-3-25/ripple/combined/multi/,p_x_given_n[011].png,2026-09-17 20:40:13+00:00,4800,pin01_one_11-03_12-3-25
666,file,/umms-kdiba/Data/Output/collected_outputs/figures/_temp_individual_posteriors/2026-09-17/pin01_one_11-03_12-3-25/ripple/combined/multi/,p_x_given_n[016].png,2026-09-17 20:40:13+00:00,3325,pin01_one_11-03_12-3-25
667,file,/umms-kdiba/Data/Output/collected_outputs/figures/_temp_individual_posteriors/2026-09-17/pin01_one_11-03_12-3-25/ripple/combined/multi/,p_x_given_n[022].png,2026-09-17 20:40:13+00:00,12522,pin01_one_11-03_12-3-25
668,file,/umms-kdiba/Data/Output/collected_outputs/figures/_temp_individual_posteriors/2026-09-17/pin01_one_11-03_12-3-25/ripple/combined/multi/,p_x_given_n[023].png,2026-09-17 20:40:13+00:00,9208,pin01_one_11-03_12-3-25
669,file,/umms-kdiba/Data/Output/collected_outputs/figures/_temp_individual_posteriors/2026-09-17/pin01_one_11-03_12-3-25/ripple/combined/multi/,p_x_given_n[024].png,2026-09-17 20:40:13+00:00,4754,pin01_one_11-03_12-3-25
670,file,/umms-kdiba/Data/Output/collected_outputs/figures/_temp_individual_posteriors/2026-09-17/pin01_one_11-03_12-3-25/ripple/combined/multi/,p_x_given_n[028].png,2026-09-17 20:40:13+00:00,5294,pin01_one_11-03_12-3-25
671,file,/umms-kdiba/Data/Output/collected_outputs/figures/_temp_individual_posteriors/2026-09-17/pin01_one_11-03_12-3-25/ripple/combined/multi/,p_x_given_n[030].png,2026-09-17 20:40:13+00:00,3701,pin01_one_11-03_12-3-25
672,file,/umms-kdiba/Data/Output/collected_outputs/figures/_temp_individual_posteriors/2026-09-17/pin01_one_11-03_12-3-25/ripple/combined/multi/,p_x_given_n[033].png,2026-09-17 20:40:13+00:00,13032,pin01_one_11-03_12-3-25
673,file,/umms-kdiba/Data/Output/collected_outputs/figures/_temp_individual_posteriors/2026-09-17/pin01_one_11-03_12-3-25/ripple/combined/multi/,p_x_given_n[035].png,2026-09-17 20:40:13+00:00,12964,pin01_one_11-03_12-3-25
674,file,/umms-kdiba/Data/Output/collected_outputs/figures/_temp_individual_posteriors/2026-09-17/pin01_one_11-03_12-3-25/ripple/combined/multi/,p_x_given_n[036].png,2026-09-17 20:40:13+00:00,10968,pin01_one_11-03_12-3-25
675,file,/umms-kdiba/Data/Output/collected_outputs/figures/_temp_individual_posteriors/2026-09-17/pin01_one_11-03_12-3-25/ripple/combined/multi/,p_x_given_n[038].png,2026-09-17 20:40:13+00:00,9475,pin01_one_11-03_12-3-25
676,file,/umms-kdiba/Data/Output/collected_outputs/figures/_temp_individual_posteriors/2026-09-17/pin01_one_11-03_12-3-25/ripple/combined/multi/,p_x_given_n[039].png,2026-09-17 20:40:13+00:00,3059,pin01_one_11-03_12-3-25
677,file,/umms-kdiba/Data/Output/collected_outputs/figures/_temp_individual_posteriors/2026-09-17/pin01_one_11-03_12-3-25/ripple/combined/multi/,p_x_given_n[041].png,2026-09-17 20:40:13+00:00,8436,pin01_one_11-03_12-3-25
678,file,/umms-kdiba/Data/Output/collected_outputs/figures/_temp_individual_posteriors/2026-09-17/pin01_one_11-03_12-3-25/ripple/combined/multi/,p_x_given_n[047].png,2026-09-17 20:40:13+00:00,10671,pin01_one_11-03_12-3-25
679,file,/umms-kdiba/Data/Output/collected_outputs/figures/_temp_individual_posteriors/2026-09-17/pin01_one_11-03_12-3-25/ripple/combined/multi/,p_x_given_n[050].png,2026-09-17 20:40:13+00:00,12031,pin01_one_11-03_12-3-25
680,file,/umms-kdiba/Data/Output/collected_outputs/figures/_temp_individual_posteriors/2026-09-17/pin01_one_11-03_12-3-25/ripple/combined/multi/,p_x_given_n[054].png,2026-09-17 20:40:13+00:00,15416,pin01_one_11-03_12-3-25
681,file,/umms-kdiba/Data/Output/collected_outputs/figures/_temp_individual_posteriors/2026-09-17/pin01_one_11-03_12-3-25/ripple/combined/multi/,p_x_given_n[061].png,2026-09-17 20:40:13+00:00,12022,pin01_one_11-03_12-3-25
682,file,/umms-kdiba/Data/Output/collected_outputs/figures/_temp_individual_posteriors/2026-09-17/pin01_one_11-03_12-3-25/ripple/combined/multi/,p_x_given_n[065].png,2026-09-17 20:40:13+00:00,9155,pin01_one_11-03_12-3-25
683,file,/umms-kdiba/Data/Output/collected_outputs/figures/_temp_individual_posteriors/2026-09-17/pin01_one_11-03_12-3-25/ripple/combined/multi/,p_x_given_n[066].png,2026-09-17 20:40:13+00:00,16157,pin01_one_11-03_12-3-25
684,file,/umms-kdiba/Data/Output/collected_outputs/figures/_temp_individual_posteriors/2026-09-17/pin01_one_11-03_12-3-25/ripple/combined/multi/,p_x_given_n[067].png,2026-09-17 20:40:13+00:00,12962,pin01_one_11-03_12-3-25
685,file,/umms-kdiba/Data/Output/collected_outputs/figures/_temp_individual_posteriors/2026-09-17/pin01_one_11-03_12-3-25/ripple/combined/multi/,p_x_given_n[069].png,2026-09-17 20:40:13+00:00,8984,pin01_one_11-03_12-3-25
686,file,/umms-kdiba/Data/Output/collected_outputs/figures/_temp_individual_posteriors/2026-09-17/pin01_one_11-03_12-3-25/ripple/combined/multi/,p_x_given_n[078].png,2026-09-17 20:40:13+00:00,12765,pin01_one_11-03_12-3-25
687,file,/umms-kdiba/Data/Output/collected_outputs/figures/_temp_individual_posteriors/2026-09-17/pin01_one_11-03_12-3-25/ripple/combined/multi/,p_x_given_n[088].png,2026-09-17 20:40:13+00:00,5458,pin01_one_11-03_12-3-25
688,file,/umms-kdiba/Data/Output/collected_outputs/figures/_temp_individual_posteriors/2026-09-17/pin01_one_11-03_12-3-25/ripple/combined/multi/,p_x_given_n[093].png,2026-09-17 20:40:13+00:00,9668,pin01_one_11-03_12-3-25
689,file,/umms-kdiba/Data/Output/collected_outputs/figures/_temp_individual_posteriors/2026-09-17/pin01_one_11-03_12-3-25/ripple/combined/multi/,p_x_given_n[094].png,2026-09-17 20:40:13+00:00,14040,pin01_one_11-03_12-3-25
690,file,/umms-kdiba/Data/Output/collected_outputs/figures/_temp_individual_posteriors/2026-09-17/pin01_one_11-03_12-3-25/ripple/combined/multi/,p_x_given_n[098].png,2026-09-17 20:40:13+00:00,10500,pin01_one_11-03_12-3-25
691,file,/umms-kdiba/Data/Output/collected_outputs/figures/_temp_individual_posteriors/2026-09-17/pin01_one_11-03_12-3-25/ripple/combined/multi/,p_x_given_n[101].png,2026-09-17 20:40:13+00:00,11957,pin01_one_11-03_12-3-25
692,file,/umms-kdiba/Data/Output/collected_outputs/figures/_temp_individual_posteriors/2026-09-17/pin01_one_11-03_12-3-25/ripple/combined/multi/,p_x_given_n[104].png,2026-09-17 20:40:13+00:00,5214,pin01_one_11-03_12-3-25
693,file,/umms-kdiba/Data/Output/collected_outputs/figures/_temp_individual_posteriors/2026-09-17/pin01_one_11-03_12-3-25/ripple/combined/multi/,p_x_given_n[107].png,2026-09-17 20:40:13+00:00,7776,pin01_one_11-03_12-3-25
694,file,/umms-kdiba/Data/Output/collected_outputs/figures/_temp_individual_posteriors/2026-09-17/pin01_one_11-03_12-3-25/ripple/combined/multi/,p_x_given_n[108].png,2026-09-17 20:40:13+00:00,11932,pin01_one_11-03_12-3-25
695,file,/umms-kdiba/Data/Output/collected_outputs/figures/_temp_individual_posteriors/2026-09-17/pin01_one_11-03_12-3-25/ripple/combined/multi/,p_x_given_n[110].png,2026-09-17 20:40:13+00:00,10298,pin01_one_11-03_12-3-25
696,file,/umms-kdiba/Data/Output/collected_outputs/figures/_temp_individual_posteriors/2026-09-17/pin01_one_11-03_12-3-25/ripple/combined/multi/,p_x_given_n[112].png,2026-09-17 20:40:13+00:00,12072,pin01_one_11-03_12-3-25
697,file,/umms-kdiba/Data/Output/collected_outputs/figures/_temp_individual_posteriors/2026-09-17/pin01_one_11-03_12-3-25/ripple/combined/multi/,p_x_given_n[114].png,2026-09-17 20:40:13+00:00,9138,pin01_one_11-03_12-3-25
698,file,/umms-kdiba/Data/Output/collected_outputs/figures/_temp_individual_posteriors/2026-09-17/pin01_one_11-03_12-3-25/ripple/combined/multi/,p_x_given_n[115].png,2026-09-17 20:40:13+00:00,9566,pin01_one_11-03_12-3-25
699,file,/umms-kdiba/Data/Output/collected_outputs/figures/_temp_individual_posteriors/2026-09-17/pin01_one_11-03_12-3-25/ripple/combined/multi/,p_x_given_n[118].png,2026-09-17 20:40:13+00:00,10010,pin01_one_11-03_12-3-25
700,file,/umms-kdiba/Data/Output/collected_outputs/figures/_temp_individual_posteriors/2026-09-17/pin01_one_11-03_12-3-25/ripple/combined/multi/,p_x_given_n[120].png,2026-09-17 20:40:13+00:00,9685,pin01_one_11-03_12-3-25
701,file,/umms-kdiba/Data/Output/collected_outputs/figures/_temp_individual_posteriors/2026-09-17/pin01_one_11-03_12-3-25/ripple/combined/multi/,p_x_given_n[122].png,2026-09-17 20:40:13+00:00,5966,pin01_one_11-03_12-3-25
702,file,/umms-kdiba/Data/Output/collected_outputs/figures/_temp_individual_posteriors/2026-09-17/pin01_one_11-03_12-3-25/ripple/combined/multi/,p_x_given_n[123].png,2026-09-17 20:40:13+00:00,15022,pin01_one_11-03_12-3-25
703,file,/umms-kdiba/Data/Output/collected_outputs/figures/_temp_individual_posteriors/2026-09-17/pin01_one_11-03_12-3-25/ripple/combined/multi/,p_x_given_n[130].png,2026-09-17 20:40:13+00:00,12093,pin01_one_11-03_12-3-25
704,file,/umms-kdiba/Data/Output/collected_outputs/figures/_temp_individual_posteriors/2026-09-17/pin01_one_11-03_12-3-25/ripple/combined/multi/,p_x_given_n[131].png,2026-09-17 20:40:13+00:00,13921,pin01_one_11-03_12-3-25
705,file,/umms-kdiba/Data/Output/collected_outputs/figures/_temp_individual_posteriors/2026-09-17/pin01_one_11-03_12-3-25/ripple/combined/multi/,p_x_given_n[135].png,2026-09-17 20:40:13+00:00,5621,pin01_one_11-03_12-3-25
706,file,/umms-kdiba/Data/Output/collected_outputs/figures/_temp_individual_posteriors/2026-09-17/pin01_one_11-03_12-3-25/ripple/combined/multi/,p_x_given_n[138].png,2026-09-17 20:40:13+00:00,14603,pin01_one_11-03_12-3-25
707,file,/umms-kdiba/Data/Output/collected_outputs/figures/_temp_individual_posteriors/2026-09-17/pin01_one_11-03_12-3-25/ripple/combined/multi/,p_x_given_n[139].png,2026-09-17 20:40:13+00:00,9386,pin01_one_11-03_12-3-25
708,file,/umms-kdiba/Data/Output/collected_outputs/figures/_temp_individual_posteriors/2026-09-17/pin01_one_11-03_12-3-25/ripple/combined/multi/,p_x_given_n[140].png,2026-09-17 20:40:13+00:00,2997,pin01_one_11-03_12-3-25
709,file,/umms-kdiba/Data/Output/collected_outputs/figures/_temp_individual_posteriors/2026-09-17/pin01_one_11-03_12-3-25/ripple/combined/multi/,p_x_given_n[148].png,2026-09-17 20:40:13+00:00,5174,pin01_one_11-03_12-3-25
710,file,/umms-kdiba/Data/Output/collected_outputs/figures/_temp_individual_posteriors/2026-09-17/pin01_one_11-03_12-3-25/ripple/combined/multi/,p_x_given_n[151].png,2026-09-17 20:40:13+00:00,9001,pin01_one_11-03_12-3-25
711,file,/umms-kdiba/Data/Output/collected_outputs/figures/_temp_individual_posteriors/2026-09-17/pin01_one_11-03_12-3-25/ripple/combined/multi/,p_x_given_n[160].png,2026-09-17 20:40:13+00:00,14934,pin01_one_11-03_12-3-25
712,file,/umms-kdiba/Data/Output/collected_outputs/figures/_temp_individual_posteriors/2026-09-17/pin01_one_11-03_12-3-25/ripple/combined/multi/,p_x_given_n[163].png,2026-09-17 20:40:13+00:00,9177,pin01_one_11-03_12-3-25
713,file,/umms-kdiba/Data/Output/collected_outputs/figures/_temp_individual_posteriors/2026-09-17/pin01_one_11-03_12-3-25/ripple/combined/multi/,p_x_given_n[170].png,2026-09-17 20:40:13+00:00,6016,pin01_one_11-03_12-3-25
714,file,/umms-kdiba/Data/Output/collected_outputs/figures/_temp_individual_posteriors/2026-09-17/pin01_one_11-03_12-3-25/ripple/combined/multi/,p_x_given_n[172].png,2026-09-17 20:40:13+00:00,12143,pin01_one_11-03_12-3-25
715,file,/umms-kdiba/Data/Output/collected_outputs/figures/_temp_individual_posteriors/2026-09-17/vvp01_two_2006-4-09_16-40-54/ripple/combined/multi/,p_x_given_n[234].png,2026-09-17 21:12:02+00:00,11325,vvp01_two_2006-4-09_16-40-54
716,file,/umms-kdiba/Data/Output/collected_outputs/figures/_temp_individual_posteriors/2026-09-17/vvp01_two_2006-4-09_16-40-54/ripple/combined/multi/,p_x_given_n[235].png,2026-09-17 21:12:02+00:00,8342,vvp01_two_2006-4-09_16-40-54
717,file,/umms-kdiba/Data/Output/collected_outputs/figures/_temp_individual_posteriors/2026-09-17/vvp01_two_2006-4-09_16-40-54/ripple/combined/multi/,p_x_given_n[240].png,2026-09-17 21:12:02+00:00,9883,vvp01_two_2006-4-09_16-40-54
718,file,/umms-kdiba/Data/Output/collected_outputs/figures/_temp_individual_posteriors/2026-09-17/vvp01_two_2006-4-09_16-40-54/ripple/combined/multi/,p_x_given_n[246].png,2026-09-17 21:12:02+00:00,11755,vvp01_two_2006-4-09_16-40-54
719,file,/umms-kdiba/Data/Output/collected_outputs/figures/_temp_individual_posteriors/2026-09-17/vvp01_two_2006-4-09_16-40-54/ripple/combined/multi/,p_x_given_n[260].png,2026-09-17 21:12:02+00:00,6238,vvp01_two_2006-4-09_16-40-54
720,file,/umms-kdiba/Data/Output/collected_outputs/figures/_temp_individual_posteriors/2026-09-17/vvp01_two_2006-4-09_16-40-54/ripple/combined/multi/,p_x_given_n[273].png,2026-09-17 21:12:02+00:00,5855,vvp01_two_2006-4-09_16-40-54
721,file,/umms-kdiba/Data/Output/collected_outputs/figures/_temp_individual_posteriors/2026-09-17/vvp01_two_2006-4-09_16-40-54/ripple/combined/multi/,p_x_given_n[276].png,2026-09-17 21:12:02+00:00,8918,vvp01_two_2006-4-09_16-40-54
722,file,/umms-kdiba/Data/Output/collected_outputs/figures/_temp_individual_posteriors/2026-09-17/vvp01_two_2006-4-09_16-40-54/ripple/combined/multi/,p_x_given_n[278].png,2026-09-17 21:12:02+00:00,406,vvp01_two_2006-4-09_16-40-54
723,file,/umms-kdiba/Data/Output/collected_outputs/figures/_temp_individual_posteriors/2026-09-17/vvp01_two_2006-4-09_16-40-54/ripple/combined/multi/,p_x_given_n[281].png,2026-09-17 21:12:02+00:00,4775,vvp01_two_2006-4-09_16-40-54
724,file,/umms-kdiba/Data/Output/collected_outputs/figures/_temp_individual_posteriors/2026-09-17/vvp01_two_2006-4-09_16-40-54/ripple/combined/multi/,p_x_given_n[286].png,2026-09-17 21:12:02+00:00,5803,vvp01_two_2006-4-09_16-40-54
725,file,/umms-kdiba/Data/Output/collected_outputs/figures/_temp_individual_posteriors/2026-09-17/vvp01_two_2006-4-09_16-40-54/ripple/combined/multi/,p_x_given_n[290].png,2026-09-17 21:12:02+00:00,13394,vvp01_two_2006-4-09_16-40-54
726,file,/umms-kdiba/Data/Output/collected_outputs/figures/_temp_individual_posteriors/2026-09-17/vvp01_two_2006-4-09_16-40-54/ripple/combined/multi/,p_x_given_n[298].png,2026-09-17 21:12:02+00:00,5986,vvp01_two_2006-4-09_16-40-54
727,file,/umms-kdiba/Data/Output/collected_outputs/figures/_temp_individual_posteriors/2026-09-17/vvp01_two_2006-4-09_16-40-54/ripple/combined/multi/,p_x_given_n[299].png,2026-09-17 21:12:02+00:00,6086,vvp01_two_2006-4-09_16-40-54
728,file,/umms-kdiba/Data/Output/collected_outputs/figures/_temp_individual_posteriors/2026-09-17/vvp01_two_2006-4-09_16-40-54/ripple/combined/multi/,p_x_given_n[300].png,2026-09-17 21:12:02+00:00,3286,vvp01_two_2006-4-09_16-40-54
729,file,/umms-kdiba/Data/Output/collected_outputs/figures/_temp_individual_posteriors/2026-09-17/vvp01_two_2006-4-09_16-40-54/ripple/combined/multi/,p_x_given_n[302].png,2026-09-17 21:12:02+00:00,2931,vvp01_two_2006-4-09_16-40-54
730,file,/umms-kdiba/Data/Output/collected_outputs/figures/_temp_individual_posteriors/2026-09-17/vvp01_two_2006-4-09_16-40-54/ripple/combined/multi/,p_x_given_n[306].png,2026-09-17 21:12:02+00:00,5355,vvp01_two_2006-4-09_16-40-54
731,file,/umms-kdiba/Data/Output/collected_outputs/figures/_temp_individual_posteriors/2026-09-17/vvp01_two_2006-4-09_16-40-54/ripple/combined/multi/,p_x_given_n[307].png,2026-09-17 21:12:02+00:00,6743,vvp01_two_2006-4-09_16-40-54
732,file,/umms-kdiba/Data/Output/collected_outputs/figures/_temp_individual_posteriors/2026-09-17/vvp01_two_2006-4-09_16-40-54/ripple/combined/multi/,p_x_given_n[308].png,2026-09-17 21:12:02+00:00,12811,vvp01_two_2006-4-09_16-40-54
733,file,/umms-kdiba/Data/Output/collected_outputs/figures/_temp_individual_posteriors/2026-09-17/vvp01_two_2006-4-09_16-40-54/ripple/combined/multi/,p_x_given_n[317].png,2026-09-17 21:12:02+00:00,740,vvp01_two_2006-4-09_16-40-54
734,file,/umms-kdiba/Data/Output/collected_outputs/figures/_temp_individual_posteriors/2026-09-17/vvp01_two_2006-4-09_16-40-54/ripple/combined/multi/,p_x_given_n[318].png,2026-09-17 21:12:02+00:00,765,vvp01_two_2006-4-09_16-40-54
735,file,/umms-kdiba/Data/Output/collected_outputs/figures/_temp_individual_posteriors/2026-09-17/vvp01_two_2006-4-09_16-40-54/ripple/combined/multi/,p_x_given_n[322].png,2026-09-17 21:12:02+00:00,4968,vvp01_two_2006-4-09_16-40-54
736,file,/umms-kdiba/Data/Output/collected_outputs/figures/_temp_individual_posteriors/2026-09-17/vvp01_two_2006-4-09_16-40-54/ripple/combined/multi/,p_x_given_n[327].png,2026-09-17 21:12:02+00:00,3352,vvp01_two_2006-4-09_16-40-54
737,file,/umms-kdiba/Data/Output/collected_outputs/figures/_temp_individual_posteriors/2026-09-17/vvp01_two_2006-4-09_16-40-54/ripple/combined/multi/,p_x_given_n[328].png,2026-09-17 21:12:02+00:00,10629,vvp01_two_2006-4-09_16-40-54
738,file,/umms-kdiba/Data/Output/collected_outputs/figures/_temp_individual_posteriors/2026-09-17/vvp01_two_2006-4-09_16-40-54/ripple/combined/multi/,p_x_given_n[329].png,2026-09-17 21:12:02+00:00,753,vvp01_two_2006-4-09_16-40-54
739,file,/umms-kdiba/Data/Output/collected_outputs/figures/_temp_individual_posteriors/2026-09-17/vvp01_two_2006-4-09_16-40-54/ripple/combined/multi/,p_x_given_n[335].png,2026-09-17 21:12:02+00:00,2916,vvp01_two_2006-4-09_16-40-54
740,file,/umms-kdiba/Data/Output/collected_outputs/figures/_temp_individual_posteriors/2026-09-17/vvp01_two_2006-4-09_16-40-54/ripple/combined/multi/,p_x_given_n[337].png,2026-09-17 21:12:02+00:00,803,vvp01_two_2006-4-09_16-40-54
741,file,/umms-kdiba/Data/Output/collected_outputs/figures/_temp_individual_posteriors/2026-09-17/vvp01_two_2006-4-09_16-40-54/ripple/combined/multi/,p_x_given_n[339].png,2026-09-17 21:12:02+00:00,2662,vvp01_two_2006-4-09_16-40-54
742,file,/umms-kdiba/Data/Output/collected_outputs/figures/_temp_individual_posteriors/2026-09-17/vvp01_two_2006-4-09_16-40-54/ripple/combined/multi/,p_x_given_n[345].png,2026-09-17 21:12:02+00:00,10135,vvp01_two_2006-4-09_16-40-54
743,file,/umms-kdiba/Data/Output/collected_outputs/figures/_temp_individual_posteriors/2026-09-17/vvp01_two_2006-4-09_16-40-54/ripple/combined/multi/,p_x_given_n[347].png,2026-09-17 21:12:02+00:00,2658,vvp01_two_2006-4-09_16-40-54
744,file,/umms-kdiba/Data/Output/collected_outputs/figures/_temp_individual_posteriors/2026-09-17/vvp01_two_2006-4-09_16-40-54/ripple/combined/multi/,p_x_given_n[348].png,2026-09-17 21:12:02+00:00,9517,vvp01_two_2006-4-09_16-40-54
745,file,/umms-kdiba/Data/Output/collected_outputs/figures/_temp_individual_posteriors/2026-09-17/vvp01_two_2006-4-09_16-40-54/ripple/combined/multi/,p_x_given_n[357].png,2026-09-17 21:12:02+00:00,4227,vvp01_two_2006-4-09_16-40-54
746,file,/umms-kdiba/Data/Output/collected_outputs/figures/_temp_individual_posteriors/2026-09-17/vvp01_two_2006-4-09_16-40-54/ripple/combined/multi/,p_x_given_n[359].png,2026-09-17 21:12:02+00:00,3632,vvp01_two_2006-4-09_16-40-54
747,file,/umms-kdiba/Data/Output/collected_outputs/figures/_temp_individual_posteriors/2026-09-17/vvp01_two_2006-4-09_16-40-54/ripple/combined/multi/,p_x_given_n[369].png,2026-09-17 21:12:02+00:00,11694,vvp01_two_2006-4-09_16-40-54
748,file,/umms-kdiba/Data/Output/collected_outputs/figures/_temp_individual_posteriors/2026-09-17/vvp01_two_2006-4-09_16-40-54/ripple/combined/multi/,p_x_given_n[371].png,2026-09-17 21:12:02+00:00,3063,vvp01_two_2006-4-09_16-40-54
749,file,/umms-kdiba/Data/Output/collected_outputs/figures/_temp_individual_posteriors/2026-09-17/vvp01_two_2006-4-09_16-40-54/ripple/combined/multi/,p_x_given_n[379].png,2026-09-17 21:12:02+00:00,3611,vvp01_two_2006-4-09_16-40-54
750,file,/umms-kdiba/Data/Output/collected_outputs/figures/_temp_individual_posteriors/2026-09-17/vvp01_two_2006-4-09_16-40-54/ripple/combined/multi/,p_x_given_n[382].png,2026-09-17 21:12:02+00:00,3724,vvp01_two_2006-4-09_16-40-54
751,file,/umms-kdiba/Data/Output/collected_outputs/figures/_temp_individual_posteriors/2026-09-17/vvp01_two_2006-4-09_16-40-54/ripple/combined/multi/,p_x_given_n[383].png,2026-09-17 21:12:02+00:00,3781,vvp01_two_2006-4-09_16-40-54
752,file,/umms-kdiba/Data/Output/collected_outputs/figures/_temp_individual_posteriors/2026-09-17/vvp01_two_2006-4-09_16-40-54/ripple/combined/multi/,p_x_given_n[384].png,2026-09-17 21:12:02+00:00,10004,vvp01_two_2006-4-09_16-40-54
753,file,/umms-kdiba/Data/Output/collected_outputs/figures/_temp_individual_posteriors/2026-09-17/vvp01_two_2006-4-09_16-40-54/ripple/combined/multi/,p_x_given_n[385].png,2026-09-17 21:12:02+00:00,11141,vvp01_two_2006-4-09_16-40-54
754,file,/umms-kdiba/Data/Output/collected_outputs/figures/_temp_individual_posteriors/2026-09-17/vvp01_two_2006-4-09_16-40-54/ripple/combined/multi/,p_x_given_n[000].png,2026-09-17 21:12:01+00:00,696,vvp01_two_2006-4-09_16-40-54
755,file,/umms-kdiba/Data/Output/collected_outputs/figures/_temp_individual_posteriors/2026-09-17/vvp01_two_2006-4-09_16-40-54/ripple/combined/multi/,p_x_given_n[041].png,2026-09-17 21:12:01+00:00,6530,vvp01_two_2006-4-09_16-40-54
756,file,/umms-kdiba/Data/Output/collected_outputs/figures/_temp_individual_posteriors/2026-09-17/vvp01_two_2006-4-09_16-40-54/ripple/combined/multi/,p_x_given_n[073].png,2026-09-17 21:12:01+00:00,8539,vvp01_two_2006-4-09_16-40-54
757,file,/umms-kdiba/Data/Output/collected_outputs/figures/_temp_individual_posteriors/2026-09-17/vvp01_two_2006-4-09_16-40-54/ripple/combined/multi/,p_x_given_n[096].png,2026-09-17 21:12:01+00:00,16343,vvp01_two_2006-4-09_16-40-54
758,file,/umms-kdiba/Data/Output/collected_outputs/figures/_temp_individual_posteriors/2026-09-17/vvp01_two_2006-4-09_16-40-54/ripple/combined/multi/,p_x_given_n[102].png,2026-09-17 21:12:01+00:00,6877,vvp01_two_2006-4-09_16-40-54
759,file,/umms-kdiba/Data/Output/collected_outputs/figures/_temp_individual_posteriors/2026-09-17/vvp01_two_2006-4-09_16-40-54/ripple/combined/multi/,p_x_given_n[104].png,2026-09-17 21:12:01+00:00,15268,vvp01_two_2006-4-09_16-40-54
760,file,/umms-kdiba/Data/Output/collected_outputs/figures/_temp_individual_posteriors/2026-09-17/vvp01_two_2006-4-09_16-40-54/ripple/combined/multi/,p_x_given_n[106].png,2026-09-17 21:12:01+00:00,9598,vvp01_two_2006-4-09_16-40-54
761,file,/umms-kdiba/Data/Output/collected_outputs/figures/_temp_individual_posteriors/2026-09-17/vvp01_two_2006-4-09_16-40-54/ripple/combined/multi/,p_x_given_n[110].png,2026-09-17 21:12:01+00:00,8606,vvp01_two_2006-4-09_16-40-54
762,file,/umms-kdiba/Data/Output/collected_outputs/figures/_temp_individual_posteriors/2026-09-17/vvp01_two_2006-4-09_16-40-54/ripple/combined/multi/,p_x_given_n[116].png,2026-09-17 21:12:01+00:00,6651,vvp01_two_2006-4-09_16-40-54
763,file,/umms-kdiba/Data/Output/collected_outputs/figures/_temp_individual_posteriors/2026-09-17/vvp01_two_2006-4-09_16-40-54/ripple/combined/multi/,p_x_given_n[122].png,2026-09-17 21:12:01+00:00,8558,vvp01_two_2006-4-09_16-40-54
764,file,/umms-kdiba/Data/Output/collected_outputs/figures/_temp_individual_posteriors/2026-09-17/vvp01_two_2006-4-09_16-40-54/ripple/combined/multi/,p_x_given_n[129].png,2026-09-17 21:12:01+00:00,8254,vvp01_two_2006-4-09_16-40-54
765,file,/umms-kdiba/Data/Output/collected_outputs/figures/_temp_individual_posteriors/2026-09-17/vvp01_two_2006-4-09_16-40-54/ripple/combined/multi/,p_x_given_n[130].png,2026-09-17 21:12:01+00:00,3126,vvp01_two_2006-4-09_16-40-54
766,file,/umms-kdiba/Data/Output/collected_outputs/figures/_temp_individual_posteriors/2026-09-17/vvp01_two_2006-4-09_16-40-54/ripple/combined/multi/,p_x_given_n[132].png,2026-09-17 21:12:01+00:00,8181,vvp01_two_2006-4-09_16-40-54
767,file,/umms-kdiba/Data/Output/collected_outputs/figures/_temp_individual_posteriors/2026-09-17/vvp01_two_2006-4-09_16-40-54/ripple/combined/multi/,p_x_given_n[134].png,2026-09-17 21:12:01+00:00,3078,vvp01_two_2006-4-09_16-40-54
768,file,/umms-kdiba/Data/Output/collected_outputs/figures/_temp_individual_posteriors/2026-09-17/vvp01_two_2006-4-09_16-40-54/ripple/combined/multi/,p_x_given_n[135].png,2026-09-17 21:12:01+00:00,3644,vvp01_two_2006-4-09_16-40-54
769,file,/umms-kdiba/Data/Output/collected_outputs/figures/_temp_individual_posteriors/2026-09-17/vvp01_two_2006-4-09_16-40-54/ripple/combined/multi/,p_x_given_n[138].png,2026-09-17 21:12:01+00:00,12514,vvp01_two_2006-4-09_16-40-54
770,file,/umms-kdiba/Data/Output/collected_outputs/figures/_temp_individual_posteriors/2026-09-17/vvp01_two_2006-4-09_16-40-54/ripple/combined/multi/,p_x_given_n[139].png,2026-09-17 21:12:01+00:00,3114,vvp01_two_2006-4-09_16-40-54
771,file,/umms-kdiba/Data/Output/collected_outputs/figures/_temp_individual_posteriors/2026-09-17/vvp01_two_2006-4-09_16-40-54/ripple/combined/multi/,p_x_given_n[140].png,2026-09-17 21:12:01+00:00,6578,vvp01_two_2006-4-09_16-40-54
772,file,/umms-kdiba/Data/Output/collected_outputs/figures/_temp_individual_posteriors/2026-09-17/vvp01_two_2006-4-09_16-40-54/ripple/combined/multi/,p_x_given_n[141].png,2026-09-17 21:12:01+00:00,2282,vvp01_two_2006-4-09_16-40-54
773,file,/umms-kdiba/Data/Output/collected_outputs/figures/_temp_individual_posteriors/2026-09-17/vvp01_two_2006-4-09_16-40-54/ripple/combined/multi/,p_x_given_n[143].png,2026-09-17 21:12:01+00:00,6011,vvp01_two_2006-4-09_16-40-54
774,file,/umms-kdiba/Data/Output/collected_outputs/figures/_temp_individual_posteriors/2026-09-17/vvp01_two_2006-4-09_16-40-54/ripple/combined/multi/,p_x_given_n[148].png,2026-09-17 21:12:01+00:00,3309,vvp01_two_2006-4-09_16-40-54
775,file,/umms-kdiba/Data/Output/collected_outputs/figures/_temp_individual_posteriors/2026-09-17/vvp01_two_2006-4-09_16-40-54/ripple/combined/multi/,p_x_given_n[152].png,2026-09-17 21:12:01+00:00,12111,vvp01_two_2006-4-09_16-40-54
776,file,/umms-kdiba/Data/Output/collected_outputs/figures/_temp_individual_posteriors/2026-09-17/vvp01_two_2006-4-09_16-40-54/ripple/combined/multi/,p_x_given_n[153].png,2026-09-17 21:12:01+00:00,3408,vvp01_two_2006-4-09_16-40-54
777,file,/umms-kdiba/Data/Output/collected_outputs/figures/_temp_individual_posteriors/2026-09-17/vvp01_two_2006-4-09_16-40-54/ripple/combined/multi/,p_x_given_n[156].png,2026-09-17 21:12:01+00:00,7595,vvp01_two_2006-4-09_16-40-54
778,file,/umms-kdiba/Data/Output/collected_outputs/figures/_temp_individual_posteriors/2026-09-17/vvp01_two_2006-4-09_16-40-54/ripple/combined/multi/,p_x_given_n[166].png,2026-09-17 21:12:01+00:00,2786,vvp01_two_2006-4-09_16-40-54
779,file,/umms-kdiba/Data/Output/collected_outputs/figures/_temp_individual_posteriors/2026-09-17/vvp01_two_2006-4-09_16-40-54/ripple/combined/multi/,p_x_given_n[170].png,2026-09-17 21:12:01+00:00,3934,vvp01_two_2006-4-09_16-40-54
780,file,/umms-kdiba/Data/Output/collected_outputs/figures/_temp_individual_posteriors/2026-09-17/vvp01_two_2006-4-09_16-40-54/ripple/combined/multi/,p_x_given_n[171].png,2026-09-17 21:12:01+00:00,9291,vvp01_two_2006-4-09_16-40-54
781,file,/umms-kdiba/Data/Output/collected_outputs/figures/_temp_individual_posteriors/2026-09-17/vvp01_two_2006-4-09_16-40-54/ripple/combined/multi/,p_x_given_n[174].png,2026-09-17 21:12:01+00:00,14618,vvp01_two_2006-4-09_16-40-54
782,file,/umms-kdiba/Data/Output/collected_outputs/figures/_temp_individual_posteriors/2026-09-17/vvp01_two_2006-4-09_16-40-54/ripple/combined/multi/,p_x_given_n[181].png,2026-09-17 21:12:01+00:00,6516,vvp01_two_2006-4-09_16-40-54
783,file,/umms-kdiba/Data/Output/collected_outputs/figures/_temp_individual_posteriors/2026-09-17/vvp01_two_2006-4-09_16-40-54/ripple/combined/multi/,p_x_given_n[184].png,2026-09-17 21:12:01+00:00,3342,vvp01_two_2006-4-09_16-40-54
784,file,/umms-kdiba/Data/Output/collected_outputs/figures/_temp_individual_posteriors/2026-09-17/vvp01_two_2006-4-09_16-40-54/ripple/combined/multi/,p_x_given_n[186].png,2026-09-17 21:12:01+00:00,5549,vvp01_two_2006-4-09_16-40-54
785,file,/umms-kdiba/Data/Output/collected_outputs/figures/_temp_individual_posteriors/2026-09-17/vvp01_two_2006-4-09_16-40-54/ripple/combined/multi/,p_x_given_n[189].png,2026-09-17 21:12:01+00:00,15232,vvp01_two_2006-4-09_16-40-54
786,file,/umms-kdiba/Data/Output/collected_outputs/figures/_temp_individual_posteriors/2026-09-17/vvp01_two_2006-4-09_16-40-54/ripple/combined/multi/,p_x_given_n[201].png,2026-09-17 21:12:01+00:00,11311,vvp01_two_2006-4-09_16-40-54
787,file,/umms-kdiba/Data/Output/collected_outputs/figures/_temp_individual_posteriors/2026-09-17/vvp01_two_2006-4-09_16-40-54/ripple/combined/multi/,p_x_given_n[202].png,2026-09-17 21:12:01+00:00,6445,vvp01_two_2006-4-09_16-40-54
788,file,/umms-kdiba/Data/Output/collected_outputs/figures/_temp_individual_posteriors/2026-09-17/vvp01_two_2006-4-09_16-40-54/ripple/combined/multi/,p_x_given_n[206].png,2026-09-17 21:12:01+00:00,898,vvp01_two_2006-4-09_16-40-54
789,file,/umms-kdiba/Data/Output/collected_outputs/figures/_temp_individual_posteriors/2026-09-17/vvp01_two_2006-4-09_16-40-54/ripple/combined/multi/,p_x_given_n[207].png,2026-09-17 21:12:01+00:00,4276,vvp01_two_2006-4-09_16-40-54
790,file,/umms-kdiba/Data/Output/collected_outputs/figures/_temp_individual_posteriors/2026-09-17/vvp01_two_2006-4-09_16-40-54/ripple/combined/multi/,p_x_given_n[214].png,2026-09-17 21:12:01+00:00,3142,vvp01_two_2006-4-09_16-40-54
791,file,/umms-kdiba/Data/Output/collected_outputs/figures/_temp_individual_posteriors/2026-09-17/vvp01_two_2006-4-09_16-40-54/ripple/combined/multi/,p_x_given_n[219].png,2026-09-17 21:12:01+00:00,13389,vvp01_two_2006-4-09_16-40-54
792,file,/umms-kdiba/Data/Output/collected_outputs/figures/_temp_individual_posteriors/2026-09-17/vvp01_two_2006-4-09_16-40-54/ripple/combined/multi/,p_x_given_n[225].png,2026-09-17 21:12:01+00:00,2560,vvp01_two_2006-4-09_16-40-54
793,file,/umms-kdiba/Data/Output/collected_outputs/figures/_temp_individual_posteriors/2026-09-17/vvp01_two_2006-4-10_12-58-3/ripple/combined/multi/,p_x_given_n[066].png,2026-09-17 20:54:21+00:00,3512,vvp01_two_2006-4-10_12-58-3
794,file,/umms-kdiba/Data/Output/collected_outputs/figures/_temp_individual_posteriors/2026-09-17/vvp01_two_2006-4-10_12-58-3/ripple/combined/multi/,p_x_given_n[068].png,2026-09-17 20:54:21+00:00,6444,vvp01_two_2006-4-10_12-58-3
795,file,/umms-kdiba/Data/Output/collected_outputs/figures/_temp_individual_posteriors/2026-09-17/vvp01_two_2006-4-10_12-58-3/ripple/combined/multi/,p_x_given_n[071].png,2026-09-17 20:54:21+00:00,2617,vvp01_two_2006-4-10_12-58-3
796,file,/umms-kdiba/Data/Output/collected_outputs/figures/_temp_individual_posteriors/2026-09-17/vvp01_two_2006-4-10_12-58-3/ripple/combined/multi/,p_x_given_n[072].png,2026-09-17 20:54:21+00:00,9908,vvp01_two_2006-4-10_12-58-3
797,file,/umms-kdiba/Data/Output/collected_outputs/figures/_temp_individual_posteriors/2026-09-17/vvp01_two_2006-4-10_12-58-3/ripple/combined/multi/,p_x_given_n[074].png,2026-09-17 20:54:21+00:00,751,vvp01_two_2006-4-10_12-58-3
798,file,/umms-kdiba/Data/Output/collected_outputs/figures/_temp_individual_posteriors/2026-09-17/vvp01_two_2006-4-10_12-58-3/ripple/combined/multi/,p_x_given_n[075].png,2026-09-17 20:54:21+00:00,11137,vvp01_two_2006-4-10_12-58-3
799,file,/umms-kdiba/Data/Output/collected_outputs/figures/_temp_individual_posteriors/2026-09-17/vvp01_two_2006-4-10_12-58-3/ripple/combined/multi/,p_x_given_n[076].png,2026-09-17 20:54:21+00:00,5998,vvp01_two_2006-4-10_12-58-3
800,file,/umms-kdiba/Data/Output/collected_outputs/figures/_temp_individual_posteriors/2026-09-17/vvp01_two_2006-4-10_12-58-3/ripple/combined/multi/,p_x_given_n[078].png,2026-09-17 20:54:21+00:00,9444,vvp01_two_2006-4-10_12-58-3
801,file,/umms-kdiba/Data/Output/collected_outputs/figures/_temp_individual_posteriors/2026-09-17/vvp01_two_2006-4-10_12-58-3/ripple/combined/multi/,p_x_given_n[082].png,2026-09-17 20:54:21+00:00,8609,vvp01_two_2006-4-10_12-58-3
802,file,/umms-kdiba/Data/Output/collected_outputs/figures/_temp_individual_posteriors/2026-09-17/vvp01_two_2006-4-10_12-58-3/ripple/combined/multi/,p_x_given_n[085].png,2026-09-17 20:54:21+00:00,5723,vvp01_two_2006-4-10_12-58-3
803,file,/umms-kdiba/Data/Output/collected_outputs/figures/_temp_individual_posteriors/2026-09-17/vvp01_two_2006-4-10_12-58-3/ripple/combined/multi/,p_x_given_n[086].png,2026-09-17 20:54:21+00:00,3841,vvp01_two_2006-4-10_12-58-3
804,file,/umms-kdiba/Data/Output/collected_outputs/figures/_temp_individual_posteriors/2026-09-17/vvp01_two_2006-4-10_12-58-3/ripple/combined/multi/,p_x_given_n[088].png,2026-09-17 20:54:21+00:00,2712,vvp01_two_2006-4-10_12-58-3
805,file,/umms-kdiba/Data/Output/collected_outputs/figures/_temp_individual_posteriors/2026-09-17/vvp01_two_2006-4-10_12-58-3/ripple/combined/multi/,p_x_given_n[089].png,2026-09-17 20:54:21+00:00,13747,vvp01_two_2006-4-10_12-58-3
806,file,/umms-kdiba/Data/Output/collected_outputs/figures/_temp_individual_posteriors/2026-09-17/vvp01_two_2006-4-10_12-58-3/ripple/combined/multi/,p_x_given_n[090].png,2026-09-17 20:54:21+00:00,13339,vvp01_two_2006-4-10_12-58-3
807,file,/umms-kdiba/Data/Output/collected_outputs/figures/_temp_individual_posteriors/2026-09-17/vvp01_two_2006-4-10_12-58-3/ripple/combined/multi/,p_x_given_n[092].png,2026-09-17 20:54:21+00:00,3088,vvp01_two_2006-4-10_12-58-3
808,file,/umms-kdiba/Data/Output/collected_outputs/figures/_temp_individual_posteriors/2026-09-17/vvp01_two_2006-4-10_12-58-3/ripple/combined/multi/,p_x_given_n[094].png,2026-09-17 20:54:21+00:00,3047,vvp01_two_2006-4-10_12-58-3
809,file,/umms-kdiba/Data/Output/collected_outputs/figures/_temp_individual_posteriors/2026-09-17/vvp01_two_2006-4-10_12-58-3/ripple/combined/multi/,p_x_given_n[095].png,2026-09-17 20:54:21+00:00,3345,vvp01_two_2006-4-10_12-58-3
810,file,/umms-kdiba/Data/Output/collected_outputs/figures/_temp_individual_posteriors/2026-09-17/vvp01_two_2006-4-10_12-58-3/ripple/combined/multi/,p_x_given_n[096].png,2026-09-17 20:54:21+00:00,13381,vvp01_two_2006-4-10_12-58-3
811,file,/umms-kdiba/Data/Output/collected_outputs/figures/_temp_individual_posteriors/2026-09-17/vvp01_two_2006-4-10_12-58-3/ripple/combined/multi/,p_x_given_n[098].png,2026-09-17 20:54:21+00:00,6682,vvp01_two_2006-4-10_12-58-3
812,file,/umms-kdiba/Data/Output/collected_outputs/figures/_temp_individual_posteriors/2026-09-17/vvp01_two_2006-4-10_12-58-3/ripple/combined/multi/,p_x_given_n[099].png,2026-09-17 20:54:21+00:00,2684,vvp01_two_2006-4-10_12-58-3
813,file,/umms-kdiba/Data/Output/collected_outputs/figures/_temp_individual_posteriors/2026-09-17/vvp01_two_2006-4-10_12-58-3/ripple/combined/multi/,p_x_given_n[101].png,2026-09-17 20:54:21+00:00,3646,vvp01_two_2006-4-10_12-58-3
814,file,/umms-kdiba/Data/Output/collected_outputs/figures/_temp_individual_posteriors/2026-09-17/vvp01_two_2006-4-10_12-58-3/ripple/combined/multi/,p_x_given_n[104].png,2026-09-17 20:54:21+00:00,9117,vvp01_two_2006-4-10_12-58-3
815,file,/umms-kdiba/Data/Output/collected_outputs/figures/_temp_individual_posteriors/2026-09-17/vvp01_two_2006-4-10_12-58-3/ripple/combined/multi/,p_x_given_n[107].png,2026-09-17 20:54:21+00:00,8980,vvp01_two_2006-4-10_12-58-3
816,file,/umms-kdiba/Data/Output/collected_outputs/figures/_temp_individual_posteriors/2026-09-17/vvp01_two_2006-4-10_12-58-3/ripple/combined/multi/,p_x_given_n[112].png,2026-09-17 20:54:21+00:00,6093,vvp01_two_2006-4-10_12-58-3
817,file,/umms-kdiba/Data/Output/collected_outputs/figures/_temp_individual_posteriors/2026-09-17/vvp01_two_2006-4-10_12-58-3/ripple/combined/multi/,p_x_given_n[115].png,2026-09-17 20:54:21+00:00,9154,vvp01_two_2006-4-10_12-58-3
818,file,/umms-kdiba/Data/Output/collected_outputs/figures/_temp_individual_posteriors/2026-09-17/vvp01_two_2006-4-10_12-58-3/ripple/combined/multi/,p_x_given_n[117].png,2026-09-17 20:54:21+00:00,3982,vvp01_two_2006-4-10_12-58-3
819,file,/umms-kdiba/Data/Output/collected_outputs/figures/_temp_individual_posteriors/2026-09-17/vvp01_two_2006-4-10_12-58-3/ripple/combined/multi/,p_x_given_n[118].png,2026-09-17 20:54:21+00:00,7278,vvp01_two_2006-4-10_12-58-3
820,file,/umms-kdiba/Data/Output/collected_outputs/figures/_temp_individual_posteriors/2026-09-17/vvp01_two_2006-4-10_12-58-3/ripple/combined/multi/,p_x_given_n[119].png,2026-09-17 20:54:21+00:00,12494,vvp01_two_2006-4-10_12-58-3
821,file,/umms-kdiba/Data/Output/collected_outputs/figures/_temp_individual_posteriors/2026-09-17/vvp01_two_2006-4-10_12-58-3/ripple/combined/multi/,p_x_given_n[123].png,2026-09-17 20:54:21+00:00,8089,vvp01_two_2006-4-10_12-58-3
822,file,/umms-kdiba/Data/Output/collected_outputs/figures/_temp_individual_posteriors/2026-09-17/vvp01_two_2006-4-10_12-58-3/ripple/combined/multi/,p_x_given_n[128].png,2026-09-17 20:54:21+00:00,2963,vvp01_two_2006-4-10_12-58-3
823,file,/umms-kdiba/Data/Output/collected_outputs/figures/_temp_individual_posteriors/2026-09-17/vvp01_two_2006-4-10_12-58-3/ripple/combined/multi/,p_x_given_n[129].png,2026-09-17 20:54:21+00:00,659,vvp01_two_2006-4-10_12-58-3
824,file,/umms-kdiba/Data/Output/collected_outputs/figures/_temp_individual_posteriors/2026-09-17/vvp01_two_2006-4-10_12-58-3/ripple/combined/multi/,p_x_given_n[130].png,2026-09-17 20:54:21+00:00,11175,vvp01_two_2006-4-10_12-58-3
825,file,/umms-kdiba/Data/Output/collected_outputs/figures/_temp_individual_posteriors/2026-09-17/vvp01_two_2006-4-10_12-58-3/ripple/combined/multi/,p_x_given_n[132].png,2026-09-17 20:54:21+00:00,6507,vvp01_two_2006-4-10_12-58-3
826,file,/umms-kdiba/Data/Output/collected_outputs/figures/_temp_individual_posteriors/2026-09-17/vvp01_two_2006-4-10_12-58-3/ripple/combined/multi/,p_x_given_n[134].png,2026-09-17 20:54:21+00:00,2866,vvp01_two_2006-4-10_12-58-3
827,file,/umms-kdiba/Data/Output/collected_outputs/figures/_temp_individual_posteriors/2026-09-17/vvp01_two_2006-4-10_12-58-3/ripple/combined/multi/,p_x_given_n[138].png,2026-09-17 20:54:21+00:00,3495,vvp01_two_2006-4-10_12-58-3
828,file,/umms-kdiba/Data/Output/collected_outputs/figures/_temp_individual_posteriors/2026-09-17/vvp01_two_2006-4-10_12-58-3/ripple/combined/multi/,p_x_given_n[139].png,2026-09-17 20:54:21+00:00,10409,vvp01_two_2006-4-10_12-58-3
829,file,/umms-kdiba/Data/Output/collected_outputs/figures/_temp_individual_posteriors/2026-09-17/vvp01_two_2006-4-10_12-58-3/ripple/combined/multi/,p_x_given_n[140].png,2026-09-17 20:54:21+00:00,9507,vvp01_two_2006-4-10_12-58-3
830,file,/umms-kdiba/Data/Output/collected_outputs/figures/_temp_individual_posteriors/2026-09-17/vvp01_two_2006-4-10_12-58-3/ripple/combined/multi/,p_x_given_n[142].png,2026-09-17 20:54:21+00:00,11067,vvp01_two_2006-4-10_12-58-3
831,file,/umms-kdiba/Data/Output/collected_outputs/figures/_temp_individual_posteriors/2026-09-17/vvp01_two_2006-4-10_12-58-3/ripple/combined/multi/,p_x_given_n[144].png,2026-09-17 20:54:21+00:00,4618,vvp01_two_2006-4-10_12-58-3
832,file,/umms-kdiba/Data/Output/collected_outputs/figures/_temp_individual_posteriors/2026-09-17/vvp01_two_2006-4-10_12-58-3/ripple/combined/multi/,p_x_given_n[145].png,2026-09-17 20:54:21+00:00,4993,vvp01_two_2006-4-10_12-58-3
833,file,/umms-kdiba/Data/Output/collected_outputs/figures/_temp_individual_posteriors/2026-09-17/vvp01_two_2006-4-10_12-58-3/ripple/combined/multi/,p_x_given_n[146].png,2026-09-17 20:54:21+00:00,8434,vvp01_two_2006-4-10_12-58-3
834,file,/umms-kdiba/Data/Output/collected_outputs/figures/_temp_individual_posteriors/2026-09-17/vvp01_two_2006-4-10_12-58-3/ripple/combined/multi/,p_x_given_n[147].png,2026-09-17 20:54:21+00:00,8166,vvp01_two_2006-4-10_12-58-3
835,file,/umms-kdiba/Data/Output/collected_outputs/figures/_temp_individual_posteriors/2026-09-17/vvp01_two_2006-4-10_12-58-3/ripple/combined/multi/,p_x_given_n[150].png,2026-09-17 20:54:21+00:00,6977,vvp01_two_2006-4-10_12-58-3
836,file,/umms-kdiba/Data/Output/collected_outputs/figures/_temp_individual_posteriors/2026-09-17/vvp01_two_2006-4-10_12-58-3/ripple/combined/multi/,p_x_given_n[158].png,2026-09-17 20:54:21+00:00,10618,vvp01_two_2006-4-10_12-58-3
837,file,/umms-kdiba/Data/Output/collected_outputs/figures/_temp_individual_posteriors/2026-09-17/vvp01_two_2006-4-10_12-58-3/ripple/combined/multi/,p_x_given_n[164].png,2026-09-17 20:54:21+00:00,9008,vvp01_two_2006-4-10_12-58-3
838,file,/umms-kdiba/Data/Output/collected_outputs/figures/_temp_individual_posteriors/2026-09-17/vvp01_two_2006-4-10_12-58-3/ripple/combined/multi/,p_x_given_n[167].png,2026-09-17 20:54:21+00:00,2646,vvp01_two_2006-4-10_12-58-3
839,file,/umms-kdiba/Data/Output/collected_outputs/figures/_temp_individual_posteriors/2026-09-17/vvp01_two_2006-4-10_12-58-3/ripple/combined/multi/,p_x_given_n[169].png,2026-09-17 20:54:21+00:00,11072,vvp01_two_2006-4-10_12-58-3
840,file,/umms-kdiba/Data/Output/collected_outputs/figures/_temp_individual_posteriors/2026-09-17/vvp01_two_2006-4-10_12-58-3/ripple/combined/multi/,p_x_given_n[170].png,2026-09-17 20:54:21+00:00,5749,vvp01_two_2006-4-10_12-58-3
841,file,/umms-kdiba/Data/Output/collected_outputs/figures/_temp_individual_posteriors/2026-09-17/vvp01_two_2006-4-10_12-58-3/ripple/combined/multi/,p_x_given_n[171].png,2026-09-17 20:54:21+00:00,489,vvp01_two_2006-4-10_12-58-3
842,file,/umms-kdiba/Data/Output/collected_outputs/figures/_temp_individual_posteriors/2026-09-17/vvp01_two_2006-4-10_12-58-3/ripple/combined/multi/,p_x_given_n[174].png,2026-09-17 20:54:21+00:00,4692,vvp01_two_2006-4-10_12-58-3
843,file,/umms-kdiba/Data/Output/collected_outputs/figures/_temp_individual_posteriors/2026-09-17/vvp01_two_2006-4-10_12-58-3/ripple/combined/multi/,p_x_given_n[175].png,2026-09-17 20:54:21+00:00,7279,vvp01_two_2006-4-10_12-58-3
844,file,/umms-kdiba/Data/Output/collected_outputs/figures/_temp_individual_posteriors/2026-09-17/vvp01_two_2006-4-10_12-58-3/ripple/combined/multi/,p_x_given_n[176].png,2026-09-17 20:54:21+00:00,9464,vvp01_two_2006-4-10_12-58-3
845,file,/umms-kdiba/Data/Output/collected_outputs/figures/_temp_individual_posteriors/2026-09-17/vvp01_two_2006-4-10_12-58-3/ripple/combined/multi/,p_x_given_n[178].png,2026-09-17 20:54:21+00:00,13204,vvp01_two_2006-4-10_12-58-3
846,file,/umms-kdiba/Data/Output/collected_outputs/figures/_temp_individual_posteriors/2026-09-17/vvp01_two_2006-4-10_12-58-3/ripple/combined/multi/,p_x_given_n[180].png,2026-09-17 20:54:21+00:00,7958,vvp01_two_2006-4-10_12-58-3
847,file,/umms-kdiba/Data/Output/collected_outputs/figures/_temp_individual_posteriors/2026-09-17/vvp01_two_2006-4-10_12-58-3/ripple/combined/multi/,p_x_given_n[181].png,2026-09-17 20:54:21+00:00,10877,vvp01_two_2006-4-10_12-58-3
848,file,/umms-kdiba/Data/Output/collected_outputs/figures/_temp_individual_posteriors/2026-09-17/vvp01_two_2006-4-10_12-58-3/ripple/combined/multi/,p_x_given_n[182].png,2026-09-17 20:54:21+00:00,8904,vvp01_two_2006-4-10_12-58-3
849,file,/umms-kdiba/Data/Output/collected_outputs/figures/_temp_individual_posteriors/2026-09-17/vvp01_two_2006-4-10_12-58-3/ripple/combined/multi/,p_x_given_n[186].png,2026-09-17 20:54:21+00:00,2949,vvp01_two_2006-4-10_12-58-3
850,file,/umms-kdiba/Data/Output/collected_outputs/figures/_temp_individual_posteriors/2026-09-17/vvp01_two_2006-4-10_12-58-3/ripple/combined/multi/,p_x_given_n[189].png,2026-09-17 20:54:21+00:00,2763,vvp01_two_2006-4-10_12-58-3
851,file,/umms-kdiba/Data/Output/collected_outputs/figures/_temp_individual_posteriors/2026-09-17/vvp01_two_2006-4-10_12-58-3/ripple/combined/multi/,p_x_given_n[190].png,2026-09-17 20:54:21+00:00,2894,vvp01_two_2006-4-10_12-58-3
852,file,/umms-kdiba/Data/Output/collected_outputs/figures/_temp_individual_posteriors/2026-09-17/vvp01_two_2006-4-10_12-58-3/ripple/combined/multi/,p_x_given_n[191].png,2026-09-17 20:54:21+00:00,4866,vvp01_two_2006-4-10_12-58-3
853,file,/umms-kdiba/Data/Output/collected_outputs/figures/_temp_individual_posteriors/2026-09-17/vvp01_two_2006-4-10_12-58-3/ripple/combined/multi/,p_x_given_n[193].png,2026-09-17 20:54:21+00:00,496,vvp01_two_2006-4-10_12-58-3
854,file,/umms-kdiba/Data/Output/collected_outputs/figures/_temp_individual_posteriors/2026-09-17/vvp01_two_2006-4-10_12-58-3/ripple/combined/multi/,p_x_given_n[194].png,2026-09-17 20:54:21+00:00,13922,vvp01_two_2006-4-10_12-58-3
855,file,/umms-kdiba/Data/Output/collected_outputs/figures/_temp_individual_posteriors/2026-09-17/vvp01_two_2006-4-10_12-58-3/ripple/combined/multi/,p_x_given_n[198].png,2026-09-17 20:54:21+00:00,10740,vvp01_two_2006-4-10_12-58-3
856,file,/umms-kdiba/Data/Output/collected_outputs/figures/_temp_individual_posteriors/2026-09-17/vvp01_two_2006-4-10_12-58-3/ripple/combined/multi/,p_x_given_n[199].png,2026-09-17 20:54:21+00:00,11606,vvp01_two_2006-4-10_12-58-3
857,file,/umms-kdiba/Data/Output/collected_outputs/figures/_temp_individual_posteriors/2026-09-17/vvp01_two_2006-4-10_12-58-3/ripple/combined/multi/,p_x_given_n[202].png,2026-09-17 20:54:21+00:00,10151,vvp01_two_2006-4-10_12-58-3
858,file,/umms-kdiba/Data/Output/collected_outputs/figures/_temp_individual_posteriors/2026-09-17/vvp01_two_2006-4-10_12-58-3/ripple/combined/multi/,p_x_given_n[203].png,2026-09-17 20:54:21+00:00,6044,vvp01_two_2006-4-10_12-58-3
859,file,/umms-kdiba/Data/Output/collected_outputs/figures/_temp_individual_posteriors/2026-09-17/vvp01_two_2006-4-10_12-58-3/ripple/combined/multi/,p_x_given_n[206].png,2026-09-17 20:54:21+00:00,11544,vvp01_two_2006-4-10_12-58-3
860,file,/umms-kdiba/Data/Output/collected_outputs/figures/_temp_individual_posteriors/2026-09-17/vvp01_two_2006-4-10_12-58-3/ripple/combined/multi/,p_x_given_n[209].png,2026-09-17 20:54:21+00:00,13271,vvp01_two_2006-4-10_12-58-3
861,file,/umms-kdiba/Data/Output/collected_outputs/figures/_temp_individual_posteriors/2026-09-17/vvp01_two_2006-4-10_12-58-3/ripple/combined/multi/,p_x_given_n[000].png,2026-09-17 20:54:20+00:00,13684,vvp01_two_2006-4-10_12-58-3
862,file,/umms-kdiba/Data/Output/collected_outputs/figures/_temp_individual_posteriors/2026-09-17/vvp01_two_2006-4-10_12-58-3/ripple/combined/multi/,p_x_given_n[001].png,2026-09-17 20:54:20+00:00,12975,vvp01_two_2006-4-10_12-58-3
863,file,/umms-kdiba/Data/Output/collected_outputs/figures/_temp_individual_posteriors/2026-09-17/vvp01_two_2006-4-10_12-58-3/ripple/combined/multi/,p_x_given_n[008].png,2026-09-17 20:54:20+00:00,14698,vvp01_two_2006-4-10_12-58-3
864,file,/umms-kdiba/Data/Output/collected_outputs/figures/_temp_individual_posteriors/2026-09-17/vvp01_two_2006-4-10_12-58-3/ripple/combined/multi/,p_x_given_n[011].png,2026-09-17 20:54:20+00:00,10389,vvp01_two_2006-4-10_12-58-3
865,file,/umms-kdiba/Data/Output/collected_outputs/figures/_temp_individual_posteriors/2026-09-17/vvp01_two_2006-4-10_12-58-3/ripple/combined/multi/,p_x_given_n[015].png,2026-09-17 20:54:20+00:00,5887,vvp01_two_2006-4-10_12-58-3
866,file,/umms-kdiba/Data/Output/collected_outputs/figures/_temp_individual_posteriors/2026-09-17/vvp01_two_2006-4-10_12-58-3/ripple/combined/multi/,p_x_given_n[022].png,2026-09-17 20:54:20+00:00,9560,vvp01_two_2006-4-10_12-58-3
867,file,/umms-kdiba/Data/Output/collected_outputs/figures/_temp_individual_posteriors/2026-09-17/vvp01_two_2006-4-10_12-58-3/ripple/combined/multi/,p_x_given_n[025].png,2026-09-17 20:54:20+00:00,6437,vvp01_two_2006-4-10_12-58-3
868,file,/umms-kdiba/Data/Output/collected_outputs/figures/_temp_individual_posteriors/2026-09-17/vvp01_two_2006-4-10_12-58-3/ripple/combined/multi/,p_x_given_n[028].png,2026-09-17 20:54:20+00:00,9674,vvp01_two_2006-4-10_12-58-3
869,file,/umms-kdiba/Data/Output/collected_outputs/figures/_temp_individual_posteriors/2026-09-17/vvp01_two_2006-4-10_12-58-3/ripple/combined/multi/,p_x_given_n[031].png,2026-09-17 20:54:20+00:00,13580,vvp01_two_2006-4-10_12-58-3
870,file,/umms-kdiba/Data/Output/collected_outputs/figures/_temp_individual_posteriors/2026-09-17/vvp01_two_2006-4-10_12-58-3/ripple/combined/multi/,p_x_given_n[032].png,2026-09-17 20:54:20+00:00,3318,vvp01_two_2006-4-10_12-58-3
871,file,/umms-kdiba/Data/Output/collected_outputs/figures/_temp_individual_posteriors/2026-09-17/vvp01_two_2006-4-10_12-58-3/ripple/combined/multi/,p_x_given_n[034].png,2026-09-17 20:54:20+00:00,5148,vvp01_two_2006-4-10_12-58-3
872,file,/umms-kdiba/Data/Output/collected_outputs/figures/_temp_individual_posteriors/2026-09-17/vvp01_two_2006-4-10_12-58-3/ripple/combined/multi/,p_x_given_n[036].png,2026-09-17 20:54:20+00:00,13207,vvp01_two_2006-4-10_12-58-3
873,file,/umms-kdiba/Data/Output/collected_outputs/figures/_temp_individual_posteriors/2026-09-17/vvp01_two_2006-4-10_12-58-3/ripple/combined/multi/,p_x_given_n[037].png,2026-09-17 20:54:20+00:00,730,vvp01_two_2006-4-10_12-58-3
874,file,/umms-kdiba/Data/Output/collected_outputs/figures/_temp_individual_posteriors/2026-09-17/vvp01_two_2006-4-10_12-58-3/ripple/combined/multi/,p_x_given_n[039].png,2026-09-17 20:54:20+00:00,12899,vvp01_two_2006-4-10_12-58-3
875,file,/umms-kdiba/Data/Output/collected_outputs/figures/_temp_individual_posteriors/2026-09-17/vvp01_two_2006-4-10_12-58-3/ripple/combined/multi/,p_x_given_n[041].png,2026-09-17 20:54:20+00:00,11024,vvp01_two_2006-4-10_12-58-3
876,file,/umms-kdiba/Data/Output/collected_outputs/figures/_temp_individual_posteriors/2026-09-17/vvp01_two_2006-4-10_12-58-3/ripple/combined/multi/,p_x_given_n[044].png,2026-09-17 20:54:20+00:00,607,vvp01_two_2006-4-10_12-58-3
877,file,/umms-kdiba/Data/Output/collected_outputs/figures/_temp_individual_posteriors/2026-09-17/vvp01_two_2006-4-10_12-58-3/ripple/combined/multi/,p_x_given_n[045].png,2026-09-17 20:54:20+00:00,3116,vvp01_two_2006-4-10_12-58-3
878,file,/umms-kdiba/Data/Output/collected_outputs/figures/_temp_individual_posteriors/2026-09-17/vvp01_two_2006-4-10_12-58-3/ripple/combined/multi/,p_x_given_n[047].png,2026-09-17 20:54:20+00:00,521,vvp01_two_2006-4-10_12-58-3
879,file,/umms-kdiba/Data/Output/collected_outputs/figures/_temp_individual_posteriors/2026-09-17/vvp01_two_2006-4-10_12-58-3/ripple/combined/multi/,p_x_given_n[049].png,2026-09-17 20:54:20+00:00,3240,vvp01_two_2006-4-10_12-58-3
880,file,/umms-kdiba/Data/Output/collected_outputs/figures/_temp_individual_posteriors/2026-09-17/vvp01_two_2006-4-10_12-58-3/ripple/combined/multi/,p_x_given_n[051].png,2026-09-17 20:54:20+00:00,5063,vvp01_two_2006-4-10_12-58-3
881,file,/umms-kdiba/Data/Output/collected_outputs/figures/_temp_individual_posteriors/2026-09-17/vvp01_two_2006-4-10_12-58-3/ripple/combined/multi/,p_x_given_n[052].png,2026-09-17 20:54:20+00:00,3004,vvp01_two_2006-4-10_12-58-3
882,file,/umms-kdiba/Data/Output/collected_outputs/figures/_temp_individual_posteriors/2026-09-17/vvp01_two_2006-4-10_12-58-3/ripple/combined/multi/,p_x_given_n[054].png,2026-09-17 20:54:20+00:00,3127,vvp01_two_2006-4-10_12-58-3
883,file,/umms-kdiba/Data/Output/collected_outputs/figures/_temp_individual_posteriors/2026-09-17/vvp01_two_2006-4-10_12-58-3/ripple/combined/multi/,p_x_given_n[055].png,2026-09-17 20:54:20+00:00,3333,vvp01_two_2006-4-10_12-58-3
884,file,/umms-kdiba/Data/Output/collected_outputs/figures/_temp_individual_posteriors/2026-09-17/vvp01_two_2006-4-10_12-58-3/ripple/combined/multi/,p_x_given_n[056].png,2026-09-17 20:54:20+00:00,3000,vvp01_two_2006-4-10_12-58-3
885,file,/umms-kdiba/Data/Output/collected_outputs/figures/_temp_individual_posteriors/2026-09-17/vvp01_two_2006-4-10_12-58-3/ripple/combined/multi/,p_x_given_n[058].png,2026-09-17 20:54:20+00:00,14005,vvp01_two_2006-4-10_12-58-3
886,file,/umms-kdiba/Data/Output/collected_outputs/figures/_temp_individual_posteriors/2026-09-17/vvp01_two_2006-4-10_12-58-3/ripple/combined/multi/,p_x_given_n[060].png,2026-09-17 20:54:20+00:00,3312,vvp01_two_2006-4-10_12-58-3
887,file,/umms-kdiba/Data/Output/collected_outputs/figures/_temp_individual_posteriors/2026-09-17/vvp01_two_2006-4-10_12-58-3/ripple/combined/multi/,p_x_given_n[061].png,2026-09-17 20:54:20+00:00,9418,vvp01_two_2006-4-10_12-58-3
888,file,/umms-kdiba/Data/Output/collected_outputs/figures/_temp_individual_posteriors/2026-09-17/vvp01_two_2006-4-10_12-58-3/ripple/combined/multi/,p_x_given_n[062].png,2026-09-17 20:54:20+00:00,6258,vvp01_two_2006-4-10_12-58-3
889,file,/umms-kdiba/Data/Output/collected_outputs/figures/_temp_individual_posteriors/2026-09-17/vvp01_two_2006-4-10_12-58-3/ripple/combined/multi/,p_x_given_n[063].png,2026-09-17 20:54:20+00:00,2702,vvp01_two_2006-4-10_12-58-3
890,file,/umms-kdiba/Data/Output/collected_outputs/figures/_temp_individual_posteriors/2026-09-17/vvp01_two_2006-4-10_12-58-3/ripple/combined/multi/,p_x_given_n[064].png,2026-09-17 20:54:20+00:00,4949,vvp01_two_2006-4-10_12-58-3
891,file,/umms-kdiba/Data/Output/collected_outputs/figures/_temp_individual_posteriors/2026-09-17/vvp01_two_2006-4-10_12-58-3/ripple/combined/multi/,p_x_given_n[065].png,2026-09-17 20:54:20+00:00,3475,vvp01_two_2006-4-10_12-58-3
