,type,parent_path,name,last_modified,size,sess
0,file,/umms-kdiba/Data/Output/collected_outputs/figures/_temp_individual_posteriors/2026-09-16/gor01_one_2006-6-08_14-26-15/ripple/combined/multi/,p_x_given_n[642].png,2026-09-16 20:49:49+00:00,22651,gor01_one_2006-6-08_14-26-15
1,file,/umms-kdiba/Data/Output/collected_outputs/figures/_temp_individual_posteriors/2026-09-16/gor01_one_2006-6-08_14-26-15/ripple/combined/multi/,p_x_given_n[643].png,2026-09-16 20:49:49+00:00,13403,gor01_one_2006-6-08_14-26-15
2,file,/umms-kdiba/Data/Output/collected_outputs/figures/_temp_individual_posteriors/2026-09-16/gor01_one_2006-6-08_14-26-15/ripple/combined/multi/,p_x_given_n[644].png,2026-09-16 20:49:49+00:00,6920,gor01_one_2006-6-08_14-26-15
3,file,/umms-kdiba/Data/Output/collected_outputs/figures/_temp_individual_posteriors/2026-09-16/gor01_one_2006-6-08_14-26-15/ripple/combined/multi/,p_x_given_n[645].png,2026-09-16 20:49:49+00:00,11477,gor01_one_2006-6-08_14-26-15
4,file,/umms-kdiba/Data/Output/collected_outputs/figures/_temp_individual_posteriors/2026-09-16/gor01_one_2006-6-08_14-26-15/ripple/combined/multi/,p_x_given_n[646].png,2026-09-16 20:49:49+00:00,21151,gor01_one_2006-6-08_14-26-15
5,file,/umms-kdiba/Data/Output/collected_outputs/figures/_temp_individual_posteriors/2026-09-16/gor01_one_2006-6-08_14-26-15/ripple/combined/multi/,p_x_given_n[648].png,2026-09-16 20:49:49+00:00,16505,gor01_one_2006-6-08_14-26-15
6,file,/umms-kdiba/Data/Output/collected_outputs/figures/_temp_individual_posteriors/2026-09-16/gor01_one_2006-6-08_14-26-15/ripple/combined/multi/,p_x_given_n[649].png,2026-09-16 20:49:49+00:00,7452,gor01_one_2006-6-08_14-26-15
7,file,/umms-kdiba/Data/Output/collected_outputs/figures/_temp_individual_posteriors/2026-09-16/gor01_one_2006-6-08_14-26-15/ripple/combined/multi/,p_x_given_n[650].png,2026-09-16 20:49:49+00:00,8053,gor01_one_2006-6-08_14-26-15
8,file,/umms-kdiba/Data/Output/collected_outputs/figures/_temp_individual_posteriors/2026-09-16/gor01_one_2006-6-08_14-26-15/ripple/combined/multi/,p_x_given_n[651].png,2026-09-16 20:49:49+00:00,20092,gor01_one_2006-6-08_14-26-15
9,file,/umms-kdiba/Data/Output/collected_outputs/figures/_temp_individual_posteriors/2026-09-16/gor01_one_2006-6-08_14-26-15/ripple/combined/multi/,p_x_given_n[652].png,2026-09-16 20:49:49+00:00,11530,gor01_one_2006-6-08_14-26-15
10,file,/umms-kdiba/Data/Output/collected_outputs/figures/_temp_individual_posteriors/2026-09-16/gor01_one_2006-6-08_14-26-15/ripple/combined/multi/,p_x_given_n[653].png,2026-09-16 20:49:49+00:00,13563,gor01_one_2006-6-08_14-26-15
11,file,/umms-kdiba/Data/Output/collected_outputs/figures/_temp_individual_posteriors/2026-09-16/gor01_one_2006-6-08_14-26-15/ripple/combined/multi/,p_x_given_n[654].png,2026-09-16 20:49:49+00:00,18848,gor01_one_2006-6-08_14-26-15
12,file,/umms-kdiba/Data/Output/collected_outputs/figures/_temp_individual_posteriors/2026-09-16/gor01_one_2006-6-08_14-26-15/ripple/combined/multi/,p_x_given_n[655].png,2026-09-16 20:49:49+00:00,13612,gor01_one_2006-6-08_14-26-15
13,file,/umms-kdiba/Data/Output/collected_outputs/figures/_temp_individual_posteriors/2026-09-16/gor01_one_2006-6-08_14-26-15/ripple/combined/multi/,p_x_given_n[656].png,2026-09-16 20:49:49+00:00,14983,gor01_one_2006-6-08_14-26-15
14,file,/umms-kdiba/Data/Output/collected_outputs/figures/_temp_individual_posteriors/2026-09-16/gor01_one_2006-6-08_14-26-15/ripple/combined/multi/,p_x_given_n[591].png,2026-09-16 20:49:48+00:00,4215,gor01_one_2006-6-08_14-26-15
15,file,/umms-kdiba/Data/Output/collected_outputs/figures/_temp_individual_posteriors/2026-09-16/gor01_one_2006-6-08_14-26-15/ripple/combined/multi/,p_x_given_n[592].png,2026-09-16 20:49:48+00:00,14483,gor01_one_2006-6-08_14-26-15
16,file,/umms-kdiba/Data/Output/collected_outputs/figures/_temp_individual_posteriors/2026-09-16/gor01_one_2006-6-08_14-26-15/ripple/combined/multi/,p_x_given_n[593].png,2026-09-16 20:49:48+00:00,10052,gor01_one_2006-6-08_14-26-15
17,file,/umms-kdiba/Data/Output/collected_outputs/figures/_temp_individual_posteriors/2026-09-16/gor01_one_2006-6-08_14-26-15/ripple/combined/multi/,p_x_given_n[594].png,2026-09-16 20:49:48+00:00,23294,gor01_one_2006-6-08_14-26-15
18,file,/umms-kdiba/Data/Output/collected_outputs/figures/_temp_individual_posteriors/2026-09-16/gor01_one_2006-6-08_14-26-15/ripple/combined/multi/,p_x_given_n[595].png,2026-09-16 20:49:48+00:00,16033,gor01_one_2006-6-08_14-26-15
19,file,/umms-kdiba/Data/Output/collected_outputs/figures/_temp_individual_posteriors/2026-09-16/gor01_one_2006-6-08_14-26-15/ripple/combined/multi/,p_x_given_n[596].png,2026-09-16 20:49:48+00:00,13689,gor01_one_2006-6-08_14-26-15
20,file,/umms-kdiba/Data/Output/collected_outputs/figures/_temp_individual_posteriors/2026-09-16/gor01_one_2006-6-08_14-26-15/ripple/combined/multi/,p_x_given_n[597].png,2026-09-16 20:49:48+00:00,3801,gor01_one_2006-6-08_14-26-15
21,file,/umms-kdiba/Data/Output/collected_outputs/figures/_temp_individual_posteriors/2026-09-16/gor01_one_2006-6-08_14-26-15/ripple/combined/multi/,p_x_given_n[598].png,2026-09-16 20:49:48+00:00,6846,gor01_one_2006-6-08_14-26-15
22,file,/umms-kdiba/Data/Output/collected_outputs/figures/_temp_individual_posteriors/2026-09-16/gor01_one_2006-6-08_14-26-15/ripple/combined/multi/,p_x_given_n[599].png,2026-09-16 20:49:48+00:00,19020,gor01_one_2006-6-08_14-26-15
23,file,/umms-kdiba/Data/Output/collected_outputs/figures/_temp_individual_posteriors/2026-09-16/gor01_one_2006-6-08_14-26-15/ripple/combined/multi/,p_x_given_n[600].png,2026-09-16 20:49:48+00:00,9960,gor01_one_2006-6-08_14-26-15
24,file,/umms-kdiba/Data/Output/collected_outputs/figures/_temp_individual_posteriors/2026-09-16/gor01_one_2006-6-08_14-26-15/ripple/combined/multi/,p_x_given_n[601].png,2026-09-16 20:49:48+00:00,6290,gor01_one_2006-6-08_14-26-15
25,file,/umms-kdiba/Data/Output/collected_outputs/figures/_temp_individual_posteriors/2026-09-16/gor01_one_2006-6-08_14-26-15/ripple/combined/multi/,p_x_given_n[602].png,2026-09-16 20:49:48+00:00,13214,gor01_one_2006-6-08_14-26-15
26,file,/umms-kdiba/Data/Output/collected_outputs/figures/_temp_individual_posteriors/2026-09-16/gor01_one_2006-6-08_14-26-15/ripple/combined/multi/,p_x_given_n[603].png,2026-09-16 20:49:48+00:00,6623,gor01_one_2006-6-08_14-26-15
27,file,/umms-kdiba/Data/Output/collected_outputs/figures/_temp_individual_posteriors/2026-09-16/gor01_one_2006-6-08_14-26-15/ripple/combined/multi/,p_x_given_n[604].png,2026-09-16 20:49:48+00:00,3783,gor01_one_2006-6-08_14-26-15
28,file,/umms-kdiba/Data/Output/collected_outputs/figures/_temp_individual_posteriors/2026-09-16/gor01_one_2006-6-08_14-26-15/ripple/combined/multi/,p_x_given_n[606].png,2026-09-16 20:49:48+00:00,15072,gor01_one_2006-6-08_14-26-15
29,file,/umms-kdiba/Data/Output/collected_outputs/figures/_temp_individual_posteriors/2026-09-16/gor01_one_2006-6-08_14-26-15/ripple/combined/multi/,p_x_given_n[607].png,2026-09-16 20:49:48+00:00,17021,gor01_one_2006-6-08_14-26-15
30,file,/umms-kdiba/Data/Output/collected_outputs/figures/_temp_individual_posteriors/2026-09-16/gor01_one_2006-6-08_14-26-15/ripple/combined/multi/,p_x_given_n[608].png,2026-09-16 20:49:48+00:00,20949,gor01_one_2006-6-08_14-26-15
31,file,/umms-kdiba/Data/Output/collected_outputs/figures/_temp_individual_posteriors/2026-09-16/gor01_one_2006-6-08_14-26-15/ripple/combined/multi/,p_x_given_n[609].png,2026-09-16 20:49:48+00:00,19019,gor01_one_2006-6-08_14-26-15
32,file,/umms-kdiba/Data/Output/collected_outputs/figures/_temp_individual_posteriors/2026-09-16/gor01_one_2006-6-08_14-26-15/ripple/combined/multi/,p_x_given_n[610].png,2026-09-16 20:49:48+00:00,16195,gor01_one_2006-6-08_14-26-15
33,file,/umms-kdiba/Data/Output/collected_outputs/figures/_temp_individual_posteriors/2026-09-16/gor01_one_2006-6-08_14-26-15/ripple/combined/multi/,p_x_given_n[611].png,2026-09-16 20:49:48+00:00,4322,gor01_one_2006-6-08_14-26-15
34,file,/umms-kdiba/Data/Output/collected_outputs/figures/_temp_individual_posteriors/2026-09-16/gor01_one_2006-6-08_14-26-15/ripple/combined/multi/,p_x_given_n[612].png,2026-09-16 20:49:48+00:00,3438,gor01_one_2006-6-08_14-26-15
35,file,/umms-kdiba/Data/Output/collected_outputs/figures/_temp_individual_posteriors/2026-09-16/gor01_one_2006-6-08_14-26-15/ripple/combined/multi/,p_x_given_n[613].png,2026-09-16 20:49:48+00:00,8193,gor01_one_2006-6-08_14-26-15
36,file,/umms-kdiba/Data/Output/collected_outputs/figures/_temp_individual_posteriors/2026-09-16/gor01_one_2006-6-08_14-26-15/ripple/combined/multi/,p_x_given_n[614].png,2026-09-16 20:49:48+00:00,8900,gor01_one_2006-6-08_14-26-15
37,file,/umms-kdiba/Data/Output/collected_outputs/figures/_temp_individual_posteriors/2026-09-16/gor01_one_2006-6-08_14-26-15/ripple/combined/multi/,p_x_given_n[615].png,2026-09-16 20:49:48+00:00,17706,gor01_one_2006-6-08_14-26-15
38,file,/umms-kdiba/Data/Output/collected_outputs/figures/_temp_individual_posteriors/2026-09-16/gor01_one_2006-6-08_14-26-15/ripple/combined/multi/,p_x_given_n[616].png,2026-09-16 20:49:48+00:00,17210,gor01_one_2006-6-08_14-26-15
39,file,/umms-kdiba/Data/Output/collected_outputs/figures/_temp_individual_posteriors/2026-09-16/gor01_one_2006-6-08_14-26-15/ripple/combined/multi/,p_x_given_n[617].png,2026-09-16 20:49:48+00:00,18851,gor01_one_2006-6-08_14-26-15
40,file,/umms-kdiba/Data/Output/collected_outputs/figures/_temp_individual_posteriors/2026-09-16/gor01_one_2006-6-08_14-26-15/ripple/combined/multi/,p_x_given_n[618].png,2026-09-16 20:49:48+00:00,17085,gor01_one_2006-6-08_14-26-15
41,file,/umms-kdiba/Data/Output/collected_outputs/figures/_temp_individual_posteriors/2026-09-16/gor01_one_2006-6-08_14-26-15/ripple/combined/multi/,p_x_given_n[619].png,2026-09-16 20:49:48+00:00,12060,gor01_one_2006-6-08_14-26-15
42,file,/umms-kdiba/Data/Output/collected_outputs/figures/_temp_individual_posteriors/2026-09-16/gor01_one_2006-6-08_14-26-15/ripple/combined/multi/,p_x_given_n[620].png,2026-09-16 20:49:48+00:00,12258,gor01_one_2006-6-08_14-26-15
43,file,/umms-kdiba/Data/Output/collected_outputs/figures/_temp_individual_posteriors/2026-09-16/gor01_one_2006-6-08_14-26-15/ripple/combined/multi/,p_x_given_n[621].png,2026-09-16 20:49:48+00:00,5585,gor01_one_2006-6-08_14-26-15
44,file,/umms-kdiba/Data/Output/collected_outputs/figures/_temp_individual_posteriors/2026-09-16/gor01_one_2006-6-08_14-26-15/ripple/combined/multi/,p_x_given_n[622].png,2026-09-16 20:49:48+00:00,7963,gor01_one_2006-6-08_14-26-15
45,file,/umms-kdiba/Data/Output/collected_outputs/figures/_temp_individual_posteriors/2026-09-16/gor01_one_2006-6-08_14-26-15/ripple/combined/multi/,p_x_given_n[623].png,2026-09-16 20:49:48+00:00,14505,gor01_one_2006-6-08_14-26-15
46,file,/umms-kdiba/Data/Output/collected_outputs/figures/_temp_individual_posteriors/2026-09-16/gor01_one_2006-6-08_14-26-15/ripple/combined/multi/,p_x_given_n[624].png,2026-09-16 20:49:48+00:00,13944,gor01_one_2006-6-08_14-26-15
47,file,/umms-kdiba/Data/Output/collected_outputs/figures/_temp_individual_posteriors/2026-09-16/gor01_one_2006-6-08_14-26-15/ripple/combined/multi/,p_x_given_n[625].png,2026-09-16 20:49:48+00:00,7852,gor01_one_2006-6-08_14-26-15
48,file,/umms-kdiba/Data/Output/collected_outputs/figures/_temp_individual_posteriors/2026-09-16/gor01_one_2006-6-08_14-26-15/ripple/combined/multi/,p_x_given_n[626].png,2026-09-16 20:49:48+00:00,13771,gor01_one_2006-6-08_14-26-15
49,file,/umms-kdiba/Data/Output/collected_outputs/figures/_temp_individual_posteriors/2026-09-16/gor01_one_2006-6-08_14-26-15/ripple/combined/multi/,p_x_given_n[627].png,2026-09-16 20:49:48+00:00,16290,gor01_one_2006-6-08_14-26-15
50,file,/umms-kdiba/Data/Output/collected_outputs/figures/_temp_individual_posteriors/2026-09-16/gor01_one_2006-6-08_14-26-15/ripple/combined/multi/,p_x_given_n[628].png,2026-09-16 20:49:48+00:00,19177,gor01_one_2006-6-08_14-26-15
51,file,/umms-kdiba/Data/Output/collected_outputs/figures/_temp_individual_posteriors/2026-09-16/gor01_one_2006-6-08_14-26-15/ripple/combined/multi/,p_x_given_n[629].png,2026-09-16 20:49:48+00:00,13818,gor01_one_2006-6-08_14-26-15
52,file,/umms-kdiba/Data/Output/collected_outputs/figures/_temp_individual_posteriors/2026-09-16/gor01_one_2006-6-08_14-26-15/ripple/combined/multi/,p_x_given_n[630].png,2026-09-16 20:49:48+00:00,8085,gor01_one_2006-6-08_14-26-15
53,file,/umms-kdiba/Data/Output/collected_outputs/figures/_temp_individual_posteriors/2026-09-16/gor01_one_2006-6-08_14-26-15/ripple/combined/multi/,p_x_given_n[631].png,2026-09-16 20:49:48+00:00,11641,gor01_one_2006-6-08_14-26-15
54,file,/umms-kdiba/Data/Output/collected_outputs/figures/_temp_individual_posteriors/2026-09-16/gor01_one_2006-6-08_14-26-15/ripple/combined/multi/,p_x_given_n[632].png,2026-09-16 20:49:48+00:00,9852,gor01_one_2006-6-08_14-26-15
55,file,/umms-kdiba/Data/Output/collected_outputs/figures/_temp_individual_posteriors/2026-09-16/gor01_one_2006-6-08_14-26-15/ripple/combined/multi/,p_x_given_n[633].png,2026-09-16 20:49:48+00:00,15495,gor01_one_2006-6-08_14-26-15
56,file,/umms-kdiba/Data/Output/collected_outputs/figures/_temp_individual_posteriors/2026-09-16/gor01_one_2006-6-08_14-26-15/ripple/combined/multi/,p_x_given_n[634].png,2026-09-16 20:49:48+00:00,16799,gor01_one_2006-6-08_14-26-15
57,file,/umms-kdiba/Data/Output/collected_outputs/figures/_temp_individual_posteriors/2026-09-16/gor01_one_2006-6-08_14-26-15/ripple/combined/multi/,p_x_given_n[635].png,2026-09-16 20:49:48+00:00,8557,gor01_one_2006-6-08_14-26-15
58,file,/umms-kdiba/Data/Output/collected_outputs/figures/_temp_individual_posteriors/2026-09-16/gor01_one_2006-6-08_14-26-15/ripple/combined/multi/,p_x_given_n[636].png,2026-09-16 20:49:48+00:00,10962,gor01_one_2006-6-08_14-26-15
59,file,/umms-kdiba/Data/Output/collected_outputs/figures/_temp_individual_posteriors/2026-09-16/gor01_one_2006-6-08_14-26-15/ripple/combined/multi/,p_x_given_n[637].png,2026-09-16 20:49:48+00:00,17198,gor01_one_2006-6-08_14-26-15
60,file,/umms-kdiba/Data/Output/collected_outputs/figures/_temp_individual_posteriors/2026-09-16/gor01_one_2006-6-08_14-26-15/ripple/combined/multi/,p_x_given_n[638].png,2026-09-16 20:49:48+00:00,24753,gor01_one_2006-6-08_14-26-15
61,file,/umms-kdiba/Data/Output/collected_outputs/figures/_temp_individual_posteriors/2026-09-16/gor01_one_2006-6-08_14-26-15/ripple/combined/multi/,p_x_given_n[639].png,2026-09-16 20:49:48+00:00,14673,gor01_one_2006-6-08_14-26-15
62,file,/umms-kdiba/Data/Output/collected_outputs/figures/_temp_individual_posteriors/2026-09-16/gor01_one_2006-6-08_14-26-15/ripple/combined/multi/,p_x_given_n[640].png,2026-09-16 20:49:48+00:00,16148,gor01_one_2006-6-08_14-26-15
63,file,/umms-kdiba/Data/Output/collected_outputs/figures/_temp_individual_posteriors/2026-09-16/gor01_one_2006-6-08_14-26-15/ripple/combined/multi/,p_x_given_n[641].png,2026-09-16 20:49:48+00:00,6920,gor01_one_2006-6-08_14-26-15
64,file,/umms-kdiba/Data/Output/collected_outputs/figures/_temp_individual_posteriors/2026-09-16/gor01_one_2006-6-08_14-26-15/ripple/combined/multi/,p_x_given_n[538].png,2026-09-16 20:49:47+00:00,20702,gor01_one_2006-6-08_14-26-15
65,file,/umms-kdiba/Data/Output/collected_outputs/figures/_temp_individual_posteriors/2026-09-16/gor01_one_2006-6-08_14-26-15/ripple/combined/multi/,p_x_given_n[539].png,2026-09-16 20:49:47+00:00,15643,gor01_one_2006-6-08_14-26-15
66,file,/umms-kdiba/Data/Output/collected_outputs/figures/_temp_individual_posteriors/2026-09-16/gor01_one_2006-6-08_14-26-15/ripple/combined/multi/,p_x_given_n[540].png,2026-09-16 20:49:47+00:00,3253,gor01_one_2006-6-08_14-26-15
67,file,/umms-kdiba/Data/Output/collected_outputs/figures/_temp_individual_posteriors/2026-09-16/gor01_one_2006-6-08_14-26-15/ripple/combined/multi/,p_x_given_n[541].png,2026-09-16 20:49:47+00:00,11364,gor01_one_2006-6-08_14-26-15
68,file,/umms-kdiba/Data/Output/collected_outputs/figures/_temp_individual_posteriors/2026-09-16/gor01_one_2006-6-08_14-26-15/ripple/combined/multi/,p_x_given_n[542].png,2026-09-16 20:49:47+00:00,15873,gor01_one_2006-6-08_14-26-15
69,file,/umms-kdiba/Data/Output/collected_outputs/figures/_temp_individual_posteriors/2026-09-16/gor01_one_2006-6-08_14-26-15/ripple/combined/multi/,p_x_given_n[544].png,2026-09-16 20:49:47+00:00,10921,gor01_one_2006-6-08_14-26-15
70,file,/umms-kdiba/Data/Output/collected_outputs/figures/_temp_individual_posteriors/2026-09-16/gor01_one_2006-6-08_14-26-15/ripple/combined/multi/,p_x_given_n[545].png,2026-09-16 20:49:47+00:00,10572,gor01_one_2006-6-08_14-26-15
71,file,/umms-kdiba/Data/Output/collected_outputs/figures/_temp_individual_posteriors/2026-09-16/gor01_one_2006-6-08_14-26-15/ripple/combined/multi/,p_x_given_n[546].png,2026-09-16 20:49:47+00:00,18948,gor01_one_2006-6-08_14-26-15
72,file,/umms-kdiba/Data/Output/collected_outputs/figures/_temp_individual_posteriors/2026-09-16/gor01_one_2006-6-08_14-26-15/ripple/combined/multi/,p_x_given_n[547].png,2026-09-16 20:49:47+00:00,10707,gor01_one_2006-6-08_14-26-15
73,file,/umms-kdiba/Data/Output/collected_outputs/figures/_temp_individual_posteriors/2026-09-16/gor01_one_2006-6-08_14-26-15/ripple/combined/multi/,p_x_given_n[548].png,2026-09-16 20:49:47+00:00,8125,gor01_one_2006-6-08_14-26-15
74,file,/umms-kdiba/Data/Output/collected_outputs/figures/_temp_individual_posteriors/2026-09-16/gor01_one_2006-6-08_14-26-15/ripple/combined/multi/,p_x_given_n[549].png,2026-09-16 20:49:47+00:00,8776,gor01_one_2006-6-08_14-26-15
75,file,/umms-kdiba/Data/Output/collected_outputs/figures/_temp_individual_posteriors/2026-09-16/gor01_one_2006-6-08_14-26-15/ripple/combined/multi/,p_x_given_n[550].png,2026-09-16 20:49:47+00:00,17306,gor01_one_2006-6-08_14-26-15
76,file,/umms-kdiba/Data/Output/collected_outputs/figures/_temp_individual_posteriors/2026-09-16/gor01_one_2006-6-08_14-26-15/ripple/combined/multi/,p_x_given_n[551].png,2026-09-16 20:49:47+00:00,3020,gor01_one_2006-6-08_14-26-15
77,file,/umms-kdiba/Data/Output/collected_outputs/figures/_temp_individual_posteriors/2026-09-16/gor01_one_2006-6-08_14-26-15/ripple/combined/multi/,p_x_given_n[552].png,2026-09-16 20:49:47+00:00,10448,gor01_one_2006-6-08_14-26-15
78,file,/umms-kdiba/Data/Output/collected_outputs/figures/_temp_individual_posteriors/2026-09-16/gor01_one_2006-6-08_14-26-15/ripple/combined/multi/,p_x_given_n[553].png,2026-09-16 20:49:47+00:00,16518,gor01_one_2006-6-08_14-26-15
79,file,/umms-kdiba/Data/Output/collected_outputs/figures/_temp_individual_posteriors/2026-09-16/gor01_one_2006-6-08_14-26-15/ripple/combined/multi/,p_x_given_n[554].png,2026-09-16 20:49:47+00:00,7924,gor01_one_2006-6-08_14-26-15
80,file,/umms-kdiba/Data/Output/collected_outputs/figures/_temp_individual_posteriors/2026-09-16/gor01_one_2006-6-08_14-26-15/ripple/combined/multi/,p_x_given_n[555].png,2026-09-16 20:49:47+00:00,14129,gor01_one_2006-6-08_14-26-15
81,file,/umms-kdiba/Data/Output/collected_outputs/figures/_temp_individual_posteriors/2026-09-16/gor01_one_2006-6-08_14-26-15/ripple/combined/multi/,p_x_given_n[556].png,2026-09-16 20:49:47+00:00,9100,gor01_one_2006-6-08_14-26-15
82,file,/umms-kdiba/Data/Output/collected_outputs/figures/_temp_individual_posteriors/2026-09-16/gor01_one_2006-6-08_14-26-15/ripple/combined/multi/,p_x_given_n[557].png,2026-09-16 20:49:47+00:00,10546,gor01_one_2006-6-08_14-26-15
83,file,/umms-kdiba/Data/Output/collected_outputs/figures/_temp_individual_posteriors/2026-09-16/gor01_one_2006-6-08_14-26-15/ripple/combined/multi/,p_x_given_n[558].png,2026-09-16 20:49:47+00:00,13561,gor01_one_2006-6-08_14-26-15
84,file,/umms-kdiba/Data/Output/collected_outputs/figures/_temp_individual_posteriors/2026-09-16/gor01_one_2006-6-08_14-26-15/ripple/combined/multi/,p_x_given_n[559].png,2026-09-16 20:49:47+00:00,3198,gor01_one_2006-6-08_14-26-15
85,file,/umms-kdiba/Data/Output/collected_outputs/figures/_temp_individual_posteriors/2026-09-16/gor01_one_2006-6-08_14-26-15/ripple/combined/multi/,p_x_given_n[560].png,2026-09-16 20:49:47+00:00,3682,gor01_one_2006-6-08_14-26-15
86,file,/umms-kdiba/Data/Output/collected_outputs/figures/_temp_individual_posteriors/2026-09-16/gor01_one_2006-6-08_14-26-15/ripple/combined/multi/,p_x_given_n[561].png,2026-09-16 20:49:47+00:00,3452,gor01_one_2006-6-08_14-26-15
87,file,/umms-kdiba/Data/Output/collected_outputs/figures/_temp_individual_posteriors/2026-09-16/gor01_one_2006-6-08_14-26-15/ripple/combined/multi/,p_x_given_n[562].png,2026-09-16 20:49:47+00:00,10782,gor01_one_2006-6-08_14-26-15
88,file,/umms-kdiba/Data/Output/collected_outputs/figures/_temp_individual_posteriors/2026-09-16/gor01_one_2006-6-08_14-26-15/ripple/combined/multi/,p_x_given_n[563].png,2026-09-16 20:49:47+00:00,11575,gor01_one_2006-6-08_14-26-15
89,file,/umms-kdiba/Data/Output/collected_outputs/figures/_temp_individual_posteriors/2026-09-16/gor01_one_2006-6-08_14-26-15/ripple/combined/multi/,p_x_given_n[564].png,2026-09-16 20:49:47+00:00,15665,gor01_one_2006-6-08_14-26-15
90,file,/umms-kdiba/Data/Output/collected_outputs/figures/_temp_individual_posteriors/2026-09-16/gor01_one_2006-6-08_14-26-15/ripple/combined/multi/,p_x_given_n[565].png,2026-09-16 20:49:47+00:00,11696,gor01_one_2006-6-08_14-26-15
91,file,/umms-kdiba/Data/Output/collected_outputs/figures/_temp_individual_posteriors/2026-09-16/gor01_one_2006-6-08_14-26-15/ripple/combined/multi/,p_x_given_n[566].png,2026-09-16 20:49:47+00:00,17708,gor01_one_2006-6-08_14-26-15
92,file,/umms-kdiba/Data/Output/collected_outputs/figures/_temp_individual_posteriors/2026-09-16/gor01_one_2006-6-08_14-26-15/ripple/combined/multi/,p_x_given_n[567].png,2026-09-16 20:49:47+00:00,16587,gor01_one_2006-6-08_14-26-15
93,file,/umms-kdiba/Data/Output/collected_outputs/figures/_temp_individual_posteriors/2026-09-16/gor01_one_2006-6-08_14-26-15/ripple/combined/multi/,p_x_given_n[568].png,2026-09-16 20:49:47+00:00,11667,gor01_one_2006-6-08_14-26-15
94,file,/umms-kdiba/Data/Output/collected_outputs/figures/_temp_individual_posteriors/2026-09-16/gor01_one_2006-6-08_14-26-15/ripple/combined/multi/,p_x_given_n[569].png,2026-09-16 20:49:47+00:00,7143,gor01_one_2006-6-08_14-26-15
95,file,/umms-kdiba/Data/Output/collected_outputs/figures/_temp_individual_posteriors/2026-09-16/gor01_one_2006-6-08_14-26-15/ripple/combined/multi/,p_x_given_n[570].png,2026-09-16 20:49:47+00:00,13019,gor01_one_2006-6-08_14-26-15
96,file,/umms-kdiba/Data/Output/collected_outputs/figures/_temp_individual_posteriors/2026-09-16/gor01_one_2006-6-08_14-26-15/ripple/combined/multi/,p_x_given_n[571].png,2026-09-16 20:49:47+00:00,6175,gor01_one_2006-6-08_14-26-15
97,file,/umms-kdiba/Data/Output/collected_outputs/figures/_temp_individual_posteriors/2026-09-16/gor01_one_2006-6-08_14-26-15/ripple/combined/multi/,p_x_given_n[572].png,2026-09-16 20:49:47+00:00,10910,gor01_one_2006-6-08_14-26-15
98,file,/umms-kdiba/Data/Output/collected_outputs/figures/_temp_individual_posteriors/2026-09-16/gor01_one_2006-6-08_14-26-15/ripple/combined/multi/,p_x_given_n[573].png,2026-09-16 20:49:47+00:00,18985,gor01_one_2006-6-08_14-26-15
99,file,/umms-kdiba/Data/Output/collected_outputs/figures/_temp_individual_posteriors/2026-09-16/gor01_one_2006-6-08_14-26-15/ripple/combined/multi/,p_x_given_n[574].png,2026-09-16 20:49:47+00:00,17920,gor01_one_2006-6-08_14-26-15
100,file,/umms-kdiba/Data/Output/collected_outputs/figures/_temp_individual_posteriors/2026-09-16/gor01_one_2006-6-08_14-26-15/ripple/combined/multi/,p_x_given_n[575].png,2026-09-16 20:49:47+00:00,8946,gor01_one_2006-6-08_14-26-15
101,file,/umms-kdiba/Data/Output/collected_outputs/figures/_temp_individual_posteriors/2026-09-16/gor01_one_2006-6-08_14-26-15/ripple/combined/multi/,p_x_given_n[576].png,2026-09-16 20:49:47+00:00,17913,gor01_one_2006-6-08_14-26-15
102,file,/umms-kdiba/Data/Output/collected_outputs/figures/_temp_individual_posteriors/2026-09-16/gor01_one_2006-6-08_14-26-15/ripple/combined/multi/,p_x_given_n[577].png,2026-09-16 20:49:47+00:00,12756,gor01_one_2006-6-08_14-26-15
103,file,/umms-kdiba/Data/Output/collected_outputs/figures/_temp_individual_posteriors/2026-09-16/gor01_one_2006-6-08_14-26-15/ripple/combined/multi/,p_x_given_n[578].png,2026-09-16 20:49:47+00:00,15316,gor01_one_2006-6-08_14-26-15
104,file,/umms-kdiba/Data/Output/collected_outputs/figures/_temp_individual_posteriors/2026-09-16/gor01_one_2006-6-08_14-26-15/ripple/combined/multi/,p_x_given_n[579].png,2026-09-16 20:49:47+00:00,22301,gor01_one_2006-6-08_14-26-15
105,file,/umms-kdiba/Data/Output/collected_outputs/figures/_temp_individual_posteriors/2026-09-16/gor01_one_2006-6-08_14-26-15/ripple/combined/multi/,p_x_given_n[580].png,2026-09-16 20:49:47+00:00,17007,gor01_one_2006-6-08_14-26-15
106,file,/umms-kdiba/Data/Output/collected_outputs/figures/_temp_individual_posteriors/2026-09-16/gor01_one_2006-6-08_14-26-15/ripple/combined/multi/,p_x_given_n[581].png,2026-09-16 20:49:47+00:00,10923,gor01_one_2006-6-08_14-26-15
107,file,/umms-kdiba/Data/Output/collected_outputs/figures/_temp_individual_posteriors/2026-09-16/gor01_one_2006-6-08_14-26-15/ripple/combined/multi/,p_x_given_n[582].png,2026-09-16 20:49:47+00:00,13333,gor01_one_2006-6-08_14-26-15
108,file,/umms-kdiba/Data/Output/collected_outputs/figures/_temp_individual_posteriors/2026-09-16/gor01_one_2006-6-08_14-26-15/ripple/combined/multi/,p_x_given_n[583].png,2026-09-16 20:49:47+00:00,16137,gor01_one_2006-6-08_14-26-15
109,file,/umms-kdiba/Data/Output/collected_outputs/figures/_temp_individual_posteriors/2026-09-16/gor01_one_2006-6-08_14-26-15/ripple/combined/multi/,p_x_given_n[584].png,2026-09-16 20:49:47+00:00,13155,gor01_one_2006-6-08_14-26-15
110,file,/umms-kdiba/Data/Output/collected_outputs/figures/_temp_individual_posteriors/2026-09-16/gor01_one_2006-6-08_14-26-15/ripple/combined/multi/,p_x_given_n[585].png,2026-09-16 20:49:47+00:00,13507,gor01_one_2006-6-08_14-26-15
111,file,/umms-kdiba/Data/Output/collected_outputs/figures/_temp_individual_posteriors/2026-09-16/gor01_one_2006-6-08_14-26-15/ripple/combined/multi/,p_x_given_n[586].png,2026-09-16 20:49:47+00:00,14741,gor01_one_2006-6-08_14-26-15
112,file,/umms-kdiba/Data/Output/collected_outputs/figures/_temp_individual_posteriors/2026-09-16/gor01_one_2006-6-08_14-26-15/ripple/combined/multi/,p_x_given_n[587].png,2026-09-16 20:49:47+00:00,13296,gor01_one_2006-6-08_14-26-15
113,file,/umms-kdiba/Data/Output/collected_outputs/figures/_temp_individual_posteriors/2026-09-16/gor01_one_2006-6-08_14-26-15/ripple/combined/multi/,p_x_given_n[588].png,2026-09-16 20:49:47+00:00,7660,gor01_one_2006-6-08_14-26-15
114,file,/umms-kdiba/Data/Output/collected_outputs/figures/_temp_individual_posteriors/2026-09-16/gor01_one_2006-6-08_14-26-15/ripple/combined/multi/,p_x_given_n[589].png,2026-09-16 20:49:47+00:00,17874,gor01_one_2006-6-08_14-26-15
115,file,/umms-kdiba/Data/Output/collected_outputs/figures/_temp_individual_posteriors/2026-09-16/gor01_one_2006-6-08_14-26-15/ripple/combined/multi/,p_x_given_n[590].png,2026-09-16 20:49:47+00:00,3705,gor01_one_2006-6-08_14-26-15
116,file,/umms-kdiba/Data/Output/collected_outputs/figures/_temp_individual_posteriors/2026-09-16/gor01_one_2006-6-08_14-26-15/ripple/combined/multi/,p_x_given_n[485].png,2026-09-16 20:49:46+00:00,12144,gor01_one_2006-6-08_14-26-15
117,file,/umms-kdiba/Data/Output/collected_outputs/figures/_temp_individual_posteriors/2026-09-16/gor01_one_2006-6-08_14-26-15/ripple/combined/multi/,p_x_given_n[486].png,2026-09-16 20:49:46+00:00,7192,gor01_one_2006-6-08_14-26-15
118,file,/umms-kdiba/Data/Output/collected_outputs/figures/_temp_individual_posteriors/2026-09-16/gor01_one_2006-6-08_14-26-15/ripple/combined/multi/,p_x_given_n[487].png,2026-09-16 20:49:46+00:00,7079,gor01_one_2006-6-08_14-26-15
119,file,/umms-kdiba/Data/Output/collected_outputs/figures/_temp_individual_posteriors/2026-09-16/gor01_one_2006-6-08_14-26-15/ripple/combined/multi/,p_x_given_n[489].png,2026-09-16 20:49:46+00:00,14074,gor01_one_2006-6-08_14-26-15
120,file,/umms-kdiba/Data/Output/collected_outputs/figures/_temp_individual_posteriors/2026-09-16/gor01_one_2006-6-08_14-26-15/ripple/combined/multi/,p_x_given_n[490].png,2026-09-16 20:49:46+00:00,15011,gor01_one_2006-6-08_14-26-15
121,file,/umms-kdiba/Data/Output/collected_outputs/figures/_temp_individual_posteriors/2026-09-16/gor01_one_2006-6-08_14-26-15/ripple/combined/multi/,p_x_given_n[491].png,2026-09-16 20:49:46+00:00,13927,gor01_one_2006-6-08_14-26-15
122,file,/umms-kdiba/Data/Output/collected_outputs/figures/_temp_individual_posteriors/2026-09-16/gor01_one_2006-6-08_14-26-15/ripple/combined/multi/,p_x_given_n[492].png,2026-09-16 20:49:46+00:00,15058,gor01_one_2006-6-08_14-26-15
123,file,/umms-kdiba/Data/Output/collected_outputs/figures/_temp_individual_posteriors/2026-09-16/gor01_one_2006-6-08_14-26-15/ripple/combined/multi/,p_x_given_n[493].png,2026-09-16 20:49:46+00:00,10542,gor01_one_2006-6-08_14-26-15
124,file,/umms-kdiba/Data/Output/collected_outputs/figures/_temp_individual_posteriors/2026-09-16/gor01_one_2006-6-08_14-26-15/ripple/combined/multi/,p_x_given_n[494].png,2026-09-16 20:49:46+00:00,20626,gor01_one_2006-6-08_14-26-15
125,file,/umms-kdiba/Data/Output/collected_outputs/figures/_temp_individual_posteriors/2026-09-16/gor01_one_2006-6-08_14-26-15/ripple/combined/multi/,p_x_given_n[495].png,2026-09-16 20:49:46+00:00,3113,gor01_one_2006-6-08_14-26-15
126,file,/umms-kdiba/Data/Output/collected_outputs/figures/_temp_individual_posteriors/2026-09-16/gor01_one_2006-6-08_14-26-15/ripple/combined/multi/,p_x_given_n[496].png,2026-09-16 20:49:46+00:00,17825,gor01_one_2006-6-08_14-26-15
127,file,/umms-kdiba/Data/Output/collected_outputs/figures/_temp_individual_posteriors/2026-09-16/gor01_one_2006-6-08_14-26-15/ripple/combined/multi/,p_x_given_n[497].png,2026-09-16 20:49:46+00:00,16207,gor01_one_2006-6-08_14-26-15
128,file,/umms-kdiba/Data/Output/collected_outputs/figures/_temp_individual_posteriors/2026-09-16/gor01_one_2006-6-08_14-26-15/ripple/combined/multi/,p_x_given_n[498].png,2026-09-16 20:49:46+00:00,6505,gor01_one_2006-6-08_14-26-15
129,file,/umms-kdiba/Data/Output/collected_outputs/figures/_temp_individual_posteriors/2026-09-16/gor01_one_2006-6-08_14-26-15/ripple/combined/multi/,p_x_given_n[499].png,2026-09-16 20:49:46+00:00,9416,gor01_one_2006-6-08_14-26-15
130,file,/umms-kdiba/Data/Output/collected_outputs/figures/_temp_individual_posteriors/2026-09-16/gor01_one_2006-6-08_14-26-15/ripple/combined/multi/,p_x_given_n[500].png,2026-09-16 20:49:46+00:00,9408,gor01_one_2006-6-08_14-26-15
131,file,/umms-kdiba/Data/Output/collected_outputs/figures/_temp_individual_posteriors/2026-09-16/gor01_one_2006-6-08_14-26-15/ripple/combined/multi/,p_x_given_n[501].png,2026-09-16 20:49:46+00:00,11177,gor01_one_2006-6-08_14-26-15
132,file,/umms-kdiba/Data/Output/collected_outputs/figures/_temp_individual_posteriors/2026-09-16/gor01_one_2006-6-08_14-26-15/ripple/combined/multi/,p_x_given_n[502].png,2026-09-16 20:49:46+00:00,17287,gor01_one_2006-6-08_14-26-15
133,file,/umms-kdiba/Data/Output/collected_outputs/figures/_temp_individual_posteriors/2026-09-16/gor01_one_2006-6-08_14-26-15/ripple/combined/multi/,p_x_given_n[503].png,2026-09-16 20:49:46+00:00,15661,gor01_one_2006-6-08_14-26-15
134,file,/umms-kdiba/Data/Output/collected_outputs/figures/_temp_individual_posteriors/2026-09-16/gor01_one_2006-6-08_14-26-15/ripple/combined/multi/,p_x_given_n[504].png,2026-09-16 20:49:46+00:00,15230,gor01_one_2006-6-08_14-26-15
135,file,/umms-kdiba/Data/Output/collected_outputs/figures/_temp_individual_posteriors/2026-09-16/gor01_one_2006-6-08_14-26-15/ripple/combined/multi/,p_x_given_n[506].png,2026-09-16 20:49:46+00:00,14215,gor01_one_2006-6-08_14-26-15
136,file,/umms-kdiba/Data/Output/collected_outputs/figures/_temp_individual_posteriors/2026-09-16/gor01_one_2006-6-08_14-26-15/ripple/combined/multi/,p_x_given_n[507].png,2026-09-16 20:49:46+00:00,20522,gor01_one_2006-6-08_14-26-15
137,file,/umms-kdiba/Data/Output/collected_outputs/figures/_temp_individual_posteriors/2026-09-16/gor01_one_2006-6-08_14-26-15/ripple/combined/multi/,p_x_given_n[508].png,2026-09-16 20:49:46+00:00,17706,gor01_one_2006-6-08_14-26-15
138,file,/umms-kdiba/Data/Output/collected_outputs/figures/_temp_individual_posteriors/2026-09-16/gor01_one_2006-6-08_14-26-15/ripple/combined/multi/,p_x_given_n[509].png,2026-09-16 20:49:46+00:00,13301,gor01_one_2006-6-08_14-26-15
139,file,/umms-kdiba/Data/Output/collected_outputs/figures/_temp_individual_posteriors/2026-09-16/gor01_one_2006-6-08_14-26-15/ripple/combined/multi/,p_x_given_n[510].png,2026-09-16 20:49:46+00:00,13259,gor01_one_2006-6-08_14-26-15
140,file,/umms-kdiba/Data/Output/collected_outputs/figures/_temp_individual_posteriors/2026-09-16/gor01_one_2006-6-08_14-26-15/ripple/combined/multi/,p_x_given_n[511].png,2026-09-16 20:49:46+00:00,9826,gor01_one_2006-6-08_14-26-15
141,file,/umms-kdiba/Data/Output/collected_outputs/figures/_temp_individual_posteriors/2026-09-16/gor01_one_2006-6-08_14-26-15/ripple/combined/multi/,p_x_given_n[512].png,2026-09-16 20:49:46+00:00,15813,gor01_one_2006-6-08_14-26-15
142,file,/umms-kdiba/Data/Output/collected_outputs/figures/_temp_individual_posteriors/2026-09-16/gor01_one_2006-6-08_14-26-15/ripple/combined/multi/,p_x_given_n[513].png,2026-09-16 20:49:46+00:00,14831,gor01_one_2006-6-08_14-26-15
143,file,/umms-kdiba/Data/Output/collected_outputs/figures/_temp_individual_posteriors/2026-09-16/gor01_one_2006-6-08_14-26-15/ripple/combined/multi/,p_x_given_n[514].png,2026-09-16 20:49:46+00:00,16709,gor01_one_2006-6-08_14-26-15
144,file,/umms-kdiba/Data/Output/collected_outputs/figures/_temp_individual_posteriors/2026-09-16/gor01_one_2006-6-08_14-26-15/ripple/combined/multi/,p_x_given_n[515].png,2026-09-16 20:49:46+00:00,11299,gor01_one_2006-6-08_14-26-15
145,file,/umms-kdiba/Data/Output/collected_outputs/figures/_temp_individual_posteriors/2026-09-16/gor01_one_2006-6-08_14-26-15/ripple/combined/multi/,p_x_given_n[516].png,2026-09-16 20:49:46+00:00,16063,gor01_one_2006-6-08_14-26-15
146,file,/umms-kdiba/Data/Output/collected_outputs/figures/_temp_individual_posteriors/2026-09-16/gor01_one_2006-6-08_14-26-15/ripple/combined/multi/,p_x_given_n[517].png,2026-09-16 20:49:46+00:00,8578,gor01_one_2006-6-08_14-26-15
147,file,/umms-kdiba/Data/Output/collected_outputs/figures/_temp_individual_posteriors/2026-09-16/gor01_one_2006-6-08_14-26-15/ripple/combined/multi/,p_x_given_n[518].png,2026-09-16 20:49:46+00:00,22037,gor01_one_2006-6-08_14-26-15
148,file,/umms-kdiba/Data/Output/collected_outputs/figures/_temp_individual_posteriors/2026-09-16/gor01_one_2006-6-08_14-26-15/ripple/combined/multi/,p_x_given_n[519].png,2026-09-16 20:49:46+00:00,17795,gor01_one_2006-6-08_14-26-15
149,file,/umms-kdiba/Data/Output/collected_outputs/figures/_temp_individual_posteriors/2026-09-16/gor01_one_2006-6-08_14-26-15/ripple/combined/multi/,p_x_given_n[520].png,2026-09-16 20:49:46+00:00,11466,gor01_one_2006-6-08_14-26-15
150,file,/umms-kdiba/Data/Output/collected_outputs/figures/_temp_individual_posteriors/2026-09-16/gor01_one_2006-6-08_14-26-15/ripple/combined/multi/,p_x_given_n[521].png,2026-09-16 20:49:46+00:00,9738,gor01_one_2006-6-08_14-26-15
151,file,/umms-kdiba/Data/Output/collected_outputs/figures/_temp_individual_posteriors/2026-09-16/gor01_one_2006-6-08_14-26-15/ripple/combined/multi/,p_x_given_n[522].png,2026-09-16 20:49:46+00:00,3988,gor01_one_2006-6-08_14-26-15
152,file,/umms-kdiba/Data/Output/collected_outputs/figures/_temp_individual_posteriors/2026-09-16/gor01_one_2006-6-08_14-26-15/ripple/combined/multi/,p_x_given_n[523].png,2026-09-16 20:49:46+00:00,11348,gor01_one_2006-6-08_14-26-15
153,file,/umms-kdiba/Data/Output/collected_outputs/figures/_temp_individual_posteriors/2026-09-16/gor01_one_2006-6-08_14-26-15/ripple/combined/multi/,p_x_given_n[524].png,2026-09-16 20:49:46+00:00,8420,gor01_one_2006-6-08_14-26-15
154,file,/umms-kdiba/Data/Output/collected_outputs/figures/_temp_individual_posteriors/2026-09-16/gor01_one_2006-6-08_14-26-15/ripple/combined/multi/,p_x_given_n[525].png,2026-09-16 20:49:46+00:00,5880,gor01_one_2006-6-08_14-26-15
155,file,/umms-kdiba/Data/Output/collected_outputs/figures/_temp_individual_posteriors/2026-09-16/gor01_one_2006-6-08_14-26-15/ripple/combined/multi/,p_x_given_n[526].png,2026-09-16 20:49:46+00:00,12037,gor01_one_2006-6-08_14-26-15
156,file,/umms-kdiba/Data/Output/collected_outputs/figures/_temp_individual_posteriors/2026-09-16/gor01_one_2006-6-08_14-26-15/ripple/combined/multi/,p_x_given_n[527].png,2026-09-16 20:49:46+00:00,15058,gor01_one_2006-6-08_14-26-15
157,file,/umms-kdiba/Data/Output/collected_outputs/figures/_temp_individual_posteriors/2026-09-16/gor01_one_2006-6-08_14-26-15/ripple/combined/multi/,p_x_given_n[528].png,2026-09-16 20:49:46+00:00,21972,gor01_one_2006-6-08_14-26-15
158,file,/umms-kdiba/Data/Output/collected_outputs/figures/_temp_individual_posteriors/2026-09-16/gor01_one_2006-6-08_14-26-15/ripple/combined/multi/,p_x_given_n[529].png,2026-09-16 20:49:46+00:00,10235,gor01_one_2006-6-08_14-26-15
159,file,/umms-kdiba/Data/Output/collected_outputs/figures/_temp_individual_posteriors/2026-09-16/gor01_one_2006-6-08_14-26-15/ripple/combined/multi/,p_x_given_n[530].png,2026-09-16 20:49:46+00:00,3990,gor01_one_2006-6-08_14-26-15
160,file,/umms-kdiba/Data/Output/collected_outputs/figures/_temp_individual_posteriors/2026-09-16/gor01_one_2006-6-08_14-26-15/ripple/combined/multi/,p_x_given_n[531].png,2026-09-16 20:49:46+00:00,21482,gor01_one_2006-6-08_14-26-15
161,file,/umms-kdiba/Data/Output/collected_outputs/figures/_temp_individual_posteriors/2026-09-16/gor01_one_2006-6-08_14-26-15/ripple/combined/multi/,p_x_given_n[532].png,2026-09-16 20:49:46+00:00,17611,gor01_one_2006-6-08_14-26-15
162,file,/umms-kdiba/Data/Output/collected_outputs/figures/_temp_individual_posteriors/2026-09-16/gor01_one_2006-6-08_14-26-15/ripple/combined/multi/,p_x_given_n[533].png,2026-09-16 20:49:46+00:00,13064,gor01_one_2006-6-08_14-26-15
163,file,/umms-kdiba/Data/Output/collected_outputs/figures/_temp_individual_posteriors/2026-09-16/gor01_one_2006-6-08_14-26-15/ripple/combined/multi/,p_x_given_n[534].png,2026-09-16 20:49:46+00:00,10447,gor01_one_2006-6-08_14-26-15
164,file,/umms-kdiba/Data/Output/collected_outputs/figures/_temp_individual_posteriors/2026-09-16/gor01_one_2006-6-08_14-26-15/ripple/combined/multi/,p_x_given_n[535].png,2026-09-16 20:49:46+00:00,11578,gor01_one_2006-6-08_14-26-15
165,file,/umms-kdiba/Data/Output/collected_outputs/figures/_temp_individual_posteriors/2026-09-16/gor01_one_2006-6-08_14-26-15/ripple/combined/multi/,p_x_given_n[536].png,2026-09-16 20:49:46+00:00,6266,gor01_one_2006-6-08_14-26-15
166,file,/umms-kdiba/Data/Output/collected_outputs/figures/_temp_individual_posteriors/2026-09-16/gor01_one_2006-6-08_14-26-15/ripple/combined/multi/,p_x_given_n[537].png,2026-09-16 20:49:46+00:00,17267,gor01_one_2006-6-08_14-26-15
167,file,/umms-kdiba/Data/Output/collected_outputs/figures/_temp_individual_posteriors/2026-09-16/gor01_one_2006-6-08_14-26-15/ripple/combined/multi/,p_x_given_n[433].png,2026-09-16 20:49:45+00:00,16920,gor01_one_2006-6-08_14-26-15
168,file,/umms-kdiba/Data/Output/collected_outputs/figures/_temp_individual_posteriors/2026-09-16/gor01_one_2006-6-08_14-26-15/ripple/combined/multi/,p_x_given_n[434].png,2026-09-16 20:49:45+00:00,11794,gor01_one_2006-6-08_14-26-15
169,file,/umms-kdiba/Data/Output/collected_outputs/figures/_temp_individual_posteriors/2026-09-16/gor01_one_2006-6-08_14-26-15/ripple/combined/multi/,p_x_given_n[435].png,2026-09-16 20:49:45+00:00,12144,gor01_one_2006-6-08_14-26-15
170,file,/umms-kdiba/Data/Output/collected_outputs/figures/_temp_individual_posteriors/2026-09-16/gor01_one_2006-6-08_14-26-15/ripple/combined/multi/,p_x_given_n[436].png,2026-09-16 20:49:45+00:00,13295,gor01_one_2006-6-08_14-26-15
171,file,/umms-kdiba/Data/Output/collected_outputs/figures/_temp_individual_posteriors/2026-09-16/gor01_one_2006-6-08_14-26-15/ripple/combined/multi/,p_x_given_n[437].png,2026-09-16 20:49:45+00:00,13738,gor01_one_2006-6-08_14-26-15
172,file,/umms-kdiba/Data/Output/collected_outputs/figures/_temp_individual_posteriors/2026-09-16/gor01_one_2006-6-08_14-26-15/ripple/combined/multi/,p_x_given_n[438].png,2026-09-16 20:49:45+00:00,12629,gor01_one_2006-6-08_14-26-15
173,file,/umms-kdiba/Data/Output/collected_outputs/figures/_temp_individual_posteriors/2026-09-16/gor01_one_2006-6-08_14-26-15/ripple/combined/multi/,p_x_given_n[439].png,2026-09-16 20:49:45+00:00,15900,gor01_one_2006-6-08_14-26-15
174,file,/umms-kdiba/Data/Output/collected_outputs/figures/_temp_individual_posteriors/2026-09-16/gor01_one_2006-6-08_14-26-15/ripple/combined/multi/,p_x_given_n[440].png,2026-09-16 20:49:45+00:00,14210,gor01_one_2006-6-08_14-26-15
175,file,/umms-kdiba/Data/Output/collected_outputs/figures/_temp_individual_posteriors/2026-09-16/gor01_one_2006-6-08_14-26-15/ripple/combined/multi/,p_x_given_n[441].png,2026-09-16 20:49:45+00:00,12353,gor01_one_2006-6-08_14-26-15
176,file,/umms-kdiba/Data/Output/collected_outputs/figures/_temp_individual_posteriors/2026-09-16/gor01_one_2006-6-08_14-26-15/ripple/combined/multi/,p_x_given_n[442].png,2026-09-16 20:49:45+00:00,12546,gor01_one_2006-6-08_14-26-15
177,file,/umms-kdiba/Data/Output/collected_outputs/figures/_temp_individual_posteriors/2026-09-16/gor01_one_2006-6-08_14-26-15/ripple/combined/multi/,p_x_given_n[443].png,2026-09-16 20:49:45+00:00,5439,gor01_one_2006-6-08_14-26-15
178,file,/umms-kdiba/Data/Output/collected_outputs/figures/_temp_individual_posteriors/2026-09-16/gor01_one_2006-6-08_14-26-15/ripple/combined/multi/,p_x_given_n[444].png,2026-09-16 20:49:45+00:00,5168,gor01_one_2006-6-08_14-26-15
179,file,/umms-kdiba/Data/Output/collected_outputs/figures/_temp_individual_posteriors/2026-09-16/gor01_one_2006-6-08_14-26-15/ripple/combined/multi/,p_x_given_n[445].png,2026-09-16 20:49:45+00:00,10273,gor01_one_2006-6-08_14-26-15
180,file,/umms-kdiba/Data/Output/collected_outputs/figures/_temp_individual_posteriors/2026-09-16/gor01_one_2006-6-08_14-26-15/ripple/combined/multi/,p_x_given_n[446].png,2026-09-16 20:49:45+00:00,11415,gor01_one_2006-6-08_14-26-15
181,file,/umms-kdiba/Data/Output/collected_outputs/figures/_temp_individual_posteriors/2026-09-16/gor01_one_2006-6-08_14-26-15/ripple/combined/multi/,p_x_given_n[447].png,2026-09-16 20:49:45+00:00,7838,gor01_one_2006-6-08_14-26-15
182,file,/umms-kdiba/Data/Output/collected_outputs/figures/_temp_individual_posteriors/2026-09-16/gor01_one_2006-6-08_14-26-15/ripple/combined/multi/,p_x_given_n[448].png,2026-09-16 20:49:45+00:00,8519,gor01_one_2006-6-08_14-26-15
183,file,/umms-kdiba/Data/Output/collected_outputs/figures/_temp_individual_posteriors/2026-09-16/gor01_one_2006-6-08_14-26-15/ripple/combined/multi/,p_x_given_n[449].png,2026-09-16 20:49:45+00:00,16971,gor01_one_2006-6-08_14-26-15
184,file,/umms-kdiba/Data/Output/collected_outputs/figures/_temp_individual_posteriors/2026-09-16/gor01_one_2006-6-08_14-26-15/ripple/combined/multi/,p_x_given_n[450].png,2026-09-16 20:49:45+00:00,17961,gor01_one_2006-6-08_14-26-15
185,file,/umms-kdiba/Data/Output/collected_outputs/figures/_temp_individual_posteriors/2026-09-16/gor01_one_2006-6-08_14-26-15/ripple/combined/multi/,p_x_given_n[451].png,2026-09-16 20:49:45+00:00,3408,gor01_one_2006-6-08_14-26-15
186,file,/umms-kdiba/Data/Output/collected_outputs/figures/_temp_individual_posteriors/2026-09-16/gor01_one_2006-6-08_14-26-15/ripple/combined/multi/,p_x_given_n[452].png,2026-09-16 20:49:45+00:00,13232,gor01_one_2006-6-08_14-26-15
187,file,/umms-kdiba/Data/Output/collected_outputs/figures/_temp_individual_posteriors/2026-09-16/gor01_one_2006-6-08_14-26-15/ripple/combined/multi/,p_x_given_n[453].png,2026-09-16 20:49:45+00:00,15180,gor01_one_2006-6-08_14-26-15
188,file,/umms-kdiba/Data/Output/collected_outputs/figures/_temp_individual_posteriors/2026-09-16/gor01_one_2006-6-08_14-26-15/ripple/combined/multi/,p_x_given_n[454].png,2026-09-16 20:49:45+00:00,6396,gor01_one_2006-6-08_14-26-15
189,file,/umms-kdiba/Data/Output/collected_outputs/figures/_temp_individual_posteriors/2026-09-16/gor01_one_2006-6-08_14-26-15/ripple/combined/multi/,p_x_given_n[455].png,2026-09-16 20:49:45+00:00,19827,gor01_one_2006-6-08_14-26-15
190,file,/umms-kdiba/Data/Output/collected_outputs/figures/_temp_individual_posteriors/2026-09-16/gor01_one_2006-6-08_14-26-15/ripple/combined/multi/,p_x_given_n[456].png,2026-09-16 20:49:45+00:00,10211,gor01_one_2006-6-08_14-26-15
191,file,/umms-kdiba/Data/Output/collected_outputs/figures/_temp_individual_posteriors/2026-09-16/gor01_one_2006-6-08_14-26-15/ripple/combined/multi/,p_x_given_n[457].png,2026-09-16 20:49:45+00:00,7060,gor01_one_2006-6-08_14-26-15
192,file,/umms-kdiba/Data/Output/collected_outputs/figures/_temp_individual_posteriors/2026-09-16/gor01_one_2006-6-08_14-26-15/ripple/combined/multi/,p_x_given_n[458].png,2026-09-16 20:49:45+00:00,17980,gor01_one_2006-6-08_14-26-15
193,file,/umms-kdiba/Data/Output/collected_outputs/figures/_temp_individual_posteriors/2026-09-16/gor01_one_2006-6-08_14-26-15/ripple/combined/multi/,p_x_given_n[459].png,2026-09-16 20:49:45+00:00,11721,gor01_one_2006-6-08_14-26-15
194,file,/umms-kdiba/Data/Output/collected_outputs/figures/_temp_individual_posteriors/2026-09-16/gor01_one_2006-6-08_14-26-15/ripple/combined/multi/,p_x_given_n[460].png,2026-09-16 20:49:45+00:00,13185,gor01_one_2006-6-08_14-26-15
195,file,/umms-kdiba/Data/Output/collected_outputs/figures/_temp_individual_posteriors/2026-09-16/gor01_one_2006-6-08_14-26-15/ripple/combined/multi/,p_x_given_n[461].png,2026-09-16 20:49:45+00:00,13343,gor01_one_2006-6-08_14-26-15
196,file,/umms-kdiba/Data/Output/collected_outputs/figures/_temp_individual_posteriors/2026-09-16/gor01_one_2006-6-08_14-26-15/ripple/combined/multi/,p_x_given_n[462].png,2026-09-16 20:49:45+00:00,17948,gor01_one_2006-6-08_14-26-15
197,file,/umms-kdiba/Data/Output/collected_outputs/figures/_temp_individual_posteriors/2026-09-16/gor01_one_2006-6-08_14-26-15/ripple/combined/multi/,p_x_given_n[463].png,2026-09-16 20:49:45+00:00,3462,gor01_one_2006-6-08_14-26-15
198,file,/umms-kdiba/Data/Output/collected_outputs/figures/_temp_individual_posteriors/2026-09-16/gor01_one_2006-6-08_14-26-15/ripple/combined/multi/,p_x_given_n[464].png,2026-09-16 20:49:45+00:00,19932,gor01_one_2006-6-08_14-26-15
199,file,/umms-kdiba/Data/Output/collected_outputs/figures/_temp_individual_posteriors/2026-09-16/gor01_one_2006-6-08_14-26-15/ripple/combined/multi/,p_x_given_n[465].png,2026-09-16 20:49:45+00:00,12186,gor01_one_2006-6-08_14-26-15
200,file,/umms-kdiba/Data/Output/collected_outputs/figures/_temp_individual_posteriors/2026-09-16/gor01_one_2006-6-08_14-26-15/ripple/combined/multi/,p_x_given_n[466].png,2026-09-16 20:49:45+00:00,9296,gor01_one_2006-6-08_14-26-15
201,file,/umms-kdiba/Data/Output/collected_outputs/figures/_temp_individual_posteriors/2026-09-16/gor01_one_2006-6-08_14-26-15/ripple/combined/multi/,p_x_given_n[467].png,2026-09-16 20:49:45+00:00,4091,gor01_one_2006-6-08_14-26-15
202,file,/umms-kdiba/Data/Output/collected_outputs/figures/_temp_individual_posteriors/2026-09-16/gor01_one_2006-6-08_14-26-15/ripple/combined/multi/,p_x_given_n[468].png,2026-09-16 20:49:45+00:00,16613,gor01_one_2006-6-08_14-26-15
203,file,/umms-kdiba/Data/Output/collected_outputs/figures/_temp_individual_posteriors/2026-09-16/gor01_one_2006-6-08_14-26-15/ripple/combined/multi/,p_x_given_n[469].png,2026-09-16 20:49:45+00:00,11813,gor01_one_2006-6-08_14-26-15
204,file,/umms-kdiba/Data/Output/collected_outputs/figures/_temp_individual_posteriors/2026-09-16/gor01_one_2006-6-08_14-26-15/ripple/combined/multi/,p_x_given_n[470].png,2026-09-16 20:49:45+00:00,23281,gor01_one_2006-6-08_14-26-15
205,file,/umms-kdiba/Data/Output/collected_outputs/figures/_temp_individual_posteriors/2026-09-16/gor01_one_2006-6-08_14-26-15/ripple/combined/multi/,p_x_given_n[471].png,2026-09-16 20:49:45+00:00,19149,gor01_one_2006-6-08_14-26-15
206,file,/umms-kdiba/Data/Output/collected_outputs/figures/_temp_individual_posteriors/2026-09-16/gor01_one_2006-6-08_14-26-15/ripple/combined/multi/,p_x_given_n[472].png,2026-09-16 20:49:45+00:00,13889,gor01_one_2006-6-08_14-26-15
207,file,/umms-kdiba/Data/Output/collected_outputs/figures/_temp_individual_posteriors/2026-09-16/gor01_one_2006-6-08_14-26-15/ripple/combined/multi/,p_x_given_n[473].png,2026-09-16 20:49:45+00:00,10022,gor01_one_2006-6-08_14-26-15
208,file,/umms-kdiba/Data/Output/collected_outputs/figures/_temp_individual_posteriors/2026-09-16/gor01_one_2006-6-08_14-26-15/ripple/combined/multi/,p_x_given_n[474].png,2026-09-16 20:49:45+00:00,17512,gor01_one_2006-6-08_14-26-15
209,file,/umms-kdiba/Data/Output/collected_outputs/figures/_temp_individual_posteriors/2026-09-16/gor01_one_2006-6-08_14-26-15/ripple/combined/multi/,p_x_given_n[475].png,2026-09-16 20:49:45+00:00,5952,gor01_one_2006-6-08_14-26-15
210,file,/umms-kdiba/Data/Output/collected_outputs/figures/_temp_individual_posteriors/2026-09-16/gor01_one_2006-6-08_14-26-15/ripple/combined/multi/,p_x_given_n[476].png,2026-09-16 20:49:45+00:00,6217,gor01_one_2006-6-08_14-26-15
211,file,/umms-kdiba/Data/Output/collected_outputs/figures/_temp_individual_posteriors/2026-09-16/gor01_one_2006-6-08_14-26-15/ripple/combined/multi/,p_x_given_n[477].png,2026-09-16 20:49:45+00:00,15822,gor01_one_2006-6-08_14-26-15
212,file,/umms-kdiba/Data/Output/collected_outputs/figures/_temp_individual_posteriors/2026-09-16/gor01_one_2006-6-08_14-26-15/ripple/combined/multi/,p_x_given_n[478].png,2026-09-16 20:49:45+00:00,8905,gor01_one_2006-6-08_14-26-15
213,file,/umms-kdiba/Data/Output/collected_outputs/figures/_temp_individual_posteriors/2026-09-16/gor01_one_2006-6-08_14-26-15/ripple/combined/multi/,p_x_given_n[479].png,2026-09-16 20:49:45+00:00,20709,gor01_one_2006-6-08_14-26-15
214,file,/umms-kdiba/Data/Output/collected_outputs/figures/_temp_individual_posteriors/2026-09-16/gor01_one_2006-6-08_14-26-15/ripple/combined/multi/,p_x_given_n[480].png,2026-09-16 20:49:45+00:00,6896,gor01_one_2006-6-08_14-26-15
215,file,/umms-kdiba/Data/Output/collected_outputs/figures/_temp_individual_posteriors/2026-09-16/gor01_one_2006-6-08_14-26-15/ripple/combined/multi/,p_x_given_n[482].png,2026-09-16 20:49:45+00:00,6181,gor01_one_2006-6-08_14-26-15
216,file,/umms-kdiba/Data/Output/collected_outputs/figures/_temp_individual_posteriors/2026-09-16/gor01_one_2006-6-08_14-26-15/ripple/combined/multi/,p_x_given_n[483].png,2026-09-16 20:49:45+00:00,15846,gor01_one_2006-6-08_14-26-15
217,file,/umms-kdiba/Data/Output/collected_outputs/figures/_temp_individual_posteriors/2026-09-16/gor01_one_2006-6-08_14-26-15/ripple/combined/multi/,p_x_given_n[384].png,2026-09-16 20:49:44+00:00,7205,gor01_one_2006-6-08_14-26-15
218,file,/umms-kdiba/Data/Output/collected_outputs/figures/_temp_individual_posteriors/2026-09-16/gor01_one_2006-6-08_14-26-15/ripple/combined/multi/,p_x_given_n[385].png,2026-09-16 20:49:44+00:00,13927,gor01_one_2006-6-08_14-26-15
219,file,/umms-kdiba/Data/Output/collected_outputs/figures/_temp_individual_posteriors/2026-09-16/gor01_one_2006-6-08_14-26-15/ripple/combined/multi/,p_x_given_n[386].png,2026-09-16 20:49:44+00:00,17894,gor01_one_2006-6-08_14-26-15
220,file,/umms-kdiba/Data/Output/collected_outputs/figures/_temp_individual_posteriors/2026-09-16/gor01_one_2006-6-08_14-26-15/ripple/combined/multi/,p_x_given_n[387].png,2026-09-16 20:49:44+00:00,14076,gor01_one_2006-6-08_14-26-15
221,file,/umms-kdiba/Data/Output/collected_outputs/figures/_temp_individual_posteriors/2026-09-16/gor01_one_2006-6-08_14-26-15/ripple/combined/multi/,p_x_given_n[388].png,2026-09-16 20:49:44+00:00,19272,gor01_one_2006-6-08_14-26-15
222,file,/umms-kdiba/Data/Output/collected_outputs/figures/_temp_individual_posteriors/2026-09-16/gor01_one_2006-6-08_14-26-15/ripple/combined/multi/,p_x_given_n[389].png,2026-09-16 20:49:44+00:00,13312,gor01_one_2006-6-08_14-26-15
223,file,/umms-kdiba/Data/Output/collected_outputs/figures/_temp_individual_posteriors/2026-09-16/gor01_one_2006-6-08_14-26-15/ripple/combined/multi/,p_x_given_n[390].png,2026-09-16 20:49:44+00:00,10124,gor01_one_2006-6-08_14-26-15
224,file,/umms-kdiba/Data/Output/collected_outputs/figures/_temp_individual_posteriors/2026-09-16/gor01_one_2006-6-08_14-26-15/ripple/combined/multi/,p_x_given_n[391].png,2026-09-16 20:49:44+00:00,9806,gor01_one_2006-6-08_14-26-15
225,file,/umms-kdiba/Data/Output/collected_outputs/figures/_temp_individual_posteriors/2026-09-16/gor01_one_2006-6-08_14-26-15/ripple/combined/multi/,p_x_given_n[392].png,2026-09-16 20:49:44+00:00,20324,gor01_one_2006-6-08_14-26-15
226,file,/umms-kdiba/Data/Output/collected_outputs/figures/_temp_individual_posteriors/2026-09-16/gor01_one_2006-6-08_14-26-15/ripple/combined/multi/,p_x_given_n[393].png,2026-09-16 20:49:44+00:00,11142,gor01_one_2006-6-08_14-26-15
227,file,/umms-kdiba/Data/Output/collected_outputs/figures/_temp_individual_posteriors/2026-09-16/gor01_one_2006-6-08_14-26-15/ripple/combined/multi/,p_x_given_n[394].png,2026-09-16 20:49:44+00:00,19503,gor01_one_2006-6-08_14-26-15
228,file,/umms-kdiba/Data/Output/collected_outputs/figures/_temp_individual_posteriors/2026-09-16/gor01_one_2006-6-08_14-26-15/ripple/combined/multi/,p_x_given_n[395].png,2026-09-16 20:49:44+00:00,19974,gor01_one_2006-6-08_14-26-15
229,file,/umms-kdiba/Data/Output/collected_outputs/figures/_temp_individual_posteriors/2026-09-16/gor01_one_2006-6-08_14-26-15/ripple/combined/multi/,p_x_given_n[396].png,2026-09-16 20:49:44+00:00,17351,gor01_one_2006-6-08_14-26-15
230,file,/umms-kdiba/Data/Output/collected_outputs/figures/_temp_individual_posteriors/2026-09-16/gor01_one_2006-6-08_14-26-15/ripple/combined/multi/,p_x_given_n[397].png,2026-09-16 20:49:44+00:00,9052,gor01_one_2006-6-08_14-26-15
231,file,/umms-kdiba/Data/Output/collected_outputs/figures/_temp_individual_posteriors/2026-09-16/gor01_one_2006-6-08_14-26-15/ripple/combined/multi/,p_x_given_n[398].png,2026-09-16 20:49:44+00:00,17825,gor01_one_2006-6-08_14-26-15
232,file,/umms-kdiba/Data/Output/collected_outputs/figures/_temp_individual_posteriors/2026-09-16/gor01_one_2006-6-08_14-26-15/ripple/combined/multi/,p_x_given_n[399].png,2026-09-16 20:49:44+00:00,7010,gor01_one_2006-6-08_14-26-15
233,file,/umms-kdiba/Data/Output/collected_outputs/figures/_temp_individual_posteriors/2026-09-16/gor01_one_2006-6-08_14-26-15/ripple/combined/multi/,p_x_given_n[400].png,2026-09-16 20:49:44+00:00,21602,gor01_one_2006-6-08_14-26-15
234,file,/umms-kdiba/Data/Output/collected_outputs/figures/_temp_individual_posteriors/2026-09-16/gor01_one_2006-6-08_14-26-15/ripple/combined/multi/,p_x_given_n[401].png,2026-09-16 20:49:44+00:00,17229,gor01_one_2006-6-08_14-26-15
235,file,/umms-kdiba/Data/Output/collected_outputs/figures/_temp_individual_posteriors/2026-09-16/gor01_one_2006-6-08_14-26-15/ripple/combined/multi/,p_x_given_n[402].png,2026-09-16 20:49:44+00:00,14925,gor01_one_2006-6-08_14-26-15
236,file,/umms-kdiba/Data/Output/collected_outputs/figures/_temp_individual_posteriors/2026-09-16/gor01_one_2006-6-08_14-26-15/ripple/combined/multi/,p_x_given_n[403].png,2026-09-16 20:49:44+00:00,13887,gor01_one_2006-6-08_14-26-15
237,file,/umms-kdiba/Data/Output/collected_outputs/figures/_temp_individual_posteriors/2026-09-16/gor01_one_2006-6-08_14-26-15/ripple/combined/multi/,p_x_given_n[404].png,2026-09-16 20:49:44+00:00,15851,gor01_one_2006-6-08_14-26-15
238,file,/umms-kdiba/Data/Output/collected_outputs/figures/_temp_individual_posteriors/2026-09-16/gor01_one_2006-6-08_14-26-15/ripple/combined/multi/,p_x_given_n[405].png,2026-09-16 20:49:44+00:00,6590,gor01_one_2006-6-08_14-26-15
239,file,/umms-kdiba/Data/Output/collected_outputs/figures/_temp_individual_posteriors/2026-09-16/gor01_one_2006-6-08_14-26-15/ripple/combined/multi/,p_x_given_n[406].png,2026-09-16 20:49:44+00:00,12126,gor01_one_2006-6-08_14-26-15
240,file,/umms-kdiba/Data/Output/collected_outputs/figures/_temp_individual_posteriors/2026-09-16/gor01_one_2006-6-08_14-26-15/ripple/combined/multi/,p_x_given_n[407].png,2026-09-16 20:49:44+00:00,10477,gor01_one_2006-6-08_14-26-15
241,file,/umms-kdiba/Data/Output/collected_outputs/figures/_temp_individual_posteriors/2026-09-16/gor01_one_2006-6-08_14-26-15/ripple/combined/multi/,p_x_given_n[408].png,2026-09-16 20:49:44+00:00,12351,gor01_one_2006-6-08_14-26-15
242,file,/umms-kdiba/Data/Output/collected_outputs/figures/_temp_individual_posteriors/2026-09-16/gor01_one_2006-6-08_14-26-15/ripple/combined/multi/,p_x_given_n[409].png,2026-09-16 20:49:44+00:00,16714,gor01_one_2006-6-08_14-26-15
243,file,/umms-kdiba/Data/Output/collected_outputs/figures/_temp_individual_posteriors/2026-09-16/gor01_one_2006-6-08_14-26-15/ripple/combined/multi/,p_x_given_n[410].png,2026-09-16 20:49:44+00:00,13272,gor01_one_2006-6-08_14-26-15
244,file,/umms-kdiba/Data/Output/collected_outputs/figures/_temp_individual_posteriors/2026-09-16/gor01_one_2006-6-08_14-26-15/ripple/combined/multi/,p_x_given_n[411].png,2026-09-16 20:49:44+00:00,17021,gor01_one_2006-6-08_14-26-15
245,file,/umms-kdiba/Data/Output/collected_outputs/figures/_temp_individual_posteriors/2026-09-16/gor01_one_2006-6-08_14-26-15/ripple/combined/multi/,p_x_given_n[412].png,2026-09-16 20:49:44+00:00,12887,gor01_one_2006-6-08_14-26-15
246,file,/umms-kdiba/Data/Output/collected_outputs/figures/_temp_individual_posteriors/2026-09-16/gor01_one_2006-6-08_14-26-15/ripple/combined/multi/,p_x_given_n[413].png,2026-09-16 20:49:44+00:00,18324,gor01_one_2006-6-08_14-26-15
247,file,/umms-kdiba/Data/Output/collected_outputs/figures/_temp_individual_posteriors/2026-09-16/gor01_one_2006-6-08_14-26-15/ripple/combined/multi/,p_x_given_n[414].png,2026-09-16 20:49:44+00:00,18352,gor01_one_2006-6-08_14-26-15
248,file,/umms-kdiba/Data/Output/collected_outputs/figures/_temp_individual_posteriors/2026-09-16/gor01_one_2006-6-08_14-26-15/ripple/combined/multi/,p_x_given_n[415].png,2026-09-16 20:49:44+00:00,13476,gor01_one_2006-6-08_14-26-15
249,file,/umms-kdiba/Data/Output/collected_outputs/figures/_temp_individual_posteriors/2026-09-16/gor01_one_2006-6-08_14-26-15/ripple/combined/multi/,p_x_given_n[417].png,2026-09-16 20:49:44+00:00,7962,gor01_one_2006-6-08_14-26-15
250,file,/umms-kdiba/Data/Output/collected_outputs/figures/_temp_individual_posteriors/2026-09-16/gor01_one_2006-6-08_14-26-15/ripple/combined/multi/,p_x_given_n[418].png,2026-09-16 20:49:44+00:00,13665,gor01_one_2006-6-08_14-26-15
251,file,/umms-kdiba/Data/Output/collected_outputs/figures/_temp_individual_posteriors/2026-09-16/gor01_one_2006-6-08_14-26-15/ripple/combined/multi/,p_x_given_n[419].png,2026-09-16 20:49:44+00:00,12185,gor01_one_2006-6-08_14-26-15
252,file,/umms-kdiba/Data/Output/collected_outputs/figures/_temp_individual_posteriors/2026-09-16/gor01_one_2006-6-08_14-26-15/ripple/combined/multi/,p_x_given_n[420].png,2026-09-16 20:49:44+00:00,19656,gor01_one_2006-6-08_14-26-15
253,file,/umms-kdiba/Data/Output/collected_outputs/figures/_temp_individual_posteriors/2026-09-16/gor01_one_2006-6-08_14-26-15/ripple/combined/multi/,p_x_given_n[421].png,2026-09-16 20:49:44+00:00,4636,gor01_one_2006-6-08_14-26-15
254,file,/umms-kdiba/Data/Output/collected_outputs/figures/_temp_individual_posteriors/2026-09-16/gor01_one_2006-6-08_14-26-15/ripple/combined/multi/,p_x_given_n[422].png,2026-09-16 20:49:44+00:00,12505,gor01_one_2006-6-08_14-26-15
255,file,/umms-kdiba/Data/Output/collected_outputs/figures/_temp_individual_posteriors/2026-09-16/gor01_one_2006-6-08_14-26-15/ripple/combined/multi/,p_x_given_n[423].png,2026-09-16 20:49:44+00:00,7160,gor01_one_2006-6-08_14-26-15
256,file,/umms-kdiba/Data/Output/collected_outputs/figures/_temp_individual_posteriors/2026-09-16/gor01_one_2006-6-08_14-26-15/ripple/combined/multi/,p_x_given_n[424].png,2026-09-16 20:49:44+00:00,20185,gor01_one_2006-6-08_14-26-15
257,file,/umms-kdiba/Data/Output/collected_outputs/figures/_temp_individual_posteriors/2026-09-16/gor01_one_2006-6-08_14-26-15/ripple/combined/multi/,p_x_given_n[425].png,2026-09-16 20:49:44+00:00,11442,gor01_one_2006-6-08_14-26-15
258,file,/umms-kdiba/Data/Output/collected_outputs/figures/_temp_individual_posteriors/2026-09-16/gor01_one_2006-6-08_14-26-15/ripple/combined/multi/,p_x_given_n[426].png,2026-09-16 20:49:44+00:00,12033,gor01_one_2006-6-08_14-26-15
259,file,/umms-kdiba/Data/Output/collected_outputs/figures/_temp_individual_posteriors/2026-09-16/gor01_one_2006-6-08_14-26-15/ripple/combined/multi/,p_x_given_n[427].png,2026-09-16 20:49:44+00:00,6922,gor01_one_2006-6-08_14-26-15
260,file,/umms-kdiba/Data/Output/collected_outputs/figures/_temp_individual_posteriors/2026-09-16/gor01_one_2006-6-08_14-26-15/ripple/combined/multi/,p_x_given_n[428].png,2026-09-16 20:49:44+00:00,6799,gor01_one_2006-6-08_14-26-15
261,file,/umms-kdiba/Data/Output/collected_outputs/figures/_temp_individual_posteriors/2026-09-16/gor01_one_2006-6-08_14-26-15/ripple/combined/multi/,p_x_given_n[429].png,2026-09-16 20:49:44+00:00,3542,gor01_one_2006-6-08_14-26-15
262,file,/umms-kdiba/Data/Output/collected_outputs/figures/_temp_individual_posteriors/2026-09-16/gor01_one_2006-6-08_14-26-15/ripple/combined/multi/,p_x_given_n[430].png,2026-09-16 20:49:44+00:00,19541,gor01_one_2006-6-08_14-26-15
263,file,/umms-kdiba/Data/Output/collected_outputs/figures/_temp_individual_posteriors/2026-09-16/gor01_one_2006-6-08_14-26-15/ripple/combined/multi/,p_x_given_n[431].png,2026-09-16 20:49:44+00:00,3181,gor01_one_2006-6-08_14-26-15
264,file,/umms-kdiba/Data/Output/collected_outputs/figures/_temp_individual_posteriors/2026-09-16/gor01_one_2006-6-08_14-26-15/ripple/combined/multi/,p_x_given_n[432].png,2026-09-16 20:49:44+00:00,12523,gor01_one_2006-6-08_14-26-15
265,file,/umms-kdiba/Data/Output/collected_outputs/figures/_temp_individual_posteriors/2026-09-16/gor01_one_2006-6-08_14-26-15/ripple/combined/multi/,p_x_given_n[336].png,2026-09-16 20:49:43+00:00,8524,gor01_one_2006-6-08_14-26-15
266,file,/umms-kdiba/Data/Output/collected_outputs/figures/_temp_individual_posteriors/2026-09-16/gor01_one_2006-6-08_14-26-15/ripple/combined/multi/,p_x_given_n[337].png,2026-09-16 20:49:43+00:00,10416,gor01_one_2006-6-08_14-26-15
267,file,/umms-kdiba/Data/Output/collected_outputs/figures/_temp_individual_posteriors/2026-09-16/gor01_one_2006-6-08_14-26-15/ripple/combined/multi/,p_x_given_n[338].png,2026-09-16 20:49:43+00:00,10416,gor01_one_2006-6-08_14-26-15
268,file,/umms-kdiba/Data/Output/collected_outputs/figures/_temp_individual_posteriors/2026-09-16/gor01_one_2006-6-08_14-26-15/ripple/combined/multi/,p_x_given_n[339].png,2026-09-16 20:49:43+00:00,15792,gor01_one_2006-6-08_14-26-15
269,file,/umms-kdiba/Data/Output/collected_outputs/figures/_temp_individual_posteriors/2026-09-16/gor01_one_2006-6-08_14-26-15/ripple/combined/multi/,p_x_given_n[340].png,2026-09-16 20:49:43+00:00,8081,gor01_one_2006-6-08_14-26-15
270,file,/umms-kdiba/Data/Output/collected_outputs/figures/_temp_individual_posteriors/2026-09-16/gor01_one_2006-6-08_14-26-15/ripple/combined/multi/,p_x_given_n[341].png,2026-09-16 20:49:43+00:00,9280,gor01_one_2006-6-08_14-26-15
271,file,/umms-kdiba/Data/Output/collected_outputs/figures/_temp_individual_posteriors/2026-09-16/gor01_one_2006-6-08_14-26-15/ripple/combined/multi/,p_x_given_n[342].png,2026-09-16 20:49:43+00:00,3547,gor01_one_2006-6-08_14-26-15
272,file,/umms-kdiba/Data/Output/collected_outputs/figures/_temp_individual_posteriors/2026-09-16/gor01_one_2006-6-08_14-26-15/ripple/combined/multi/,p_x_given_n[343].png,2026-09-16 20:49:43+00:00,11444,gor01_one_2006-6-08_14-26-15
273,file,/umms-kdiba/Data/Output/collected_outputs/figures/_temp_individual_posteriors/2026-09-16/gor01_one_2006-6-08_14-26-15/ripple/combined/multi/,p_x_given_n[344].png,2026-09-16 20:49:43+00:00,9883,gor01_one_2006-6-08_14-26-15
274,file,/umms-kdiba/Data/Output/collected_outputs/figures/_temp_individual_posteriors/2026-09-16/gor01_one_2006-6-08_14-26-15/ripple/combined/multi/,p_x_given_n[345].png,2026-09-16 20:49:43+00:00,16161,gor01_one_2006-6-08_14-26-15
275,file,/umms-kdiba/Data/Output/collected_outputs/figures/_temp_individual_posteriors/2026-09-16/gor01_one_2006-6-08_14-26-15/ripple/combined/multi/,p_x_given_n[346].png,2026-09-16 20:49:43+00:00,20742,gor01_one_2006-6-08_14-26-15
276,file,/umms-kdiba/Data/Output/collected_outputs/figures/_temp_individual_posteriors/2026-09-16/gor01_one_2006-6-08_14-26-15/ripple/combined/multi/,p_x_given_n[347].png,2026-09-16 20:49:43+00:00,11389,gor01_one_2006-6-08_14-26-15
277,file,/umms-kdiba/Data/Output/collected_outputs/figures/_temp_individual_posteriors/2026-09-16/gor01_one_2006-6-08_14-26-15/ripple/combined/multi/,p_x_given_n[348].png,2026-09-16 20:49:43+00:00,5560,gor01_one_2006-6-08_14-26-15
278,file,/umms-kdiba/Data/Output/collected_outputs/figures/_temp_individual_posteriors/2026-09-16/gor01_one_2006-6-08_14-26-15/ripple/combined/multi/,p_x_given_n[349].png,2026-09-16 20:49:43+00:00,15506,gor01_one_2006-6-08_14-26-15
279,file,/umms-kdiba/Data/Output/collected_outputs/figures/_temp_individual_posteriors/2026-09-16/gor01_one_2006-6-08_14-26-15/ripple/combined/multi/,p_x_given_n[350].png,2026-09-16 20:49:43+00:00,20210,gor01_one_2006-6-08_14-26-15
280,file,/umms-kdiba/Data/Output/collected_outputs/figures/_temp_individual_posteriors/2026-09-16/gor01_one_2006-6-08_14-26-15/ripple/combined/multi/,p_x_given_n[351].png,2026-09-16 20:49:43+00:00,21634,gor01_one_2006-6-08_14-26-15
281,file,/umms-kdiba/Data/Output/collected_outputs/figures/_temp_individual_posteriors/2026-09-16/gor01_one_2006-6-08_14-26-15/ripple/combined/multi/,p_x_given_n[352].png,2026-09-16 20:49:43+00:00,9625,gor01_one_2006-6-08_14-26-15
282,file,/umms-kdiba/Data/Output/collected_outputs/figures/_temp_individual_posteriors/2026-09-16/gor01_one_2006-6-08_14-26-15/ripple/combined/multi/,p_x_given_n[353].png,2026-09-16 20:49:43+00:00,16688,gor01_one_2006-6-08_14-26-15
283,file,/umms-kdiba/Data/Output/collected_outputs/figures/_temp_individual_posteriors/2026-09-16/gor01_one_2006-6-08_14-26-15/ripple/combined/multi/,p_x_given_n[354].png,2026-09-16 20:49:43+00:00,9105,gor01_one_2006-6-08_14-26-15
284,file,/umms-kdiba/Data/Output/collected_outputs/figures/_temp_individual_posteriors/2026-09-16/gor01_one_2006-6-08_14-26-15/ripple/combined/multi/,p_x_given_n[355].png,2026-09-16 20:49:43+00:00,9258,gor01_one_2006-6-08_14-26-15
285,file,/umms-kdiba/Data/Output/collected_outputs/figures/_temp_individual_posteriors/2026-09-16/gor01_one_2006-6-08_14-26-15/ripple/combined/multi/,p_x_given_n[356].png,2026-09-16 20:49:43+00:00,15184,gor01_one_2006-6-08_14-26-15
286,file,/umms-kdiba/Data/Output/collected_outputs/figures/_temp_individual_posteriors/2026-09-16/gor01_one_2006-6-08_14-26-15/ripple/combined/multi/,p_x_given_n[357].png,2026-09-16 20:49:43+00:00,4166,gor01_one_2006-6-08_14-26-15
287,file,/umms-kdiba/Data/Output/collected_outputs/figures/_temp_individual_posteriors/2026-09-16/gor01_one_2006-6-08_14-26-15/ripple/combined/multi/,p_x_given_n[358].png,2026-09-16 20:49:43+00:00,10206,gor01_one_2006-6-08_14-26-15
288,file,/umms-kdiba/Data/Output/collected_outputs/figures/_temp_individual_posteriors/2026-09-16/gor01_one_2006-6-08_14-26-15/ripple/combined/multi/,p_x_given_n[359].png,2026-09-16 20:49:43+00:00,12418,gor01_one_2006-6-08_14-26-15
289,file,/umms-kdiba/Data/Output/collected_outputs/figures/_temp_individual_posteriors/2026-09-16/gor01_one_2006-6-08_14-26-15/ripple/combined/multi/,p_x_given_n[360].png,2026-09-16 20:49:43+00:00,17604,gor01_one_2006-6-08_14-26-15
290,file,/umms-kdiba/Data/Output/collected_outputs/figures/_temp_individual_posteriors/2026-09-16/gor01_one_2006-6-08_14-26-15/ripple/combined/multi/,p_x_given_n[361].png,2026-09-16 20:49:43+00:00,7571,gor01_one_2006-6-08_14-26-15
291,file,/umms-kdiba/Data/Output/collected_outputs/figures/_temp_individual_posteriors/2026-09-16/gor01_one_2006-6-08_14-26-15/ripple/combined/multi/,p_x_given_n[362].png,2026-09-16 20:49:43+00:00,12157,gor01_one_2006-6-08_14-26-15
292,file,/umms-kdiba/Data/Output/collected_outputs/figures/_temp_individual_posteriors/2026-09-16/gor01_one_2006-6-08_14-26-15/ripple/combined/multi/,p_x_given_n[363].png,2026-09-16 20:49:43+00:00,7958,gor01_one_2006-6-08_14-26-15
293,file,/umms-kdiba/Data/Output/collected_outputs/figures/_temp_individual_posteriors/2026-09-16/gor01_one_2006-6-08_14-26-15/ripple/combined/multi/,p_x_given_n[364].png,2026-09-16 20:49:43+00:00,8667,gor01_one_2006-6-08_14-26-15
294,file,/umms-kdiba/Data/Output/collected_outputs/figures/_temp_individual_posteriors/2026-09-16/gor01_one_2006-6-08_14-26-15/ripple/combined/multi/,p_x_given_n[365].png,2026-09-16 20:49:43+00:00,6927,gor01_one_2006-6-08_14-26-15
295,file,/umms-kdiba/Data/Output/collected_outputs/figures/_temp_individual_posteriors/2026-09-16/gor01_one_2006-6-08_14-26-15/ripple/combined/multi/,p_x_given_n[366].png,2026-09-16 20:49:43+00:00,16888,gor01_one_2006-6-08_14-26-15
296,file,/umms-kdiba/Data/Output/collected_outputs/figures/_temp_individual_posteriors/2026-09-16/gor01_one_2006-6-08_14-26-15/ripple/combined/multi/,p_x_given_n[367].png,2026-09-16 20:49:43+00:00,17385,gor01_one_2006-6-08_14-26-15
297,file,/umms-kdiba/Data/Output/collected_outputs/figures/_temp_individual_posteriors/2026-09-16/gor01_one_2006-6-08_14-26-15/ripple/combined/multi/,p_x_given_n[368].png,2026-09-16 20:49:43+00:00,7266,gor01_one_2006-6-08_14-26-15
298,file,/umms-kdiba/Data/Output/collected_outputs/figures/_temp_individual_posteriors/2026-09-16/gor01_one_2006-6-08_14-26-15/ripple/combined/multi/,p_x_given_n[369].png,2026-09-16 20:49:43+00:00,13780,gor01_one_2006-6-08_14-26-15
299,file,/umms-kdiba/Data/Output/collected_outputs/figures/_temp_individual_posteriors/2026-09-16/gor01_one_2006-6-08_14-26-15/ripple/combined/multi/,p_x_given_n[370].png,2026-09-16 20:49:43+00:00,11718,gor01_one_2006-6-08_14-26-15
300,file,/umms-kdiba/Data/Output/collected_outputs/figures/_temp_individual_posteriors/2026-09-16/gor01_one_2006-6-08_14-26-15/ripple/combined/multi/,p_x_given_n[371].png,2026-09-16 20:49:43+00:00,15245,gor01_one_2006-6-08_14-26-15
301,file,/umms-kdiba/Data/Output/collected_outputs/figures/_temp_individual_posteriors/2026-09-16/gor01_one_2006-6-08_14-26-15/ripple/combined/multi/,p_x_given_n[372].png,2026-09-16 20:49:43+00:00,12726,gor01_one_2006-6-08_14-26-15
302,file,/umms-kdiba/Data/Output/collected_outputs/figures/_temp_individual_posteriors/2026-09-16/gor01_one_2006-6-08_14-26-15/ripple/combined/multi/,p_x_given_n[373].png,2026-09-16 20:49:43+00:00,18757,gor01_one_2006-6-08_14-26-15
303,file,/umms-kdiba/Data/Output/collected_outputs/figures/_temp_individual_posteriors/2026-09-16/gor01_one_2006-6-08_14-26-15/ripple/combined/multi/,p_x_given_n[375].png,2026-09-16 20:49:43+00:00,13485,gor01_one_2006-6-08_14-26-15
304,file,/umms-kdiba/Data/Output/collected_outputs/figures/_temp_individual_posteriors/2026-09-16/gor01_one_2006-6-08_14-26-15/ripple/combined/multi/,p_x_given_n[376].png,2026-09-16 20:49:43+00:00,9388,gor01_one_2006-6-08_14-26-15
305,file,/umms-kdiba/Data/Output/collected_outputs/figures/_temp_individual_posteriors/2026-09-16/gor01_one_2006-6-08_14-26-15/ripple/combined/multi/,p_x_given_n[377].png,2026-09-16 20:49:43+00:00,15753,gor01_one_2006-6-08_14-26-15
306,file,/umms-kdiba/Data/Output/collected_outputs/figures/_temp_individual_posteriors/2026-09-16/gor01_one_2006-6-08_14-26-15/ripple/combined/multi/,p_x_given_n[378].png,2026-09-16 20:49:43+00:00,7191,gor01_one_2006-6-08_14-26-15
307,file,/umms-kdiba/Data/Output/collected_outputs/figures/_temp_individual_posteriors/2026-09-16/gor01_one_2006-6-08_14-26-15/ripple/combined/multi/,p_x_given_n[379].png,2026-09-16 20:49:43+00:00,16626,gor01_one_2006-6-08_14-26-15
308,file,/umms-kdiba/Data/Output/collected_outputs/figures/_temp_individual_posteriors/2026-09-16/gor01_one_2006-6-08_14-26-15/ripple/combined/multi/,p_x_given_n[380].png,2026-09-16 20:49:43+00:00,16022,gor01_one_2006-6-08_14-26-15
309,file,/umms-kdiba/Data/Output/collected_outputs/figures/_temp_individual_posteriors/2026-09-16/gor01_one_2006-6-08_14-26-15/ripple/combined/multi/,p_x_given_n[381].png,2026-09-16 20:49:43+00:00,18411,gor01_one_2006-6-08_14-26-15
310,file,/umms-kdiba/Data/Output/collected_outputs/figures/_temp_individual_posteriors/2026-09-16/gor01_one_2006-6-08_14-26-15/ripple/combined/multi/,p_x_given_n[382].png,2026-09-16 20:49:43+00:00,22572,gor01_one_2006-6-08_14-26-15
311,file,/umms-kdiba/Data/Output/collected_outputs/figures/_temp_individual_posteriors/2026-09-16/gor01_one_2006-6-08_14-26-15/ripple/combined/multi/,p_x_given_n[383].png,2026-09-16 20:49:43+00:00,25543,gor01_one_2006-6-08_14-26-15
312,file,/umms-kdiba/Data/Output/collected_outputs/figures/_temp_individual_posteriors/2026-09-16/gor01_one_2006-6-08_14-26-15/ripple/combined/multi/,p_x_given_n[283].png,2026-09-16 20:49:42+00:00,12160,gor01_one_2006-6-08_14-26-15
313,file,/umms-kdiba/Data/Output/collected_outputs/figures/_temp_individual_posteriors/2026-09-16/gor01_one_2006-6-08_14-26-15/ripple/combined/multi/,p_x_given_n[284].png,2026-09-16 20:49:42+00:00,15325,gor01_one_2006-6-08_14-26-15
314,file,/umms-kdiba/Data/Output/collected_outputs/figures/_temp_individual_posteriors/2026-09-16/gor01_one_2006-6-08_14-26-15/ripple/combined/multi/,p_x_given_n[285].png,2026-09-16 20:49:42+00:00,7941,gor01_one_2006-6-08_14-26-15
315,file,/umms-kdiba/Data/Output/collected_outputs/figures/_temp_individual_posteriors/2026-09-16/gor01_one_2006-6-08_14-26-15/ripple/combined/multi/,p_x_given_n[287].png,2026-09-16 20:49:42+00:00,10385,gor01_one_2006-6-08_14-26-15
316,file,/umms-kdiba/Data/Output/collected_outputs/figures/_temp_individual_posteriors/2026-09-16/gor01_one_2006-6-08_14-26-15/ripple/combined/multi/,p_x_given_n[288].png,2026-09-16 20:49:42+00:00,7765,gor01_one_2006-6-08_14-26-15
317,file,/umms-kdiba/Data/Output/collected_outputs/figures/_temp_individual_posteriors/2026-09-16/gor01_one_2006-6-08_14-26-15/ripple/combined/multi/,p_x_given_n[289].png,2026-09-16 20:49:42+00:00,19305,gor01_one_2006-6-08_14-26-15
318,file,/umms-kdiba/Data/Output/collected_outputs/figures/_temp_individual_posteriors/2026-09-16/gor01_one_2006-6-08_14-26-15/ripple/combined/multi/,p_x_given_n[290].png,2026-09-16 20:49:42+00:00,10331,gor01_one_2006-6-08_14-26-15
319,file,/umms-kdiba/Data/Output/collected_outputs/figures/_temp_individual_posteriors/2026-09-16/gor01_one_2006-6-08_14-26-15/ripple/combined/multi/,p_x_given_n[291].png,2026-09-16 20:49:42+00:00,20698,gor01_one_2006-6-08_14-26-15
320,file,/umms-kdiba/Data/Output/collected_outputs/figures/_temp_individual_posteriors/2026-09-16/gor01_one_2006-6-08_14-26-15/ripple/combined/multi/,p_x_given_n[292].png,2026-09-16 20:49:42+00:00,12945,gor01_one_2006-6-08_14-26-15
321,file,/umms-kdiba/Data/Output/collected_outputs/figures/_temp_individual_posteriors/2026-09-16/gor01_one_2006-6-08_14-26-15/ripple/combined/multi/,p_x_given_n[293].png,2026-09-16 20:49:42+00:00,14540,gor01_one_2006-6-08_14-26-15
322,file,/umms-kdiba/Data/Output/collected_outputs/figures/_temp_individual_posteriors/2026-09-16/gor01_one_2006-6-08_14-26-15/ripple/combined/multi/,p_x_given_n[294].png,2026-09-16 20:49:42+00:00,7028,gor01_one_2006-6-08_14-26-15
323,file,/umms-kdiba/Data/Output/collected_outputs/figures/_temp_individual_posteriors/2026-09-16/gor01_one_2006-6-08_14-26-15/ripple/combined/multi/,p_x_given_n[295].png,2026-09-16 20:49:42+00:00,21529,gor01_one_2006-6-08_14-26-15
324,file,/umms-kdiba/Data/Output/collected_outputs/figures/_temp_individual_posteriors/2026-09-16/gor01_one_2006-6-08_14-26-15/ripple/combined/multi/,p_x_given_n[296].png,2026-09-16 20:49:42+00:00,9113,gor01_one_2006-6-08_14-26-15
325,file,/umms-kdiba/Data/Output/collected_outputs/figures/_temp_individual_posteriors/2026-09-16/gor01_one_2006-6-08_14-26-15/ripple/combined/multi/,p_x_given_n[297].png,2026-09-16 20:49:42+00:00,8651,gor01_one_2006-6-08_14-26-15
326,file,/umms-kdiba/Data/Output/collected_outputs/figures/_temp_individual_posteriors/2026-09-16/gor01_one_2006-6-08_14-26-15/ripple/combined/multi/,p_x_given_n[298].png,2026-09-16 20:49:42+00:00,14766,gor01_one_2006-6-08_14-26-15
327,file,/umms-kdiba/Data/Output/collected_outputs/figures/_temp_individual_posteriors/2026-09-16/gor01_one_2006-6-08_14-26-15/ripple/combined/multi/,p_x_given_n[299].png,2026-09-16 20:49:42+00:00,18030,gor01_one_2006-6-08_14-26-15
328,file,/umms-kdiba/Data/Output/collected_outputs/figures/_temp_individual_posteriors/2026-09-16/gor01_one_2006-6-08_14-26-15/ripple/combined/multi/,p_x_given_n[300].png,2026-09-16 20:49:42+00:00,6858,gor01_one_2006-6-08_14-26-15
329,file,/umms-kdiba/Data/Output/collected_outputs/figures/_temp_individual_posteriors/2026-09-16/gor01_one_2006-6-08_14-26-15/ripple/combined/multi/,p_x_given_n[301].png,2026-09-16 20:49:42+00:00,5805,gor01_one_2006-6-08_14-26-15
330,file,/umms-kdiba/Data/Output/collected_outputs/figures/_temp_individual_posteriors/2026-09-16/gor01_one_2006-6-08_14-26-15/ripple/combined/multi/,p_x_given_n[302].png,2026-09-16 20:49:42+00:00,14041,gor01_one_2006-6-08_14-26-15
331,file,/umms-kdiba/Data/Output/collected_outputs/figures/_temp_individual_posteriors/2026-09-16/gor01_one_2006-6-08_14-26-15/ripple/combined/multi/,p_x_given_n[303].png,2026-09-16 20:49:42+00:00,18075,gor01_one_2006-6-08_14-26-15
332,file,/umms-kdiba/Data/Output/collected_outputs/figures/_temp_individual_posteriors/2026-09-16/gor01_one_2006-6-08_14-26-15/ripple/combined/multi/,p_x_given_n[305].png,2026-09-16 20:49:42+00:00,18381,gor01_one_2006-6-08_14-26-15
333,file,/umms-kdiba/Data/Output/collected_outputs/figures/_temp_individual_posteriors/2026-09-16/gor01_one_2006-6-08_14-26-15/ripple/combined/multi/,p_x_given_n[306].png,2026-09-16 20:49:42+00:00,19634,gor01_one_2006-6-08_14-26-15
334,file,/umms-kdiba/Data/Output/collected_outputs/figures/_temp_individual_posteriors/2026-09-16/gor01_one_2006-6-08_14-26-15/ripple/combined/multi/,p_x_given_n[307].png,2026-09-16 20:49:42+00:00,16082,gor01_one_2006-6-08_14-26-15
335,file,/umms-kdiba/Data/Output/collected_outputs/figures/_temp_individual_posteriors/2026-09-16/gor01_one_2006-6-08_14-26-15/ripple/combined/multi/,p_x_given_n[308].png,2026-09-16 20:49:42+00:00,21171,gor01_one_2006-6-08_14-26-15
336,file,/umms-kdiba/Data/Output/collected_outputs/figures/_temp_individual_posteriors/2026-09-16/gor01_one_2006-6-08_14-26-15/ripple/combined/multi/,p_x_given_n[309].png,2026-09-16 20:49:42+00:00,14012,gor01_one_2006-6-08_14-26-15
337,file,/umms-kdiba/Data/Output/collected_outputs/figures/_temp_individual_posteriors/2026-09-16/gor01_one_2006-6-08_14-26-15/ripple/combined/multi/,p_x_given_n[310].png,2026-09-16 20:49:42+00:00,12780,gor01_one_2006-6-08_14-26-15
338,file,/umms-kdiba/Data/Output/collected_outputs/figures/_temp_individual_posteriors/2026-09-16/gor01_one_2006-6-08_14-26-15/ripple/combined/multi/,p_x_given_n[311].png,2026-09-16 20:49:42+00:00,20213,gor01_one_2006-6-08_14-26-15
339,file,/umms-kdiba/Data/Output/collected_outputs/figures/_temp_individual_posteriors/2026-09-16/gor01_one_2006-6-08_14-26-15/ripple/combined/multi/,p_x_given_n[312].png,2026-09-16 20:49:42+00:00,12469,gor01_one_2006-6-08_14-26-15
340,file,/umms-kdiba/Data/Output/collected_outputs/figures/_temp_individual_posteriors/2026-09-16/gor01_one_2006-6-08_14-26-15/ripple/combined/multi/,p_x_given_n[313].png,2026-09-16 20:49:42+00:00,3593,gor01_one_2006-6-08_14-26-15
341,file,/umms-kdiba/Data/Output/collected_outputs/figures/_temp_individual_posteriors/2026-09-16/gor01_one_2006-6-08_14-26-15/ripple/combined/multi/,p_x_given_n[314].png,2026-09-16 20:49:42+00:00,3444,gor01_one_2006-6-08_14-26-15
342,file,/umms-kdiba/Data/Output/collected_outputs/figures/_temp_individual_posteriors/2026-09-16/gor01_one_2006-6-08_14-26-15/ripple/combined/multi/,p_x_given_n[316].png,2026-09-16 20:49:42+00:00,15889,gor01_one_2006-6-08_14-26-15
343,file,/umms-kdiba/Data/Output/collected_outputs/figures/_temp_individual_posteriors/2026-09-16/gor01_one_2006-6-08_14-26-15/ripple/combined/multi/,p_x_given_n[317].png,2026-09-16 20:49:42+00:00,6315,gor01_one_2006-6-08_14-26-15
344,file,/umms-kdiba/Data/Output/collected_outputs/figures/_temp_individual_posteriors/2026-09-16/gor01_one_2006-6-08_14-26-15/ripple/combined/multi/,p_x_given_n[319].png,2026-09-16 20:49:42+00:00,17329,gor01_one_2006-6-08_14-26-15
345,file,/umms-kdiba/Data/Output/collected_outputs/figures/_temp_individual_posteriors/2026-09-16/gor01_one_2006-6-08_14-26-15/ripple/combined/multi/,p_x_given_n[320].png,2026-09-16 20:49:42+00:00,6834,gor01_one_2006-6-08_14-26-15
346,file,/umms-kdiba/Data/Output/collected_outputs/figures/_temp_individual_posteriors/2026-09-16/gor01_one_2006-6-08_14-26-15/ripple/combined/multi/,p_x_given_n[321].png,2026-09-16 20:49:42+00:00,12594,gor01_one_2006-6-08_14-26-15
347,file,/umms-kdiba/Data/Output/collected_outputs/figures/_temp_individual_posteriors/2026-09-16/gor01_one_2006-6-08_14-26-15/ripple/combined/multi/,p_x_given_n[322].png,2026-09-16 20:49:42+00:00,19155,gor01_one_2006-6-08_14-26-15
348,file,/umms-kdiba/Data/Output/collected_outputs/figures/_temp_individual_posteriors/2026-09-16/gor01_one_2006-6-08_14-26-15/ripple/combined/multi/,p_x_given_n[323].png,2026-09-16 20:49:42+00:00,12993,gor01_one_2006-6-08_14-26-15
349,file,/umms-kdiba/Data/Output/collected_outputs/figures/_temp_individual_posteriors/2026-09-16/gor01_one_2006-6-08_14-26-15/ripple/combined/multi/,p_x_given_n[324].png,2026-09-16 20:49:42+00:00,9758,gor01_one_2006-6-08_14-26-15
350,file,/umms-kdiba/Data/Output/collected_outputs/figures/_temp_individual_posteriors/2026-09-16/gor01_one_2006-6-08_14-26-15/ripple/combined/multi/,p_x_given_n[325].png,2026-09-16 20:49:42+00:00,6578,gor01_one_2006-6-08_14-26-15
351,file,/umms-kdiba/Data/Output/collected_outputs/figures/_temp_individual_posteriors/2026-09-16/gor01_one_2006-6-08_14-26-15/ripple/combined/multi/,p_x_given_n[326].png,2026-09-16 20:49:42+00:00,22906,gor01_one_2006-6-08_14-26-15
352,file,/umms-kdiba/Data/Output/collected_outputs/figures/_temp_individual_posteriors/2026-09-16/gor01_one_2006-6-08_14-26-15/ripple/combined/multi/,p_x_given_n[327].png,2026-09-16 20:49:42+00:00,16700,gor01_one_2006-6-08_14-26-15
353,file,/umms-kdiba/Data/Output/collected_outputs/figures/_temp_individual_posteriors/2026-09-16/gor01_one_2006-6-08_14-26-15/ripple/combined/multi/,p_x_given_n[328].png,2026-09-16 20:49:42+00:00,18158,gor01_one_2006-6-08_14-26-15
354,file,/umms-kdiba/Data/Output/collected_outputs/figures/_temp_individual_posteriors/2026-09-16/gor01_one_2006-6-08_14-26-15/ripple/combined/multi/,p_x_given_n[329].png,2026-09-16 20:49:42+00:00,19566,gor01_one_2006-6-08_14-26-15
355,file,/umms-kdiba/Data/Output/collected_outputs/figures/_temp_individual_posteriors/2026-09-16/gor01_one_2006-6-08_14-26-15/ripple/combined/multi/,p_x_given_n[330].png,2026-09-16 20:49:42+00:00,7506,gor01_one_2006-6-08_14-26-15
356,file,/umms-kdiba/Data/Output/collected_outputs/figures/_temp_individual_posteriors/2026-09-16/gor01_one_2006-6-08_14-26-15/ripple/combined/multi/,p_x_given_n[331].png,2026-09-16 20:49:42+00:00,9420,gor01_one_2006-6-08_14-26-15
357,file,/umms-kdiba/Data/Output/collected_outputs/figures/_temp_individual_posteriors/2026-09-16/gor01_one_2006-6-08_14-26-15/ripple/combined/multi/,p_x_given_n[332].png,2026-09-16 20:49:42+00:00,8784,gor01_one_2006-6-08_14-26-15
358,file,/umms-kdiba/Data/Output/collected_outputs/figures/_temp_individual_posteriors/2026-09-16/gor01_one_2006-6-08_14-26-15/ripple/combined/multi/,p_x_given_n[333].png,2026-09-16 20:49:42+00:00,10236,gor01_one_2006-6-08_14-26-15
359,file,/umms-kdiba/Data/Output/collected_outputs/figures/_temp_individual_posteriors/2026-09-16/gor01_one_2006-6-08_14-26-15/ripple/combined/multi/,p_x_given_n[334].png,2026-09-16 20:49:42+00:00,14713,gor01_one_2006-6-08_14-26-15
360,file,/umms-kdiba/Data/Output/collected_outputs/figures/_temp_individual_posteriors/2026-09-16/gor01_one_2006-6-08_14-26-15/ripple/combined/multi/,p_x_given_n[335].png,2026-09-16 20:49:42+00:00,13613,gor01_one_2006-6-08_14-26-15
361,file,/umms-kdiba/Data/Output/collected_outputs/figures/_temp_individual_posteriors/2026-09-16/gor01_one_2006-6-08_14-26-15/ripple/combined/multi/,p_x_given_n[232].png,2026-09-16 20:49:41+00:00,5609,gor01_one_2006-6-08_14-26-15
362,file,/umms-kdiba/Data/Output/collected_outputs/figures/_temp_individual_posteriors/2026-09-16/gor01_one_2006-6-08_14-26-15/ripple/combined/multi/,p_x_given_n[233].png,2026-09-16 20:49:41+00:00,16728,gor01_one_2006-6-08_14-26-15
363,file,/umms-kdiba/Data/Output/collected_outputs/figures/_temp_individual_posteriors/2026-09-16/gor01_one_2006-6-08_14-26-15/ripple/combined/multi/,p_x_given_n[235].png,2026-09-16 20:49:41+00:00,14121,gor01_one_2006-6-08_14-26-15
364,file,/umms-kdiba/Data/Output/collected_outputs/figures/_temp_individual_posteriors/2026-09-16/gor01_one_2006-6-08_14-26-15/ripple/combined/multi/,p_x_given_n[236].png,2026-09-16 20:49:41+00:00,19715,gor01_one_2006-6-08_14-26-15
365,file,/umms-kdiba/Data/Output/collected_outputs/figures/_temp_individual_posteriors/2026-09-16/gor01_one_2006-6-08_14-26-15/ripple/combined/multi/,p_x_given_n[237].png,2026-09-16 20:49:41+00:00,7236,gor01_one_2006-6-08_14-26-15
366,file,/umms-kdiba/Data/Output/collected_outputs/figures/_temp_individual_posteriors/2026-09-16/gor01_one_2006-6-08_14-26-15/ripple/combined/multi/,p_x_given_n[238].png,2026-09-16 20:49:41+00:00,3586,gor01_one_2006-6-08_14-26-15
367,file,/umms-kdiba/Data/Output/collected_outputs/figures/_temp_individual_posteriors/2026-09-16/gor01_one_2006-6-08_14-26-15/ripple/combined/multi/,p_x_given_n[239].png,2026-09-16 20:49:41+00:00,15388,gor01_one_2006-6-08_14-26-15
368,file,/umms-kdiba/Data/Output/collected_outputs/figures/_temp_individual_posteriors/2026-09-16/gor01_one_2006-6-08_14-26-15/ripple/combined/multi/,p_x_given_n[240].png,2026-09-16 20:49:41+00:00,15681,gor01_one_2006-6-08_14-26-15
369,file,/umms-kdiba/Data/Output/collected_outputs/figures/_temp_individual_posteriors/2026-09-16/gor01_one_2006-6-08_14-26-15/ripple/combined/multi/,p_x_given_n[241].png,2026-09-16 20:49:41+00:00,13590,gor01_one_2006-6-08_14-26-15
370,file,/umms-kdiba/Data/Output/collected_outputs/figures/_temp_individual_posteriors/2026-09-16/gor01_one_2006-6-08_14-26-15/ripple/combined/multi/,p_x_given_n[242].png,2026-09-16 20:49:41+00:00,17222,gor01_one_2006-6-08_14-26-15
371,file,/umms-kdiba/Data/Output/collected_outputs/figures/_temp_individual_posteriors/2026-09-16/gor01_one_2006-6-08_14-26-15/ripple/combined/multi/,p_x_given_n[243].png,2026-09-16 20:49:41+00:00,13458,gor01_one_2006-6-08_14-26-15
372,file,/umms-kdiba/Data/Output/collected_outputs/figures/_temp_individual_posteriors/2026-09-16/gor01_one_2006-6-08_14-26-15/ripple/combined/multi/,p_x_given_n[244].png,2026-09-16 20:49:41+00:00,17549,gor01_one_2006-6-08_14-26-15
373,file,/umms-kdiba/Data/Output/collected_outputs/figures/_temp_individual_posteriors/2026-09-16/gor01_one_2006-6-08_14-26-15/ripple/combined/multi/,p_x_given_n[245].png,2026-09-16 20:49:41+00:00,5938,gor01_one_2006-6-08_14-26-15
374,file,/umms-kdiba/Data/Output/collected_outputs/figures/_temp_individual_posteriors/2026-09-16/gor01_one_2006-6-08_14-26-15/ripple/combined/multi/,p_x_given_n[246].png,2026-09-16 20:49:41+00:00,17493,gor01_one_2006-6-08_14-26-15
375,file,/umms-kdiba/Data/Output/collected_outputs/figures/_temp_individual_posteriors/2026-09-16/gor01_one_2006-6-08_14-26-15/ripple/combined/multi/,p_x_given_n[247].png,2026-09-16 20:49:41+00:00,8413,gor01_one_2006-6-08_14-26-15
376,file,/umms-kdiba/Data/Output/collected_outputs/figures/_temp_individual_posteriors/2026-09-16/gor01_one_2006-6-08_14-26-15/ripple/combined/multi/,p_x_given_n[248].png,2026-09-16 20:49:41+00:00,12674,gor01_one_2006-6-08_14-26-15
377,file,/umms-kdiba/Data/Output/collected_outputs/figures/_temp_individual_posteriors/2026-09-16/gor01_one_2006-6-08_14-26-15/ripple/combined/multi/,p_x_given_n[249].png,2026-09-16 20:49:41+00:00,7111,gor01_one_2006-6-08_14-26-15
378,file,/umms-kdiba/Data/Output/collected_outputs/figures/_temp_individual_posteriors/2026-09-16/gor01_one_2006-6-08_14-26-15/ripple/combined/multi/,p_x_given_n[250].png,2026-09-16 20:49:41+00:00,4056,gor01_one_2006-6-08_14-26-15
379,file,/umms-kdiba/Data/Output/collected_outputs/figures/_temp_individual_posteriors/2026-09-16/gor01_one_2006-6-08_14-26-15/ripple/combined/multi/,p_x_given_n[251].png,2026-09-16 20:49:41+00:00,18318,gor01_one_2006-6-08_14-26-15
380,file,/umms-kdiba/Data/Output/collected_outputs/figures/_temp_individual_posteriors/2026-09-16/gor01_one_2006-6-08_14-26-15/ripple/combined/multi/,p_x_given_n[252].png,2026-09-16 20:49:41+00:00,5595,gor01_one_2006-6-08_14-26-15
381,file,/umms-kdiba/Data/Output/collected_outputs/figures/_temp_individual_posteriors/2026-09-16/gor01_one_2006-6-08_14-26-15/ripple/combined/multi/,p_x_given_n[253].png,2026-09-16 20:49:41+00:00,11882,gor01_one_2006-6-08_14-26-15
382,file,/umms-kdiba/Data/Output/collected_outputs/figures/_temp_individual_posteriors/2026-09-16/gor01_one_2006-6-08_14-26-15/ripple/combined/multi/,p_x_given_n[254].png,2026-09-16 20:49:41+00:00,8631,gor01_one_2006-6-08_14-26-15
383,file,/umms-kdiba/Data/Output/collected_outputs/figures/_temp_individual_posteriors/2026-09-16/gor01_one_2006-6-08_14-26-15/ripple/combined/multi/,p_x_given_n[255].png,2026-09-16 20:49:41+00:00,14806,gor01_one_2006-6-08_14-26-15
384,file,/umms-kdiba/Data/Output/collected_outputs/figures/_temp_individual_posteriors/2026-09-16/gor01_one_2006-6-08_14-26-15/ripple/combined/multi/,p_x_given_n[256].png,2026-09-16 20:49:41+00:00,15160,gor01_one_2006-6-08_14-26-15
385,file,/umms-kdiba/Data/Output/collected_outputs/figures/_temp_individual_posteriors/2026-09-16/gor01_one_2006-6-08_14-26-15/ripple/combined/multi/,p_x_given_n[257].png,2026-09-16 20:49:41+00:00,15317,gor01_one_2006-6-08_14-26-15
386,file,/umms-kdiba/Data/Output/collected_outputs/figures/_temp_individual_posteriors/2026-09-16/gor01_one_2006-6-08_14-26-15/ripple/combined/multi/,p_x_given_n[258].png,2026-09-16 20:49:41+00:00,16073,gor01_one_2006-6-08_14-26-15
387,file,/umms-kdiba/Data/Output/collected_outputs/figures/_temp_individual_posteriors/2026-09-16/gor01_one_2006-6-08_14-26-15/ripple/combined/multi/,p_x_given_n[259].png,2026-09-16 20:49:41+00:00,9923,gor01_one_2006-6-08_14-26-15
388,file,/umms-kdiba/Data/Output/collected_outputs/figures/_temp_individual_posteriors/2026-09-16/gor01_one_2006-6-08_14-26-15/ripple/combined/multi/,p_x_given_n[260].png,2026-09-16 20:49:41+00:00,12712,gor01_one_2006-6-08_14-26-15
389,file,/umms-kdiba/Data/Output/collected_outputs/figures/_temp_individual_posteriors/2026-09-16/gor01_one_2006-6-08_14-26-15/ripple/combined/multi/,p_x_given_n[261].png,2026-09-16 20:49:41+00:00,13428,gor01_one_2006-6-08_14-26-15
390,file,/umms-kdiba/Data/Output/collected_outputs/figures/_temp_individual_posteriors/2026-09-16/gor01_one_2006-6-08_14-26-15/ripple/combined/multi/,p_x_given_n[262].png,2026-09-16 20:49:41+00:00,13693,gor01_one_2006-6-08_14-26-15
391,file,/umms-kdiba/Data/Output/collected_outputs/figures/_temp_individual_posteriors/2026-09-16/gor01_one_2006-6-08_14-26-15/ripple/combined/multi/,p_x_given_n[263].png,2026-09-16 20:49:41+00:00,3625,gor01_one_2006-6-08_14-26-15
392,file,/umms-kdiba/Data/Output/collected_outputs/figures/_temp_individual_posteriors/2026-09-16/gor01_one_2006-6-08_14-26-15/ripple/combined/multi/,p_x_given_n[264].png,2026-09-16 20:49:41+00:00,18796,gor01_one_2006-6-08_14-26-15
393,file,/umms-kdiba/Data/Output/collected_outputs/figures/_temp_individual_posteriors/2026-09-16/gor01_one_2006-6-08_14-26-15/ripple/combined/multi/,p_x_given_n[265].png,2026-09-16 20:49:41+00:00,15365,gor01_one_2006-6-08_14-26-15
394,file,/umms-kdiba/Data/Output/collected_outputs/figures/_temp_individual_posteriors/2026-09-16/gor01_one_2006-6-08_14-26-15/ripple/combined/multi/,p_x_given_n[266].png,2026-09-16 20:49:41+00:00,12139,gor01_one_2006-6-08_14-26-15
395,file,/umms-kdiba/Data/Output/collected_outputs/figures/_temp_individual_posteriors/2026-09-16/gor01_one_2006-6-08_14-26-15/ripple/combined/multi/,p_x_given_n[267].png,2026-09-16 20:49:41+00:00,13669,gor01_one_2006-6-08_14-26-15
396,file,/umms-kdiba/Data/Output/collected_outputs/figures/_temp_individual_posteriors/2026-09-16/gor01_one_2006-6-08_14-26-15/ripple/combined/multi/,p_x_given_n[268].png,2026-09-16 20:49:41+00:00,7954,gor01_one_2006-6-08_14-26-15
397,file,/umms-kdiba/Data/Output/collected_outputs/figures/_temp_individual_posteriors/2026-09-16/gor01_one_2006-6-08_14-26-15/ripple/combined/multi/,p_x_given_n[269].png,2026-09-16 20:49:41+00:00,23184,gor01_one_2006-6-08_14-26-15
398,file,/umms-kdiba/Data/Output/collected_outputs/figures/_temp_individual_posteriors/2026-09-16/gor01_one_2006-6-08_14-26-15/ripple/combined/multi/,p_x_given_n[271].png,2026-09-16 20:49:41+00:00,6102,gor01_one_2006-6-08_14-26-15
399,file,/umms-kdiba/Data/Output/collected_outputs/figures/_temp_individual_posteriors/2026-09-16/gor01_one_2006-6-08_14-26-15/ripple/combined/multi/,p_x_given_n[272].png,2026-09-16 20:49:41+00:00,14542,gor01_one_2006-6-08_14-26-15
400,file,/umms-kdiba/Data/Output/collected_outputs/figures/_temp_individual_posteriors/2026-09-16/gor01_one_2006-6-08_14-26-15/ripple/combined/multi/,p_x_given_n[273].png,2026-09-16 20:49:41+00:00,12394,gor01_one_2006-6-08_14-26-15
401,file,/umms-kdiba/Data/Output/collected_outputs/figures/_temp_individual_posteriors/2026-09-16/gor01_one_2006-6-08_14-26-15/ripple/combined/multi/,p_x_given_n[274].png,2026-09-16 20:49:41+00:00,5763,gor01_one_2006-6-08_14-26-15
402,file,/umms-kdiba/Data/Output/collected_outputs/figures/_temp_individual_posteriors/2026-09-16/gor01_one_2006-6-08_14-26-15/ripple/combined/multi/,p_x_given_n[275].png,2026-09-16 20:49:41+00:00,5045,gor01_one_2006-6-08_14-26-15
403,file,/umms-kdiba/Data/Output/collected_outputs/figures/_temp_individual_posteriors/2026-09-16/gor01_one_2006-6-08_14-26-15/ripple/combined/multi/,p_x_given_n[276].png,2026-09-16 20:49:41+00:00,21988,gor01_one_2006-6-08_14-26-15
404,file,/umms-kdiba/Data/Output/collected_outputs/figures/_temp_individual_posteriors/2026-09-16/gor01_one_2006-6-08_14-26-15/ripple/combined/multi/,p_x_given_n[277].png,2026-09-16 20:49:41+00:00,12038,gor01_one_2006-6-08_14-26-15
405,file,/umms-kdiba/Data/Output/collected_outputs/figures/_temp_individual_posteriors/2026-09-16/gor01_one_2006-6-08_14-26-15/ripple/combined/multi/,p_x_given_n[278].png,2026-09-16 20:49:41+00:00,6555,gor01_one_2006-6-08_14-26-15
406,file,/umms-kdiba/Data/Output/collected_outputs/figures/_temp_individual_posteriors/2026-09-16/gor01_one_2006-6-08_14-26-15/ripple/combined/multi/,p_x_given_n[279].png,2026-09-16 20:49:41+00:00,6920,gor01_one_2006-6-08_14-26-15
407,file,/umms-kdiba/Data/Output/collected_outputs/figures/_temp_individual_posteriors/2026-09-16/gor01_one_2006-6-08_14-26-15/ripple/combined/multi/,p_x_given_n[280].png,2026-09-16 20:49:41+00:00,11367,gor01_one_2006-6-08_14-26-15
408,file,/umms-kdiba/Data/Output/collected_outputs/figures/_temp_individual_posteriors/2026-09-16/gor01_one_2006-6-08_14-26-15/ripple/combined/multi/,p_x_given_n[281].png,2026-09-16 20:49:41+00:00,5992,gor01_one_2006-6-08_14-26-15
409,file,/umms-kdiba/Data/Output/collected_outputs/figures/_temp_individual_posteriors/2026-09-16/gor01_one_2006-6-08_14-26-15/ripple/combined/multi/,p_x_given_n[282].png,2026-09-16 20:49:41+00:00,19524,gor01_one_2006-6-08_14-26-15
410,file,/umms-kdiba/Data/Output/collected_outputs/figures/_temp_individual_posteriors/2026-09-16/gor01_one_2006-6-08_14-26-15/ripple/combined/multi/,p_x_given_n[182].png,2026-09-16 20:49:40+00:00,10191,gor01_one_2006-6-08_14-26-15
411,file,/umms-kdiba/Data/Output/collected_outputs/figures/_temp_individual_posteriors/2026-09-16/gor01_one_2006-6-08_14-26-15/ripple/combined/multi/,p_x_given_n[183].png,2026-09-16 20:49:40+00:00,14179,gor01_one_2006-6-08_14-26-15
412,file,/umms-kdiba/Data/Output/collected_outputs/figures/_temp_individual_posteriors/2026-09-16/gor01_one_2006-6-08_14-26-15/ripple/combined/multi/,p_x_given_n[184].png,2026-09-16 20:49:40+00:00,11539,gor01_one_2006-6-08_14-26-15
413,file,/umms-kdiba/Data/Output/collected_outputs/figures/_temp_individual_posteriors/2026-09-16/gor01_one_2006-6-08_14-26-15/ripple/combined/multi/,p_x_given_n[185].png,2026-09-16 20:49:40+00:00,3836,gor01_one_2006-6-08_14-26-15
414,file,/umms-kdiba/Data/Output/collected_outputs/figures/_temp_individual_posteriors/2026-09-16/gor01_one_2006-6-08_14-26-15/ripple/combined/multi/,p_x_given_n[186].png,2026-09-16 20:49:40+00:00,13099,gor01_one_2006-6-08_14-26-15
415,file,/umms-kdiba/Data/Output/collected_outputs/figures/_temp_individual_posteriors/2026-09-16/gor01_one_2006-6-08_14-26-15/ripple/combined/multi/,p_x_given_n[187].png,2026-09-16 20:49:40+00:00,6682,gor01_one_2006-6-08_14-26-15
416,file,/umms-kdiba/Data/Output/collected_outputs/figures/_temp_individual_posteriors/2026-09-16/gor01_one_2006-6-08_14-26-15/ripple/combined/multi/,p_x_given_n[188].png,2026-09-16 20:49:40+00:00,11639,gor01_one_2006-6-08_14-26-15
417,file,/umms-kdiba/Data/Output/collected_outputs/figures/_temp_individual_posteriors/2026-09-16/gor01_one_2006-6-08_14-26-15/ripple/combined/multi/,p_x_given_n[189].png,2026-09-16 20:49:40+00:00,9430,gor01_one_2006-6-08_14-26-15
418,file,/umms-kdiba/Data/Output/collected_outputs/figures/_temp_individual_posteriors/2026-09-16/gor01_one_2006-6-08_14-26-15/ripple/combined/multi/,p_x_given_n[190].png,2026-09-16 20:49:40+00:00,18458,gor01_one_2006-6-08_14-26-15
419,file,/umms-kdiba/Data/Output/collected_outputs/figures/_temp_individual_posteriors/2026-09-16/gor01_one_2006-6-08_14-26-15/ripple/combined/multi/,p_x_given_n[191].png,2026-09-16 20:49:40+00:00,6360,gor01_one_2006-6-08_14-26-15
420,file,/umms-kdiba/Data/Output/collected_outputs/figures/_temp_individual_posteriors/2026-09-16/gor01_one_2006-6-08_14-26-15/ripple/combined/multi/,p_x_given_n[192].png,2026-09-16 20:49:40+00:00,8679,gor01_one_2006-6-08_14-26-15
421,file,/umms-kdiba/Data/Output/collected_outputs/figures/_temp_individual_posteriors/2026-09-16/gor01_one_2006-6-08_14-26-15/ripple/combined/multi/,p_x_given_n[193].png,2026-09-16 20:49:40+00:00,21508,gor01_one_2006-6-08_14-26-15
422,file,/umms-kdiba/Data/Output/collected_outputs/figures/_temp_individual_posteriors/2026-09-16/gor01_one_2006-6-08_14-26-15/ripple/combined/multi/,p_x_given_n[194].png,2026-09-16 20:49:40+00:00,20977,gor01_one_2006-6-08_14-26-15
423,file,/umms-kdiba/Data/Output/collected_outputs/figures/_temp_individual_posteriors/2026-09-16/gor01_one_2006-6-08_14-26-15/ripple/combined/multi/,p_x_given_n[195].png,2026-09-16 20:49:40+00:00,9974,gor01_one_2006-6-08_14-26-15
424,file,/umms-kdiba/Data/Output/collected_outputs/figures/_temp_individual_posteriors/2026-09-16/gor01_one_2006-6-08_14-26-15/ripple/combined/multi/,p_x_given_n[196].png,2026-09-16 20:49:40+00:00,13224,gor01_one_2006-6-08_14-26-15
425,file,/umms-kdiba/Data/Output/collected_outputs/figures/_temp_individual_posteriors/2026-09-16/gor01_one_2006-6-08_14-26-15/ripple/combined/multi/,p_x_given_n[197].png,2026-09-16 20:49:40+00:00,16477,gor01_one_2006-6-08_14-26-15
426,file,/umms-kdiba/Data/Output/collected_outputs/figures/_temp_individual_posteriors/2026-09-16/gor01_one_2006-6-08_14-26-15/ripple/combined/multi/,p_x_given_n[198].png,2026-09-16 20:49:40+00:00,17648,gor01_one_2006-6-08_14-26-15
427,file,/umms-kdiba/Data/Output/collected_outputs/figures/_temp_individual_posteriors/2026-09-16/gor01_one_2006-6-08_14-26-15/ripple/combined/multi/,p_x_given_n[199].png,2026-09-16 20:49:40+00:00,18144,gor01_one_2006-6-08_14-26-15
428,file,/umms-kdiba/Data/Output/collected_outputs/figures/_temp_individual_posteriors/2026-09-16/gor01_one_2006-6-08_14-26-15/ripple/combined/multi/,p_x_given_n[200].png,2026-09-16 20:49:40+00:00,6639,gor01_one_2006-6-08_14-26-15
429,file,/umms-kdiba/Data/Output/collected_outputs/figures/_temp_individual_posteriors/2026-09-16/gor01_one_2006-6-08_14-26-15/ripple/combined/multi/,p_x_given_n[201].png,2026-09-16 20:49:40+00:00,4143,gor01_one_2006-6-08_14-26-15
430,file,/umms-kdiba/Data/Output/collected_outputs/figures/_temp_individual_posteriors/2026-09-16/gor01_one_2006-6-08_14-26-15/ripple/combined/multi/,p_x_given_n[202].png,2026-09-16 20:49:40+00:00,15879,gor01_one_2006-6-08_14-26-15
431,file,/umms-kdiba/Data/Output/collected_outputs/figures/_temp_individual_posteriors/2026-09-16/gor01_one_2006-6-08_14-26-15/ripple/combined/multi/,p_x_given_n[203].png,2026-09-16 20:49:40+00:00,12312,gor01_one_2006-6-08_14-26-15
432,file,/umms-kdiba/Data/Output/collected_outputs/figures/_temp_individual_posteriors/2026-09-16/gor01_one_2006-6-08_14-26-15/ripple/combined/multi/,p_x_given_n[204].png,2026-09-16 20:49:40+00:00,22263,gor01_one_2006-6-08_14-26-15
433,file,/umms-kdiba/Data/Output/collected_outputs/figures/_temp_individual_posteriors/2026-09-16/gor01_one_2006-6-08_14-26-15/ripple/combined/multi/,p_x_given_n[206].png,2026-09-16 20:49:40+00:00,6218,gor01_one_2006-6-08_14-26-15
434,file,/umms-kdiba/Data/Output/collected_outputs/figures/_temp_individual_posteriors/2026-09-16/gor01_one_2006-6-08_14-26-15/ripple/combined/multi/,p_x_given_n[207].png,2026-09-16 20:49:40+00:00,17485,gor01_one_2006-6-08_14-26-15
435,file,/umms-kdiba/Data/Output/collected_outputs/figures/_temp_individual_posteriors/2026-09-16/gor01_one_2006-6-08_14-26-15/ripple/combined/multi/,p_x_given_n[208].png,2026-09-16 20:49:40+00:00,6275,gor01_one_2006-6-08_14-26-15
436,file,/umms-kdiba/Data/Output/collected_outputs/figures/_temp_individual_posteriors/2026-09-16/gor01_one_2006-6-08_14-26-15/ripple/combined/multi/,p_x_given_n[209].png,2026-09-16 20:49:40+00:00,14841,gor01_one_2006-6-08_14-26-15
437,file,/umms-kdiba/Data/Output/collected_outputs/figures/_temp_individual_posteriors/2026-09-16/gor01_one_2006-6-08_14-26-15/ripple/combined/multi/,p_x_given_n[210].png,2026-09-16 20:49:40+00:00,17207,gor01_one_2006-6-08_14-26-15
438,file,/umms-kdiba/Data/Output/collected_outputs/figures/_temp_individual_posteriors/2026-09-16/gor01_one_2006-6-08_14-26-15/ripple/combined/multi/,p_x_given_n[211].png,2026-09-16 20:49:40+00:00,15009,gor01_one_2006-6-08_14-26-15
439,file,/umms-kdiba/Data/Output/collected_outputs/figures/_temp_individual_posteriors/2026-09-16/gor01_one_2006-6-08_14-26-15/ripple/combined/multi/,p_x_given_n[212].png,2026-09-16 20:49:40+00:00,15807,gor01_one_2006-6-08_14-26-15
440,file,/umms-kdiba/Data/Output/collected_outputs/figures/_temp_individual_posteriors/2026-09-16/gor01_one_2006-6-08_14-26-15/ripple/combined/multi/,p_x_given_n[213].png,2026-09-16 20:49:40+00:00,17133,gor01_one_2006-6-08_14-26-15
441,file,/umms-kdiba/Data/Output/collected_outputs/figures/_temp_individual_posteriors/2026-09-16/gor01_one_2006-6-08_14-26-15/ripple/combined/multi/,p_x_given_n[214].png,2026-09-16 20:49:40+00:00,15492,gor01_one_2006-6-08_14-26-15
442,file,/umms-kdiba/Data/Output/collected_outputs/figures/_temp_individual_posteriors/2026-09-16/gor01_one_2006-6-08_14-26-15/ripple/combined/multi/,p_x_given_n[215].png,2026-09-16 20:49:40+00:00,12437,gor01_one_2006-6-08_14-26-15
443,file,/umms-kdiba/Data/Output/collected_outputs/figures/_temp_individual_posteriors/2026-09-16/gor01_one_2006-6-08_14-26-15/ripple/combined/multi/,p_x_given_n[216].png,2026-09-16 20:49:40+00:00,13468,gor01_one_2006-6-08_14-26-15
444,file,/umms-kdiba/Data/Output/collected_outputs/figures/_temp_individual_posteriors/2026-09-16/gor01_one_2006-6-08_14-26-15/ripple/combined/multi/,p_x_given_n[217].png,2026-09-16 20:49:40+00:00,10247,gor01_one_2006-6-08_14-26-15
445,file,/umms-kdiba/Data/Output/collected_outputs/figures/_temp_individual_posteriors/2026-09-16/gor01_one_2006-6-08_14-26-15/ripple/combined/multi/,p_x_given_n[218].png,2026-09-16 20:49:40+00:00,12846,gor01_one_2006-6-08_14-26-15
446,file,/umms-kdiba/Data/Output/collected_outputs/figures/_temp_individual_posteriors/2026-09-16/gor01_one_2006-6-08_14-26-15/ripple/combined/multi/,p_x_given_n[219].png,2026-09-16 20:49:40+00:00,5578,gor01_one_2006-6-08_14-26-15
447,file,/umms-kdiba/Data/Output/collected_outputs/figures/_temp_individual_posteriors/2026-09-16/gor01_one_2006-6-08_14-26-15/ripple/combined/multi/,p_x_given_n[220].png,2026-09-16 20:49:40+00:00,13452,gor01_one_2006-6-08_14-26-15
448,file,/umms-kdiba/Data/Output/collected_outputs/figures/_temp_individual_posteriors/2026-09-16/gor01_one_2006-6-08_14-26-15/ripple/combined/multi/,p_x_given_n[221].png,2026-09-16 20:49:40+00:00,3045,gor01_one_2006-6-08_14-26-15
449,file,/umms-kdiba/Data/Output/collected_outputs/figures/_temp_individual_posteriors/2026-09-16/gor01_one_2006-6-08_14-26-15/ripple/combined/multi/,p_x_given_n[222].png,2026-09-16 20:49:40+00:00,13962,gor01_one_2006-6-08_14-26-15
450,file,/umms-kdiba/Data/Output/collected_outputs/figures/_temp_individual_posteriors/2026-09-16/gor01_one_2006-6-08_14-26-15/ripple/combined/multi/,p_x_given_n[223].png,2026-09-16 20:49:40+00:00,6717,gor01_one_2006-6-08_14-26-15
451,file,/umms-kdiba/Data/Output/collected_outputs/figures/_temp_individual_posteriors/2026-09-16/gor01_one_2006-6-08_14-26-15/ripple/combined/multi/,p_x_given_n[224].png,2026-09-16 20:49:40+00:00,5871,gor01_one_2006-6-08_14-26-15
452,file,/umms-kdiba/Data/Output/collected_outputs/figures/_temp_individual_posteriors/2026-09-16/gor01_one_2006-6-08_14-26-15/ripple/combined/multi/,p_x_given_n[225].png,2026-09-16 20:49:40+00:00,10865,gor01_one_2006-6-08_14-26-15
453,file,/umms-kdiba/Data/Output/collected_outputs/figures/_temp_individual_posteriors/2026-09-16/gor01_one_2006-6-08_14-26-15/ripple/combined/multi/,p_x_given_n[226].png,2026-09-16 20:49:40+00:00,16809,gor01_one_2006-6-08_14-26-15
454,file,/umms-kdiba/Data/Output/collected_outputs/figures/_temp_individual_posteriors/2026-09-16/gor01_one_2006-6-08_14-26-15/ripple/combined/multi/,p_x_given_n[227].png,2026-09-16 20:49:40+00:00,6251,gor01_one_2006-6-08_14-26-15
455,file,/umms-kdiba/Data/Output/collected_outputs/figures/_temp_individual_posteriors/2026-09-16/gor01_one_2006-6-08_14-26-15/ripple/combined/multi/,p_x_given_n[228].png,2026-09-16 20:49:40+00:00,17112,gor01_one_2006-6-08_14-26-15
456,file,/umms-kdiba/Data/Output/collected_outputs/figures/_temp_individual_posteriors/2026-09-16/gor01_one_2006-6-08_14-26-15/ripple/combined/multi/,p_x_given_n[229].png,2026-09-16 20:49:40+00:00,16333,gor01_one_2006-6-08_14-26-15
457,file,/umms-kdiba/Data/Output/collected_outputs/figures/_temp_individual_posteriors/2026-09-16/gor01_one_2006-6-08_14-26-15/ripple/combined/multi/,p_x_given_n[230].png,2026-09-16 20:49:40+00:00,15517,gor01_one_2006-6-08_14-26-15
458,file,/umms-kdiba/Data/Output/collected_outputs/figures/_temp_individual_posteriors/2026-09-16/gor01_one_2006-6-08_14-26-15/ripple/combined/multi/,p_x_given_n[231].png,2026-09-16 20:49:40+00:00,3465,gor01_one_2006-6-08_14-26-15
459,file,/umms-kdiba/Data/Output/collected_outputs/figures/_temp_individual_posteriors/2026-09-16/gor01_one_2006-6-08_14-26-15/ripple/combined/multi/,p_x_given_n[133].png,2026-09-16 20:49:39+00:00,14304,gor01_one_2006-6-08_14-26-15
460,file,/umms-kdiba/Data/Output/collected_outputs/figures/_temp_individual_posteriors/2026-09-16/gor01_one_2006-6-08_14-26-15/ripple/combined/multi/,p_x_given_n[134].png,2026-09-16 20:49:39+00:00,12378,gor01_one_2006-6-08_14-26-15
461,file,/umms-kdiba/Data/Output/collected_outputs/figures/_temp_individual_posteriors/2026-09-16/gor01_one_2006-6-08_14-26-15/ripple/combined/multi/,p_x_given_n[135].png,2026-09-16 20:49:39+00:00,5293,gor01_one_2006-6-08_14-26-15
462,file,/umms-kdiba/Data/Output/collected_outputs/figures/_temp_individual_posteriors/2026-09-16/gor01_one_2006-6-08_14-26-15/ripple/combined/multi/,p_x_given_n[136].png,2026-09-16 20:49:39+00:00,21087,gor01_one_2006-6-08_14-26-15
463,file,/umms-kdiba/Data/Output/collected_outputs/figures/_temp_individual_posteriors/2026-09-16/gor01_one_2006-6-08_14-26-15/ripple/combined/multi/,p_x_given_n[137].png,2026-09-16 20:49:39+00:00,10255,gor01_one_2006-6-08_14-26-15
464,file,/umms-kdiba/Data/Output/collected_outputs/figures/_temp_individual_posteriors/2026-09-16/gor01_one_2006-6-08_14-26-15/ripple/combined/multi/,p_x_given_n[138].png,2026-09-16 20:49:39+00:00,5940,gor01_one_2006-6-08_14-26-15
465,file,/umms-kdiba/Data/Output/collected_outputs/figures/_temp_individual_posteriors/2026-09-16/gor01_one_2006-6-08_14-26-15/ripple/combined/multi/,p_x_given_n[139].png,2026-09-16 20:49:39+00:00,12681,gor01_one_2006-6-08_14-26-15
466,file,/umms-kdiba/Data/Output/collected_outputs/figures/_temp_individual_posteriors/2026-09-16/gor01_one_2006-6-08_14-26-15/ripple/combined/multi/,p_x_given_n[140].png,2026-09-16 20:49:39+00:00,13716,gor01_one_2006-6-08_14-26-15
467,file,/umms-kdiba/Data/Output/collected_outputs/figures/_temp_individual_posteriors/2026-09-16/gor01_one_2006-6-08_14-26-15/ripple/combined/multi/,p_x_given_n[141].png,2026-09-16 20:49:39+00:00,6864,gor01_one_2006-6-08_14-26-15
468,file,/umms-kdiba/Data/Output/collected_outputs/figures/_temp_individual_posteriors/2026-09-16/gor01_one_2006-6-08_14-26-15/ripple/combined/multi/,p_x_given_n[142].png,2026-09-16 20:49:39+00:00,20623,gor01_one_2006-6-08_14-26-15
469,file,/umms-kdiba/Data/Output/collected_outputs/figures/_temp_individual_posteriors/2026-09-16/gor01_one_2006-6-08_14-26-15/ripple/combined/multi/,p_x_given_n[143].png,2026-09-16 20:49:39+00:00,9244,gor01_one_2006-6-08_14-26-15
470,file,/umms-kdiba/Data/Output/collected_outputs/figures/_temp_individual_posteriors/2026-09-16/gor01_one_2006-6-08_14-26-15/ripple/combined/multi/,p_x_given_n[145].png,2026-09-16 20:49:39+00:00,15368,gor01_one_2006-6-08_14-26-15
471,file,/umms-kdiba/Data/Output/collected_outputs/figures/_temp_individual_posteriors/2026-09-16/gor01_one_2006-6-08_14-26-15/ripple/combined/multi/,p_x_given_n[146].png,2026-09-16 20:49:39+00:00,10779,gor01_one_2006-6-08_14-26-15
472,file,/umms-kdiba/Data/Output/collected_outputs/figures/_temp_individual_posteriors/2026-09-16/gor01_one_2006-6-08_14-26-15/ripple/combined/multi/,p_x_given_n[147].png,2026-09-16 20:49:39+00:00,8750,gor01_one_2006-6-08_14-26-15
473,file,/umms-kdiba/Data/Output/collected_outputs/figures/_temp_individual_posteriors/2026-09-16/gor01_one_2006-6-08_14-26-15/ripple/combined/multi/,p_x_given_n[148].png,2026-09-16 20:49:39+00:00,18373,gor01_one_2006-6-08_14-26-15
474,file,/umms-kdiba/Data/Output/collected_outputs/figures/_temp_individual_posteriors/2026-09-16/gor01_one_2006-6-08_14-26-15/ripple/combined/multi/,p_x_given_n[149].png,2026-09-16 20:49:39+00:00,17801,gor01_one_2006-6-08_14-26-15
475,file,/umms-kdiba/Data/Output/collected_outputs/figures/_temp_individual_posteriors/2026-09-16/gor01_one_2006-6-08_14-26-15/ripple/combined/multi/,p_x_given_n[150].png,2026-09-16 20:49:39+00:00,15770,gor01_one_2006-6-08_14-26-15
476,file,/umms-kdiba/Data/Output/collected_outputs/figures/_temp_individual_posteriors/2026-09-16/gor01_one_2006-6-08_14-26-15/ripple/combined/multi/,p_x_given_n[151].png,2026-09-16 20:49:39+00:00,20214,gor01_one_2006-6-08_14-26-15
477,file,/umms-kdiba/Data/Output/collected_outputs/figures/_temp_individual_posteriors/2026-09-16/gor01_one_2006-6-08_14-26-15/ripple/combined/multi/,p_x_given_n[152].png,2026-09-16 20:49:39+00:00,9304,gor01_one_2006-6-08_14-26-15
478,file,/umms-kdiba/Data/Output/collected_outputs/figures/_temp_individual_posteriors/2026-09-16/gor01_one_2006-6-08_14-26-15/ripple/combined/multi/,p_x_given_n[153].png,2026-09-16 20:49:39+00:00,19300,gor01_one_2006-6-08_14-26-15
479,file,/umms-kdiba/Data/Output/collected_outputs/figures/_temp_individual_posteriors/2026-09-16/gor01_one_2006-6-08_14-26-15/ripple/combined/multi/,p_x_given_n[154].png,2026-09-16 20:49:39+00:00,10140,gor01_one_2006-6-08_14-26-15
480,file,/umms-kdiba/Data/Output/collected_outputs/figures/_temp_individual_posteriors/2026-09-16/gor01_one_2006-6-08_14-26-15/ripple/combined/multi/,p_x_given_n[155].png,2026-09-16 20:49:39+00:00,9762,gor01_one_2006-6-08_14-26-15
481,file,/umms-kdiba/Data/Output/collected_outputs/figures/_temp_individual_posteriors/2026-09-16/gor01_one_2006-6-08_14-26-15/ripple/combined/multi/,p_x_given_n[156].png,2026-09-16 20:49:39+00:00,12473,gor01_one_2006-6-08_14-26-15
482,file,/umms-kdiba/Data/Output/collected_outputs/figures/_temp_individual_posteriors/2026-09-16/gor01_one_2006-6-08_14-26-15/ripple/combined/multi/,p_x_given_n[157].png,2026-09-16 20:49:39+00:00,9262,gor01_one_2006-6-08_14-26-15
483,file,/umms-kdiba/Data/Output/collected_outputs/figures/_temp_individual_posteriors/2026-09-16/gor01_one_2006-6-08_14-26-15/ripple/combined/multi/,p_x_given_n[158].png,2026-09-16 20:49:39+00:00,10361,gor01_one_2006-6-08_14-26-15
484,file,/umms-kdiba/Data/Output/collected_outputs/figures/_temp_individual_posteriors/2026-09-16/gor01_one_2006-6-08_14-26-15/ripple/combined/multi/,p_x_given_n[159].png,2026-09-16 20:49:39+00:00,18258,gor01_one_2006-6-08_14-26-15
485,file,/umms-kdiba/Data/Output/collected_outputs/figures/_temp_individual_posteriors/2026-09-16/gor01_one_2006-6-08_14-26-15/ripple/combined/multi/,p_x_given_n[160].png,2026-09-16 20:49:39+00:00,3234,gor01_one_2006-6-08_14-26-15
486,file,/umms-kdiba/Data/Output/collected_outputs/figures/_temp_individual_posteriors/2026-09-16/gor01_one_2006-6-08_14-26-15/ripple/combined/multi/,p_x_given_n[161].png,2026-09-16 20:49:39+00:00,9085,gor01_one_2006-6-08_14-26-15
487,file,/umms-kdiba/Data/Output/collected_outputs/figures/_temp_individual_posteriors/2026-09-16/gor01_one_2006-6-08_14-26-15/ripple/combined/multi/,p_x_given_n[163].png,2026-09-16 20:49:39+00:00,14086,gor01_one_2006-6-08_14-26-15
488,file,/umms-kdiba/Data/Output/collected_outputs/figures/_temp_individual_posteriors/2026-09-16/gor01_one_2006-6-08_14-26-15/ripple/combined/multi/,p_x_given_n[164].png,2026-09-16 20:49:39+00:00,11679,gor01_one_2006-6-08_14-26-15
489,file,/umms-kdiba/Data/Output/collected_outputs/figures/_temp_individual_posteriors/2026-09-16/gor01_one_2006-6-08_14-26-15/ripple/combined/multi/,p_x_given_n[165].png,2026-09-16 20:49:39+00:00,16260,gor01_one_2006-6-08_14-26-15
490,file,/umms-kdiba/Data/Output/collected_outputs/figures/_temp_individual_posteriors/2026-09-16/gor01_one_2006-6-08_14-26-15/ripple/combined/multi/,p_x_given_n[166].png,2026-09-16 20:49:39+00:00,16174,gor01_one_2006-6-08_14-26-15
491,file,/umms-kdiba/Data/Output/collected_outputs/figures/_temp_individual_posteriors/2026-09-16/gor01_one_2006-6-08_14-26-15/ripple/combined/multi/,p_x_given_n[167].png,2026-09-16 20:49:39+00:00,8780,gor01_one_2006-6-08_14-26-15
492,file,/umms-kdiba/Data/Output/collected_outputs/figures/_temp_individual_posteriors/2026-09-16/gor01_one_2006-6-08_14-26-15/ripple/combined/multi/,p_x_given_n[168].png,2026-09-16 20:49:39+00:00,6363,gor01_one_2006-6-08_14-26-15
493,file,/umms-kdiba/Data/Output/collected_outputs/figures/_temp_individual_posteriors/2026-09-16/gor01_one_2006-6-08_14-26-15/ripple/combined/multi/,p_x_given_n[169].png,2026-09-16 20:49:39+00:00,11516,gor01_one_2006-6-08_14-26-15
494,file,/umms-kdiba/Data/Output/collected_outputs/figures/_temp_individual_posteriors/2026-09-16/gor01_one_2006-6-08_14-26-15/ripple/combined/multi/,p_x_given_n[170].png,2026-09-16 20:49:39+00:00,18713,gor01_one_2006-6-08_14-26-15
495,file,/umms-kdiba/Data/Output/collected_outputs/figures/_temp_individual_posteriors/2026-09-16/gor01_one_2006-6-08_14-26-15/ripple/combined/multi/,p_x_given_n[171].png,2026-09-16 20:49:39+00:00,12990,gor01_one_2006-6-08_14-26-15
496,file,/umms-kdiba/Data/Output/collected_outputs/figures/_temp_individual_posteriors/2026-09-16/gor01_one_2006-6-08_14-26-15/ripple/combined/multi/,p_x_given_n[172].png,2026-09-16 20:49:39+00:00,17408,gor01_one_2006-6-08_14-26-15
497,file,/umms-kdiba/Data/Output/collected_outputs/figures/_temp_individual_posteriors/2026-09-16/gor01_one_2006-6-08_14-26-15/ripple/combined/multi/,p_x_given_n[173].png,2026-09-16 20:49:39+00:00,14493,gor01_one_2006-6-08_14-26-15
498,file,/umms-kdiba/Data/Output/collected_outputs/figures/_temp_individual_posteriors/2026-09-16/gor01_one_2006-6-08_14-26-15/ripple/combined/multi/,p_x_given_n[174].png,2026-09-16 20:49:39+00:00,6465,gor01_one_2006-6-08_14-26-15
499,file,/umms-kdiba/Data/Output/collected_outputs/figures/_temp_individual_posteriors/2026-09-16/gor01_one_2006-6-08_14-26-15/ripple/combined/multi/,p_x_given_n[175].png,2026-09-16 20:49:39+00:00,9942,gor01_one_2006-6-08_14-26-15
500,file,/umms-kdiba/Data/Output/collected_outputs/figures/_temp_individual_posteriors/2026-09-16/gor01_one_2006-6-08_14-26-15/ripple/combined/multi/,p_x_given_n[176].png,2026-09-16 20:49:39+00:00,5595,gor01_one_2006-6-08_14-26-15
501,file,/umms-kdiba/Data/Output/collected_outputs/figures/_temp_individual_posteriors/2026-09-16/gor01_one_2006-6-08_14-26-15/ripple/combined/multi/,p_x_given_n[177].png,2026-09-16 20:49:39+00:00,12605,gor01_one_2006-6-08_14-26-15
502,file,/umms-kdiba/Data/Output/collected_outputs/figures/_temp_individual_posteriors/2026-09-16/gor01_one_2006-6-08_14-26-15/ripple/combined/multi/,p_x_given_n[178].png,2026-09-16 20:49:39+00:00,12319,gor01_one_2006-6-08_14-26-15
503,file,/umms-kdiba/Data/Output/collected_outputs/figures/_temp_individual_posteriors/2026-09-16/gor01_one_2006-6-08_14-26-15/ripple/combined/multi/,p_x_given_n[179].png,2026-09-16 20:49:39+00:00,17715,gor01_one_2006-6-08_14-26-15
504,file,/umms-kdiba/Data/Output/collected_outputs/figures/_temp_individual_posteriors/2026-09-16/gor01_one_2006-6-08_14-26-15/ripple/combined/multi/,p_x_given_n[180].png,2026-09-16 20:49:39+00:00,16822,gor01_one_2006-6-08_14-26-15
505,file,/umms-kdiba/Data/Output/collected_outputs/figures/_temp_individual_posteriors/2026-09-16/gor01_one_2006-6-08_14-26-15/ripple/combined/multi/,p_x_given_n[181].png,2026-09-16 20:49:39+00:00,3674,gor01_one_2006-6-08_14-26-15
506,file,/umms-kdiba/Data/Output/collected_outputs/figures/_temp_individual_posteriors/2026-09-16/gor01_one_2006-6-08_14-26-15/ripple/combined/multi/,p_x_given_n[083].png,2026-09-16 20:49:38+00:00,13086,gor01_one_2006-6-08_14-26-15
507,file,/umms-kdiba/Data/Output/collected_outputs/figures/_temp_individual_posteriors/2026-09-16/gor01_one_2006-6-08_14-26-15/ripple/combined/multi/,p_x_given_n[084].png,2026-09-16 20:49:38+00:00,15707,gor01_one_2006-6-08_14-26-15
508,file,/umms-kdiba/Data/Output/collected_outputs/figures/_temp_individual_posteriors/2026-09-16/gor01_one_2006-6-08_14-26-15/ripple/combined/multi/,p_x_given_n[085].png,2026-09-16 20:49:38+00:00,17152,gor01_one_2006-6-08_14-26-15
509,file,/umms-kdiba/Data/Output/collected_outputs/figures/_temp_individual_posteriors/2026-09-16/gor01_one_2006-6-08_14-26-15/ripple/combined/multi/,p_x_given_n[086].png,2026-09-16 20:49:38+00:00,13012,gor01_one_2006-6-08_14-26-15
510,file,/umms-kdiba/Data/Output/collected_outputs/figures/_temp_individual_posteriors/2026-09-16/gor01_one_2006-6-08_14-26-15/ripple/combined/multi/,p_x_given_n[087].png,2026-09-16 20:49:38+00:00,16641,gor01_one_2006-6-08_14-26-15
511,file,/umms-kdiba/Data/Output/collected_outputs/figures/_temp_individual_posteriors/2026-09-16/gor01_one_2006-6-08_14-26-15/ripple/combined/multi/,p_x_given_n[089].png,2026-09-16 20:49:38+00:00,15770,gor01_one_2006-6-08_14-26-15
512,file,/umms-kdiba/Data/Output/collected_outputs/figures/_temp_individual_posteriors/2026-09-16/gor01_one_2006-6-08_14-26-15/ripple/combined/multi/,p_x_given_n[090].png,2026-09-16 20:49:38+00:00,21317,gor01_one_2006-6-08_14-26-15
513,file,/umms-kdiba/Data/Output/collected_outputs/figures/_temp_individual_posteriors/2026-09-16/gor01_one_2006-6-08_14-26-15/ripple/combined/multi/,p_x_given_n[091].png,2026-09-16 20:49:38+00:00,4662,gor01_one_2006-6-08_14-26-15
514,file,/umms-kdiba/Data/Output/collected_outputs/figures/_temp_individual_posteriors/2026-09-16/gor01_one_2006-6-08_14-26-15/ripple/combined/multi/,p_x_given_n[092].png,2026-09-16 20:49:38+00:00,12142,gor01_one_2006-6-08_14-26-15
515,file,/umms-kdiba/Data/Output/collected_outputs/figures/_temp_individual_posteriors/2026-09-16/gor01_one_2006-6-08_14-26-15/ripple/combined/multi/,p_x_given_n[093].png,2026-09-16 20:49:38+00:00,11310,gor01_one_2006-6-08_14-26-15
516,file,/umms-kdiba/Data/Output/collected_outputs/figures/_temp_individual_posteriors/2026-09-16/gor01_one_2006-6-08_14-26-15/ripple/combined/multi/,p_x_given_n[094].png,2026-09-16 20:49:38+00:00,13085,gor01_one_2006-6-08_14-26-15
517,file,/umms-kdiba/Data/Output/collected_outputs/figures/_temp_individual_posteriors/2026-09-16/gor01_one_2006-6-08_14-26-15/ripple/combined/multi/,p_x_given_n[095].png,2026-09-16 20:49:38+00:00,18373,gor01_one_2006-6-08_14-26-15
518,file,/umms-kdiba/Data/Output/collected_outputs/figures/_temp_individual_posteriors/2026-09-16/gor01_one_2006-6-08_14-26-15/ripple/combined/multi/,p_x_given_n[096].png,2026-09-16 20:49:38+00:00,14811,gor01_one_2006-6-08_14-26-15
519,file,/umms-kdiba/Data/Output/collected_outputs/figures/_temp_individual_posteriors/2026-09-16/gor01_one_2006-6-08_14-26-15/ripple/combined/multi/,p_x_given_n[097].png,2026-09-16 20:49:38+00:00,13067,gor01_one_2006-6-08_14-26-15
520,file,/umms-kdiba/Data/Output/collected_outputs/figures/_temp_individual_posteriors/2026-09-16/gor01_one_2006-6-08_14-26-15/ripple/combined/multi/,p_x_given_n[098].png,2026-09-16 20:49:38+00:00,11458,gor01_one_2006-6-08_14-26-15
521,file,/umms-kdiba/Data/Output/collected_outputs/figures/_temp_individual_posteriors/2026-09-16/gor01_one_2006-6-08_14-26-15/ripple/combined/multi/,p_x_given_n[099].png,2026-09-16 20:49:38+00:00,13482,gor01_one_2006-6-08_14-26-15
522,file,/umms-kdiba/Data/Output/collected_outputs/figures/_temp_individual_posteriors/2026-09-16/gor01_one_2006-6-08_14-26-15/ripple/combined/multi/,p_x_given_n[101].png,2026-09-16 20:49:38+00:00,13236,gor01_one_2006-6-08_14-26-15
523,file,/umms-kdiba/Data/Output/collected_outputs/figures/_temp_individual_posteriors/2026-09-16/gor01_one_2006-6-08_14-26-15/ripple/combined/multi/,p_x_given_n[102].png,2026-09-16 20:49:38+00:00,18908,gor01_one_2006-6-08_14-26-15
524,file,/umms-kdiba/Data/Output/collected_outputs/figures/_temp_individual_posteriors/2026-09-16/gor01_one_2006-6-08_14-26-15/ripple/combined/multi/,p_x_given_n[103].png,2026-09-16 20:49:38+00:00,18641,gor01_one_2006-6-08_14-26-15
525,file,/umms-kdiba/Data/Output/collected_outputs/figures/_temp_individual_posteriors/2026-09-16/gor01_one_2006-6-08_14-26-15/ripple/combined/multi/,p_x_given_n[104].png,2026-09-16 20:49:38+00:00,13471,gor01_one_2006-6-08_14-26-15
526,file,/umms-kdiba/Data/Output/collected_outputs/figures/_temp_individual_posteriors/2026-09-16/gor01_one_2006-6-08_14-26-15/ripple/combined/multi/,p_x_given_n[105].png,2026-09-16 20:49:38+00:00,6464,gor01_one_2006-6-08_14-26-15
527,file,/umms-kdiba/Data/Output/collected_outputs/figures/_temp_individual_posteriors/2026-09-16/gor01_one_2006-6-08_14-26-15/ripple/combined/multi/,p_x_given_n[106].png,2026-09-16 20:49:38+00:00,20268,gor01_one_2006-6-08_14-26-15
528,file,/umms-kdiba/Data/Output/collected_outputs/figures/_temp_individual_posteriors/2026-09-16/gor01_one_2006-6-08_14-26-15/ripple/combined/multi/,p_x_given_n[107].png,2026-09-16 20:49:38+00:00,6015,gor01_one_2006-6-08_14-26-15
529,file,/umms-kdiba/Data/Output/collected_outputs/figures/_temp_individual_posteriors/2026-09-16/gor01_one_2006-6-08_14-26-15/ripple/combined/multi/,p_x_given_n[108].png,2026-09-16 20:49:38+00:00,18573,gor01_one_2006-6-08_14-26-15
530,file,/umms-kdiba/Data/Output/collected_outputs/figures/_temp_individual_posteriors/2026-09-16/gor01_one_2006-6-08_14-26-15/ripple/combined/multi/,p_x_given_n[109].png,2026-09-16 20:49:38+00:00,21084,gor01_one_2006-6-08_14-26-15
531,file,/umms-kdiba/Data/Output/collected_outputs/figures/_temp_individual_posteriors/2026-09-16/gor01_one_2006-6-08_14-26-15/ripple/combined/multi/,p_x_given_n[110].png,2026-09-16 20:49:38+00:00,14604,gor01_one_2006-6-08_14-26-15
532,file,/umms-kdiba/Data/Output/collected_outputs/figures/_temp_individual_posteriors/2026-09-16/gor01_one_2006-6-08_14-26-15/ripple/combined/multi/,p_x_given_n[111].png,2026-09-16 20:49:38+00:00,14180,gor01_one_2006-6-08_14-26-15
533,file,/umms-kdiba/Data/Output/collected_outputs/figures/_temp_individual_posteriors/2026-09-16/gor01_one_2006-6-08_14-26-15/ripple/combined/multi/,p_x_given_n[112].png,2026-09-16 20:49:38+00:00,16845,gor01_one_2006-6-08_14-26-15
534,file,/umms-kdiba/Data/Output/collected_outputs/figures/_temp_individual_posteriors/2026-09-16/gor01_one_2006-6-08_14-26-15/ripple/combined/multi/,p_x_given_n[113].png,2026-09-16 20:49:38+00:00,21394,gor01_one_2006-6-08_14-26-15
535,file,/umms-kdiba/Data/Output/collected_outputs/figures/_temp_individual_posteriors/2026-09-16/gor01_one_2006-6-08_14-26-15/ripple/combined/multi/,p_x_given_n[114].png,2026-09-16 20:49:38+00:00,10266,gor01_one_2006-6-08_14-26-15
536,file,/umms-kdiba/Data/Output/collected_outputs/figures/_temp_individual_posteriors/2026-09-16/gor01_one_2006-6-08_14-26-15/ripple/combined/multi/,p_x_given_n[115].png,2026-09-16 20:49:38+00:00,10360,gor01_one_2006-6-08_14-26-15
537,file,/umms-kdiba/Data/Output/collected_outputs/figures/_temp_individual_posteriors/2026-09-16/gor01_one_2006-6-08_14-26-15/ripple/combined/multi/,p_x_given_n[116].png,2026-09-16 20:49:38+00:00,5907,gor01_one_2006-6-08_14-26-15
538,file,/umms-kdiba/Data/Output/collected_outputs/figures/_temp_individual_posteriors/2026-09-16/gor01_one_2006-6-08_14-26-15/ripple/combined/multi/,p_x_given_n[117].png,2026-09-16 20:49:38+00:00,6966,gor01_one_2006-6-08_14-26-15
539,file,/umms-kdiba/Data/Output/collected_outputs/figures/_temp_individual_posteriors/2026-09-16/gor01_one_2006-6-08_14-26-15/ripple/combined/multi/,p_x_given_n[118].png,2026-09-16 20:49:38+00:00,5925,gor01_one_2006-6-08_14-26-15
540,file,/umms-kdiba/Data/Output/collected_outputs/figures/_temp_individual_posteriors/2026-09-16/gor01_one_2006-6-08_14-26-15/ripple/combined/multi/,p_x_given_n[119].png,2026-09-16 20:49:38+00:00,15606,gor01_one_2006-6-08_14-26-15
541,file,/umms-kdiba/Data/Output/collected_outputs/figures/_temp_individual_posteriors/2026-09-16/gor01_one_2006-6-08_14-26-15/ripple/combined/multi/,p_x_given_n[120].png,2026-09-16 20:49:38+00:00,9868,gor01_one_2006-6-08_14-26-15
542,file,/umms-kdiba/Data/Output/collected_outputs/figures/_temp_individual_posteriors/2026-09-16/gor01_one_2006-6-08_14-26-15/ripple/combined/multi/,p_x_given_n[121].png,2026-09-16 20:49:38+00:00,12993,gor01_one_2006-6-08_14-26-15
543,file,/umms-kdiba/Data/Output/collected_outputs/figures/_temp_individual_posteriors/2026-09-16/gor01_one_2006-6-08_14-26-15/ripple/combined/multi/,p_x_given_n[122].png,2026-09-16 20:49:38+00:00,15140,gor01_one_2006-6-08_14-26-15
544,file,/umms-kdiba/Data/Output/collected_outputs/figures/_temp_individual_posteriors/2026-09-16/gor01_one_2006-6-08_14-26-15/ripple/combined/multi/,p_x_given_n[123].png,2026-09-16 20:49:38+00:00,18341,gor01_one_2006-6-08_14-26-15
545,file,/umms-kdiba/Data/Output/collected_outputs/figures/_temp_individual_posteriors/2026-09-16/gor01_one_2006-6-08_14-26-15/ripple/combined/multi/,p_x_given_n[125].png,2026-09-16 20:49:38+00:00,10415,gor01_one_2006-6-08_14-26-15
546,file,/umms-kdiba/Data/Output/collected_outputs/figures/_temp_individual_posteriors/2026-09-16/gor01_one_2006-6-08_14-26-15/ripple/combined/multi/,p_x_given_n[126].png,2026-09-16 20:49:38+00:00,12638,gor01_one_2006-6-08_14-26-15
547,file,/umms-kdiba/Data/Output/collected_outputs/figures/_temp_individual_posteriors/2026-09-16/gor01_one_2006-6-08_14-26-15/ripple/combined/multi/,p_x_given_n[127].png,2026-09-16 20:49:38+00:00,14641,gor01_one_2006-6-08_14-26-15
548,file,/umms-kdiba/Data/Output/collected_outputs/figures/_temp_individual_posteriors/2026-09-16/gor01_one_2006-6-08_14-26-15/ripple/combined/multi/,p_x_given_n[128].png,2026-09-16 20:49:38+00:00,3376,gor01_one_2006-6-08_14-26-15
549,file,/umms-kdiba/Data/Output/collected_outputs/figures/_temp_individual_posteriors/2026-09-16/gor01_one_2006-6-08_14-26-15/ripple/combined/multi/,p_x_given_n[129].png,2026-09-16 20:49:38+00:00,10522,gor01_one_2006-6-08_14-26-15
550,file,/umms-kdiba/Data/Output/collected_outputs/figures/_temp_individual_posteriors/2026-09-16/gor01_one_2006-6-08_14-26-15/ripple/combined/multi/,p_x_given_n[130].png,2026-09-16 20:49:38+00:00,9822,gor01_one_2006-6-08_14-26-15
551,file,/umms-kdiba/Data/Output/collected_outputs/figures/_temp_individual_posteriors/2026-09-16/gor01_one_2006-6-08_14-26-15/ripple/combined/multi/,p_x_given_n[131].png,2026-09-16 20:49:38+00:00,8815,gor01_one_2006-6-08_14-26-15
552,file,/umms-kdiba/Data/Output/collected_outputs/figures/_temp_individual_posteriors/2026-09-16/gor01_one_2006-6-08_14-26-15/ripple/combined/multi/,p_x_given_n[132].png,2026-09-16 20:49:38+00:00,19853,gor01_one_2006-6-08_14-26-15
553,file,/umms-kdiba/Data/Output/collected_outputs/figures/_temp_individual_posteriors/2026-09-16/gor01_one_2006-6-08_14-26-15/ripple/combined/multi/,p_x_given_n[037].png,2026-09-16 20:49:37+00:00,16001,gor01_one_2006-6-08_14-26-15
554,file,/umms-kdiba/Data/Output/collected_outputs/figures/_temp_individual_posteriors/2026-09-16/gor01_one_2006-6-08_14-26-15/ripple/combined/multi/,p_x_given_n[038].png,2026-09-16 20:49:37+00:00,18949,gor01_one_2006-6-08_14-26-15
555,file,/umms-kdiba/Data/Output/collected_outputs/figures/_temp_individual_posteriors/2026-09-16/gor01_one_2006-6-08_14-26-15/ripple/combined/multi/,p_x_given_n[039].png,2026-09-16 20:49:37+00:00,10750,gor01_one_2006-6-08_14-26-15
556,file,/umms-kdiba/Data/Output/collected_outputs/figures/_temp_individual_posteriors/2026-09-16/gor01_one_2006-6-08_14-26-15/ripple/combined/multi/,p_x_given_n[040].png,2026-09-16 20:49:37+00:00,9320,gor01_one_2006-6-08_14-26-15
557,file,/umms-kdiba/Data/Output/collected_outputs/figures/_temp_individual_posteriors/2026-09-16/gor01_one_2006-6-08_14-26-15/ripple/combined/multi/,p_x_given_n[041].png,2026-09-16 20:49:37+00:00,6302,gor01_one_2006-6-08_14-26-15
558,file,/umms-kdiba/Data/Output/collected_outputs/figures/_temp_individual_posteriors/2026-09-16/gor01_one_2006-6-08_14-26-15/ripple/combined/multi/,p_x_given_n[042].png,2026-09-16 20:49:37+00:00,20280,gor01_one_2006-6-08_14-26-15
559,file,/umms-kdiba/Data/Output/collected_outputs/figures/_temp_individual_posteriors/2026-09-16/gor01_one_2006-6-08_14-26-15/ripple/combined/multi/,p_x_given_n[043].png,2026-09-16 20:49:37+00:00,12902,gor01_one_2006-6-08_14-26-15
560,file,/umms-kdiba/Data/Output/collected_outputs/figures/_temp_individual_posteriors/2026-09-16/gor01_one_2006-6-08_14-26-15/ripple/combined/multi/,p_x_given_n[044].png,2026-09-16 20:49:37+00:00,19019,gor01_one_2006-6-08_14-26-15
561,file,/umms-kdiba/Data/Output/collected_outputs/figures/_temp_individual_posteriors/2026-09-16/gor01_one_2006-6-08_14-26-15/ripple/combined/multi/,p_x_given_n[045].png,2026-09-16 20:49:37+00:00,18244,gor01_one_2006-6-08_14-26-15
562,file,/umms-kdiba/Data/Output/collected_outputs/figures/_temp_individual_posteriors/2026-09-16/gor01_one_2006-6-08_14-26-15/ripple/combined/multi/,p_x_given_n[046].png,2026-09-16 20:49:37+00:00,13634,gor01_one_2006-6-08_14-26-15
563,file,/umms-kdiba/Data/Output/collected_outputs/figures/_temp_individual_posteriors/2026-09-16/gor01_one_2006-6-08_14-26-15/ripple/combined/multi/,p_x_given_n[047].png,2026-09-16 20:49:37+00:00,12094,gor01_one_2006-6-08_14-26-15
564,file,/umms-kdiba/Data/Output/collected_outputs/figures/_temp_individual_posteriors/2026-09-16/gor01_one_2006-6-08_14-26-15/ripple/combined/multi/,p_x_given_n[048].png,2026-09-16 20:49:37+00:00,19108,gor01_one_2006-6-08_14-26-15
565,file,/umms-kdiba/Data/Output/collected_outputs/figures/_temp_individual_posteriors/2026-09-16/gor01_one_2006-6-08_14-26-15/ripple/combined/multi/,p_x_given_n[049].png,2026-09-16 20:49:37+00:00,13882,gor01_one_2006-6-08_14-26-15
566,file,/umms-kdiba/Data/Output/collected_outputs/figures/_temp_individual_posteriors/2026-09-16/gor01_one_2006-6-08_14-26-15/ripple/combined/multi/,p_x_given_n[050].png,2026-09-16 20:49:37+00:00,13523,gor01_one_2006-6-08_14-26-15
567,file,/umms-kdiba/Data/Output/collected_outputs/figures/_temp_individual_posteriors/2026-09-16/gor01_one_2006-6-08_14-26-15/ripple/combined/multi/,p_x_given_n[051].png,2026-09-16 20:49:37+00:00,16249,gor01_one_2006-6-08_14-26-15
568,file,/umms-kdiba/Data/Output/collected_outputs/figures/_temp_individual_posteriors/2026-09-16/gor01_one_2006-6-08_14-26-15/ripple/combined/multi/,p_x_given_n[052].png,2026-09-16 20:49:37+00:00,9325,gor01_one_2006-6-08_14-26-15
569,file,/umms-kdiba/Data/Output/collected_outputs/figures/_temp_individual_posteriors/2026-09-16/gor01_one_2006-6-08_14-26-15/ripple/combined/multi/,p_x_given_n[053].png,2026-09-16 20:49:37+00:00,12476,gor01_one_2006-6-08_14-26-15
570,file,/umms-kdiba/Data/Output/collected_outputs/figures/_temp_individual_posteriors/2026-09-16/gor01_one_2006-6-08_14-26-15/ripple/combined/multi/,p_x_given_n[054].png,2026-09-16 20:49:37+00:00,12383,gor01_one_2006-6-08_14-26-15
571,file,/umms-kdiba/Data/Output/collected_outputs/figures/_temp_individual_posteriors/2026-09-16/gor01_one_2006-6-08_14-26-15/ripple/combined/multi/,p_x_given_n[055].png,2026-09-16 20:49:37+00:00,9916,gor01_one_2006-6-08_14-26-15
572,file,/umms-kdiba/Data/Output/collected_outputs/figures/_temp_individual_posteriors/2026-09-16/gor01_one_2006-6-08_14-26-15/ripple/combined/multi/,p_x_given_n[056].png,2026-09-16 20:49:37+00:00,6988,gor01_one_2006-6-08_14-26-15
573,file,/umms-kdiba/Data/Output/collected_outputs/figures/_temp_individual_posteriors/2026-09-16/gor01_one_2006-6-08_14-26-15/ripple/combined/multi/,p_x_given_n[057].png,2026-09-16 20:49:37+00:00,7657,gor01_one_2006-6-08_14-26-15
574,file,/umms-kdiba/Data/Output/collected_outputs/figures/_temp_individual_posteriors/2026-09-16/gor01_one_2006-6-08_14-26-15/ripple/combined/multi/,p_x_given_n[058].png,2026-09-16 20:49:37+00:00,14057,gor01_one_2006-6-08_14-26-15
575,file,/umms-kdiba/Data/Output/collected_outputs/figures/_temp_individual_posteriors/2026-09-16/gor01_one_2006-6-08_14-26-15/ripple/combined/multi/,p_x_given_n[059].png,2026-09-16 20:49:37+00:00,18889,gor01_one_2006-6-08_14-26-15
576,file,/umms-kdiba/Data/Output/collected_outputs/figures/_temp_individual_posteriors/2026-09-16/gor01_one_2006-6-08_14-26-15/ripple/combined/multi/,p_x_given_n[060].png,2026-09-16 20:49:37+00:00,11566,gor01_one_2006-6-08_14-26-15
577,file,/umms-kdiba/Data/Output/collected_outputs/figures/_temp_individual_posteriors/2026-09-16/gor01_one_2006-6-08_14-26-15/ripple/combined/multi/,p_x_given_n[061].png,2026-09-16 20:49:37+00:00,17945,gor01_one_2006-6-08_14-26-15
578,file,/umms-kdiba/Data/Output/collected_outputs/figures/_temp_individual_posteriors/2026-09-16/gor01_one_2006-6-08_14-26-15/ripple/combined/multi/,p_x_given_n[062].png,2026-09-16 20:49:37+00:00,21641,gor01_one_2006-6-08_14-26-15
579,file,/umms-kdiba/Data/Output/collected_outputs/figures/_temp_individual_posteriors/2026-09-16/gor01_one_2006-6-08_14-26-15/ripple/combined/multi/,p_x_given_n[063].png,2026-09-16 20:49:37+00:00,22971,gor01_one_2006-6-08_14-26-15
580,file,/umms-kdiba/Data/Output/collected_outputs/figures/_temp_individual_posteriors/2026-09-16/gor01_one_2006-6-08_14-26-15/ripple/combined/multi/,p_x_given_n[064].png,2026-09-16 20:49:37+00:00,19305,gor01_one_2006-6-08_14-26-15
581,file,/umms-kdiba/Data/Output/collected_outputs/figures/_temp_individual_posteriors/2026-09-16/gor01_one_2006-6-08_14-26-15/ripple/combined/multi/,p_x_given_n[065].png,2026-09-16 20:49:37+00:00,14210,gor01_one_2006-6-08_14-26-15
582,file,/umms-kdiba/Data/Output/collected_outputs/figures/_temp_individual_posteriors/2026-09-16/gor01_one_2006-6-08_14-26-15/ripple/combined/multi/,p_x_given_n[066].png,2026-09-16 20:49:37+00:00,6092,gor01_one_2006-6-08_14-26-15
583,file,/umms-kdiba/Data/Output/collected_outputs/figures/_temp_individual_posteriors/2026-09-16/gor01_one_2006-6-08_14-26-15/ripple/combined/multi/,p_x_given_n[067].png,2026-09-16 20:49:37+00:00,10667,gor01_one_2006-6-08_14-26-15
584,file,/umms-kdiba/Data/Output/collected_outputs/figures/_temp_individual_posteriors/2026-09-16/gor01_one_2006-6-08_14-26-15/ripple/combined/multi/,p_x_given_n[068].png,2026-09-16 20:49:37+00:00,15812,gor01_one_2006-6-08_14-26-15
585,file,/umms-kdiba/Data/Output/collected_outputs/figures/_temp_individual_posteriors/2026-09-16/gor01_one_2006-6-08_14-26-15/ripple/combined/multi/,p_x_given_n[069].png,2026-09-16 20:49:37+00:00,16050,gor01_one_2006-6-08_14-26-15
586,file,/umms-kdiba/Data/Output/collected_outputs/figures/_temp_individual_posteriors/2026-09-16/gor01_one_2006-6-08_14-26-15/ripple/combined/multi/,p_x_given_n[070].png,2026-09-16 20:49:37+00:00,12748,gor01_one_2006-6-08_14-26-15
587,file,/umms-kdiba/Data/Output/collected_outputs/figures/_temp_individual_posteriors/2026-09-16/gor01_one_2006-6-08_14-26-15/ripple/combined/multi/,p_x_given_n[071].png,2026-09-16 20:49:37+00:00,6862,gor01_one_2006-6-08_14-26-15
588,file,/umms-kdiba/Data/Output/collected_outputs/figures/_temp_individual_posteriors/2026-09-16/gor01_one_2006-6-08_14-26-15/ripple/combined/multi/,p_x_given_n[072].png,2026-09-16 20:49:37+00:00,19674,gor01_one_2006-6-08_14-26-15
589,file,/umms-kdiba/Data/Output/collected_outputs/figures/_temp_individual_posteriors/2026-09-16/gor01_one_2006-6-08_14-26-15/ripple/combined/multi/,p_x_given_n[073].png,2026-09-16 20:49:37+00:00,15721,gor01_one_2006-6-08_14-26-15
590,file,/umms-kdiba/Data/Output/collected_outputs/figures/_temp_individual_posteriors/2026-09-16/gor01_one_2006-6-08_14-26-15/ripple/combined/multi/,p_x_given_n[074].png,2026-09-16 20:49:37+00:00,23602,gor01_one_2006-6-08_14-26-15
591,file,/umms-kdiba/Data/Output/collected_outputs/figures/_temp_individual_posteriors/2026-09-16/gor01_one_2006-6-08_14-26-15/ripple/combined/multi/,p_x_given_n[075].png,2026-09-16 20:49:37+00:00,17653,gor01_one_2006-6-08_14-26-15
592,file,/umms-kdiba/Data/Output/collected_outputs/figures/_temp_individual_posteriors/2026-09-16/gor01_one_2006-6-08_14-26-15/ripple/combined/multi/,p_x_given_n[077].png,2026-09-16 20:49:37+00:00,17703,gor01_one_2006-6-08_14-26-15
593,file,/umms-kdiba/Data/Output/collected_outputs/figures/_temp_individual_posteriors/2026-09-16/gor01_one_2006-6-08_14-26-15/ripple/combined/multi/,p_x_given_n[078].png,2026-09-16 20:49:37+00:00,17290,gor01_one_2006-6-08_14-26-15
594,file,/umms-kdiba/Data/Output/collected_outputs/figures/_temp_individual_posteriors/2026-09-16/gor01_one_2006-6-08_14-26-15/ripple/combined/multi/,p_x_given_n[079].png,2026-09-16 20:49:37+00:00,16327,gor01_one_2006-6-08_14-26-15
595,file,/umms-kdiba/Data/Output/collected_outputs/figures/_temp_individual_posteriors/2026-09-16/gor01_one_2006-6-08_14-26-15/ripple/combined/multi/,p_x_given_n[080].png,2026-09-16 20:49:37+00:00,8412,gor01_one_2006-6-08_14-26-15
596,file,/umms-kdiba/Data/Output/collected_outputs/figures/_temp_individual_posteriors/2026-09-16/gor01_one_2006-6-08_14-26-15/ripple/combined/multi/,p_x_given_n[081].png,2026-09-16 20:49:37+00:00,21832,gor01_one_2006-6-08_14-26-15
597,file,/umms-kdiba/Data/Output/collected_outputs/figures/_temp_individual_posteriors/2026-09-16/gor01_one_2006-6-08_14-26-15/ripple/combined/multi/,p_x_given_n[082].png,2026-09-16 20:49:37+00:00,5860,gor01_one_2006-6-08_14-26-15
598,file,/umms-kdiba/Data/Output/collected_outputs/figures/_temp_individual_posteriors/2026-09-16/gor01_one_2006-6-08_14-26-15/ripple/combined/multi/,p_x_given_n[000].png,2026-09-16 20:49:36+00:00,15800,gor01_one_2006-6-08_14-26-15
599,file,/umms-kdiba/Data/Output/collected_outputs/figures/_temp_individual_posteriors/2026-09-16/gor01_one_2006-6-08_14-26-15/ripple/combined/multi/,p_x_given_n[001].png,2026-09-16 20:49:36+00:00,18529,gor01_one_2006-6-08_14-26-15
600,file,/umms-kdiba/Data/Output/collected_outputs/figures/_temp_individual_posteriors/2026-09-16/gor01_one_2006-6-08_14-26-15/ripple/combined/multi/,p_x_given_n[002].png,2026-09-16 20:49:36+00:00,5820,gor01_one_2006-6-08_14-26-15
601,file,/umms-kdiba/Data/Output/collected_outputs/figures/_temp_individual_posteriors/2026-09-16/gor01_one_2006-6-08_14-26-15/ripple/combined/multi/,p_x_given_n[003].png,2026-09-16 20:49:36+00:00,10333,gor01_one_2006-6-08_14-26-15
602,file,/umms-kdiba/Data/Output/collected_outputs/figures/_temp_individual_posteriors/2026-09-16/gor01_one_2006-6-08_14-26-15/ripple/combined/multi/,p_x_given_n[004].png,2026-09-16 20:49:36+00:00,14152,gor01_one_2006-6-08_14-26-15
603,file,/umms-kdiba/Data/Output/collected_outputs/figures/_temp_individual_posteriors/2026-09-16/gor01_one_2006-6-08_14-26-15/ripple/combined/multi/,p_x_given_n[005].png,2026-09-16 20:49:36+00:00,9398,gor01_one_2006-6-08_14-26-15
604,file,/umms-kdiba/Data/Output/collected_outputs/figures/_temp_individual_posteriors/2026-09-16/gor01_one_2006-6-08_14-26-15/ripple/combined/multi/,p_x_given_n[006].png,2026-09-16 20:49:36+00:00,8773,gor01_one_2006-6-08_14-26-15
605,file,/umms-kdiba/Data/Output/collected_outputs/figures/_temp_individual_posteriors/2026-09-16/gor01_one_2006-6-08_14-26-15/ripple/combined/multi/,p_x_given_n[007].png,2026-09-16 20:49:36+00:00,17357,gor01_one_2006-6-08_14-26-15
606,file,/umms-kdiba/Data/Output/collected_outputs/figures/_temp_individual_posteriors/2026-09-16/gor01_one_2006-6-08_14-26-15/ripple/combined/multi/,p_x_given_n[008].png,2026-09-16 20:49:36+00:00,15153,gor01_one_2006-6-08_14-26-15
607,file,/umms-kdiba/Data/Output/collected_outputs/figures/_temp_individual_posteriors/2026-09-16/gor01_one_2006-6-08_14-26-15/ripple/combined/multi/,p_x_given_n[009].png,2026-09-16 20:49:36+00:00,11528,gor01_one_2006-6-08_14-26-15
608,file,/umms-kdiba/Data/Output/collected_outputs/figures/_temp_individual_posteriors/2026-09-16/gor01_one_2006-6-08_14-26-15/ripple/combined/multi/,p_x_given_n[010].png,2026-09-16 20:49:36+00:00,4231,gor01_one_2006-6-08_14-26-15
609,file,/umms-kdiba/Data/Output/collected_outputs/figures/_temp_individual_posteriors/2026-09-16/gor01_one_2006-6-08_14-26-15/ripple/combined/multi/,p_x_given_n[011].png,2026-09-16 20:49:36+00:00,9548,gor01_one_2006-6-08_14-26-15
610,file,/umms-kdiba/Data/Output/collected_outputs/figures/_temp_individual_posteriors/2026-09-16/gor01_one_2006-6-08_14-26-15/ripple/combined/multi/,p_x_given_n[012].png,2026-09-16 20:49:36+00:00,20202,gor01_one_2006-6-08_14-26-15
611,file,/umms-kdiba/Data/Output/collected_outputs/figures/_temp_individual_posteriors/2026-09-16/gor01_one_2006-6-08_14-26-15/ripple/combined/multi/,p_x_given_n[013].png,2026-09-16 20:49:36+00:00,5454,gor01_one_2006-6-08_14-26-15
612,file,/umms-kdiba/Data/Output/collected_outputs/figures/_temp_individual_posteriors/2026-09-16/gor01_one_2006-6-08_14-26-15/ripple/combined/multi/,p_x_given_n[014].png,2026-09-16 20:49:36+00:00,17456,gor01_one_2006-6-08_14-26-15
613,file,/umms-kdiba/Data/Output/collected_outputs/figures/_temp_individual_posteriors/2026-09-16/gor01_one_2006-6-08_14-26-15/ripple/combined/multi/,p_x_given_n[015].png,2026-09-16 20:49:36+00:00,8011,gor01_one_2006-6-08_14-26-15
614,file,/umms-kdiba/Data/Output/collected_outputs/figures/_temp_individual_posteriors/2026-09-16/gor01_one_2006-6-08_14-26-15/ripple/combined/multi/,p_x_given_n[016].png,2026-09-16 20:49:36+00:00,16170,gor01_one_2006-6-08_14-26-15
615,file,/umms-kdiba/Data/Output/collected_outputs/figures/_temp_individual_posteriors/2026-09-16/gor01_one_2006-6-08_14-26-15/ripple/combined/multi/,p_x_given_n[017].png,2026-09-16 20:49:36+00:00,14827,gor01_one_2006-6-08_14-26-15
616,file,/umms-kdiba/Data/Output/collected_outputs/figures/_temp_individual_posteriors/2026-09-16/gor01_one_2006-6-08_14-26-15/ripple/combined/multi/,p_x_given_n[018].png,2026-09-16 20:49:36+00:00,8575,gor01_one_2006-6-08_14-26-15
617,file,/umms-kdiba/Data/Output/collected_outputs/figures/_temp_individual_posteriors/2026-09-16/gor01_one_2006-6-08_14-26-15/ripple/combined/multi/,p_x_given_n[019].png,2026-09-16 20:49:36+00:00,10649,gor01_one_2006-6-08_14-26-15
618,file,/umms-kdiba/Data/Output/collected_outputs/figures/_temp_individual_posteriors/2026-09-16/gor01_one_2006-6-08_14-26-15/ripple/combined/multi/,p_x_given_n[020].png,2026-09-16 20:49:36+00:00,3584,gor01_one_2006-6-08_14-26-15
619,file,/umms-kdiba/Data/Output/collected_outputs/figures/_temp_individual_posteriors/2026-09-16/gor01_one_2006-6-08_14-26-15/ripple/combined/multi/,p_x_given_n[021].png,2026-09-16 20:49:36+00:00,18685,gor01_one_2006-6-08_14-26-15
620,file,/umms-kdiba/Data/Output/collected_outputs/figures/_temp_individual_posteriors/2026-09-16/gor01_one_2006-6-08_14-26-15/ripple/combined/multi/,p_x_given_n[022].png,2026-09-16 20:49:36+00:00,6874,gor01_one_2006-6-08_14-26-15
621,file,/umms-kdiba/Data/Output/collected_outputs/figures/_temp_individual_posteriors/2026-09-16/gor01_one_2006-6-08_14-26-15/ripple/combined/multi/,p_x_given_n[023].png,2026-09-16 20:49:36+00:00,12336,gor01_one_2006-6-08_14-26-15
622,file,/umms-kdiba/Data/Output/collected_outputs/figures/_temp_individual_posteriors/2026-09-16/gor01_one_2006-6-08_14-26-15/ripple/combined/multi/,p_x_given_n[024].png,2026-09-16 20:49:36+00:00,18534,gor01_one_2006-6-08_14-26-15
623,file,/umms-kdiba/Data/Output/collected_outputs/figures/_temp_individual_posteriors/2026-09-16/gor01_one_2006-6-08_14-26-15/ripple/combined/multi/,p_x_given_n[025].png,2026-09-16 20:49:36+00:00,16534,gor01_one_2006-6-08_14-26-15
624,file,/umms-kdiba/Data/Output/collected_outputs/figures/_temp_individual_posteriors/2026-09-16/gor01_one_2006-6-08_14-26-15/ripple/combined/multi/,p_x_given_n[026].png,2026-09-16 20:49:36+00:00,12743,gor01_one_2006-6-08_14-26-15
625,file,/umms-kdiba/Data/Output/collected_outputs/figures/_temp_individual_posteriors/2026-09-16/gor01_one_2006-6-08_14-26-15/ripple/combined/multi/,p_x_given_n[027].png,2026-09-16 20:49:36+00:00,8301,gor01_one_2006-6-08_14-26-15
626,file,/umms-kdiba/Data/Output/collected_outputs/figures/_temp_individual_posteriors/2026-09-16/gor01_one_2006-6-08_14-26-15/ripple/combined/multi/,p_x_given_n[028].png,2026-09-16 20:49:36+00:00,6603,gor01_one_2006-6-08_14-26-15
627,file,/umms-kdiba/Data/Output/collected_outputs/figures/_temp_individual_posteriors/2026-09-16/gor01_one_2006-6-08_14-26-15/ripple/combined/multi/,p_x_given_n[029].png,2026-09-16 20:49:36+00:00,19386,gor01_one_2006-6-08_14-26-15
628,file,/umms-kdiba/Data/Output/collected_outputs/figures/_temp_individual_posteriors/2026-09-16/gor01_one_2006-6-08_14-26-15/ripple/combined/multi/,p_x_given_n[030].png,2026-09-16 20:49:36+00:00,17630,gor01_one_2006-6-08_14-26-15
629,file,/umms-kdiba/Data/Output/collected_outputs/figures/_temp_individual_posteriors/2026-09-16/gor01_one_2006-6-08_14-26-15/ripple/combined/multi/,p_x_given_n[031].png,2026-09-16 20:49:36+00:00,14179,gor01_one_2006-6-08_14-26-15
630,file,/umms-kdiba/Data/Output/collected_outputs/figures/_temp_individual_posteriors/2026-09-16/gor01_one_2006-6-08_14-26-15/ripple/combined/multi/,p_x_given_n[032].png,2026-09-16 20:49:36+00:00,19363,gor01_one_2006-6-08_14-26-15
631,file,/umms-kdiba/Data/Output/collected_outputs/figures/_temp_individual_posteriors/2026-09-16/gor01_one_2006-6-08_14-26-15/ripple/combined/multi/,p_x_given_n[033].png,2026-09-16 20:49:36+00:00,14194,gor01_one_2006-6-08_14-26-15
632,file,/umms-kdiba/Data/Output/collected_outputs/figures/_temp_individual_posteriors/2026-09-16/gor01_one_2006-6-08_14-26-15/ripple/combined/multi/,p_x_given_n[034].png,2026-09-16 20:49:36+00:00,13615,gor01_one_2006-6-08_14-26-15
633,file,/umms-kdiba/Data/Output/collected_outputs/figures/_temp_individual_posteriors/2026-09-16/gor01_one_2006-6-08_14-26-15/ripple/combined/multi/,p_x_given_n[035].png,2026-09-16 20:49:36+00:00,18044,gor01_one_2006-6-08_14-26-15
634,file,/umms-kdiba/Data/Output/collected_outputs/figures/_temp_individual_posteriors/2026-09-16/gor01_one_2006-6-08_14-26-15/ripple/combined/multi/,p_x_given_n[036].png,2026-09-16 20:49:36+00:00,22959,gor01_one_2006-6-08_14-26-15
635,file,/umms-kdiba/Data/Output/collected_outputs/figures/_temp_individual_posteriors/2026-09-16/gor01_one_2006-6-09_1-22-43/ripple/combined/multi/,p_x_given_n[406].png,2026-09-16 20:44:19+00:00,28883,gor01_one_2006-6-09_1-22-43
636,file,/umms-kdiba/Data/Output/collected_outputs/figures/_temp_individual_posteriors/2026-09-16/gor01_one_2006-6-09_1-22-43/ripple/combined/multi/,p_x_given_n[407].png,2026-09-16 20:44:19+00:00,17719,gor01_one_2006-6-09_1-22-43
637,file,/umms-kdiba/Data/Output/collected_outputs/figures/_temp_individual_posteriors/2026-09-16/gor01_one_2006-6-09_1-22-43/ripple/combined/multi/,p_x_given_n[408].png,2026-09-16 20:44:19+00:00,27067,gor01_one_2006-6-09_1-22-43
638,file,/umms-kdiba/Data/Output/collected_outputs/figures/_temp_individual_posteriors/2026-09-16/gor01_one_2006-6-09_1-22-43/ripple/combined/multi/,p_x_given_n[409].png,2026-09-16 20:44:19+00:00,14922,gor01_one_2006-6-09_1-22-43
639,file,/umms-kdiba/Data/Output/collected_outputs/figures/_temp_individual_posteriors/2026-09-16/gor01_one_2006-6-09_1-22-43/ripple/combined/multi/,p_x_given_n[410].png,2026-09-16 20:44:19+00:00,19539,gor01_one_2006-6-09_1-22-43
640,file,/umms-kdiba/Data/Output/collected_outputs/figures/_temp_individual_posteriors/2026-09-16/gor01_one_2006-6-09_1-22-43/ripple/combined/multi/,p_x_given_n[411].png,2026-09-16 20:44:19+00:00,13250,gor01_one_2006-6-09_1-22-43
641,file,/umms-kdiba/Data/Output/collected_outputs/figures/_temp_individual_posteriors/2026-09-16/gor01_one_2006-6-09_1-22-43/ripple/combined/multi/,p_x_given_n[412].png,2026-09-16 20:44:19+00:00,19431,gor01_one_2006-6-09_1-22-43
642,file,/umms-kdiba/Data/Output/collected_outputs/figures/_temp_individual_posteriors/2026-09-16/gor01_one_2006-6-09_1-22-43/ripple/combined/multi/,p_x_given_n[413].png,2026-09-16 20:44:19+00:00,23276,gor01_one_2006-6-09_1-22-43
643,file,/umms-kdiba/Data/Output/collected_outputs/figures/_temp_individual_posteriors/2026-09-16/gor01_one_2006-6-09_1-22-43/ripple/combined/multi/,p_x_given_n[414].png,2026-09-16 20:44:19+00:00,14351,gor01_one_2006-6-09_1-22-43
644,file,/umms-kdiba/Data/Output/collected_outputs/figures/_temp_individual_posteriors/2026-09-16/gor01_one_2006-6-09_1-22-43/ripple/combined/multi/,p_x_given_n[415].png,2026-09-16 20:44:19+00:00,6797,gor01_one_2006-6-09_1-22-43
645,file,/umms-kdiba/Data/Output/collected_outputs/figures/_temp_individual_posteriors/2026-09-16/gor01_one_2006-6-09_1-22-43/ripple/combined/multi/,p_x_given_n[416].png,2026-09-16 20:44:19+00:00,12263,gor01_one_2006-6-09_1-22-43
646,file,/umms-kdiba/Data/Output/collected_outputs/figures/_temp_individual_posteriors/2026-09-16/gor01_one_2006-6-09_1-22-43/ripple/combined/multi/,p_x_given_n[417].png,2026-09-16 20:44:19+00:00,12294,gor01_one_2006-6-09_1-22-43
647,file,/umms-kdiba/Data/Output/collected_outputs/figures/_temp_individual_posteriors/2026-09-16/gor01_one_2006-6-09_1-22-43/ripple/combined/multi/,p_x_given_n[418].png,2026-09-16 20:44:19+00:00,23879,gor01_one_2006-6-09_1-22-43
648,file,/umms-kdiba/Data/Output/collected_outputs/figures/_temp_individual_posteriors/2026-09-16/gor01_one_2006-6-09_1-22-43/ripple/combined/multi/,p_x_given_n[419].png,2026-09-16 20:44:19+00:00,15445,gor01_one_2006-6-09_1-22-43
649,file,/umms-kdiba/Data/Output/collected_outputs/figures/_temp_individual_posteriors/2026-09-16/gor01_one_2006-6-09_1-22-43/ripple/combined/multi/,p_x_given_n[420].png,2026-09-16 20:44:19+00:00,16576,gor01_one_2006-6-09_1-22-43
650,file,/umms-kdiba/Data/Output/collected_outputs/figures/_temp_individual_posteriors/2026-09-16/gor01_one_2006-6-09_1-22-43/ripple/combined/multi/,p_x_given_n[421].png,2026-09-16 20:44:19+00:00,27516,gor01_one_2006-6-09_1-22-43
651,file,/umms-kdiba/Data/Output/collected_outputs/figures/_temp_individual_posteriors/2026-09-16/gor01_one_2006-6-09_1-22-43/ripple/combined/multi/,p_x_given_n[422].png,2026-09-16 20:44:19+00:00,16254,gor01_one_2006-6-09_1-22-43
652,file,/umms-kdiba/Data/Output/collected_outputs/figures/_temp_individual_posteriors/2026-09-16/gor01_one_2006-6-09_1-22-43/ripple/combined/multi/,p_x_given_n[423].png,2026-09-16 20:44:19+00:00,8890,gor01_one_2006-6-09_1-22-43
653,file,/umms-kdiba/Data/Output/collected_outputs/figures/_temp_individual_posteriors/2026-09-16/gor01_one_2006-6-09_1-22-43/ripple/combined/multi/,p_x_given_n[424].png,2026-09-16 20:44:19+00:00,12737,gor01_one_2006-6-09_1-22-43
654,file,/umms-kdiba/Data/Output/collected_outputs/figures/_temp_individual_posteriors/2026-09-16/gor01_one_2006-6-09_1-22-43/ripple/combined/multi/,p_x_given_n[425].png,2026-09-16 20:44:19+00:00,11060,gor01_one_2006-6-09_1-22-43
655,file,/umms-kdiba/Data/Output/collected_outputs/figures/_temp_individual_posteriors/2026-09-16/gor01_one_2006-6-09_1-22-43/ripple/combined/multi/,p_x_given_n[426].png,2026-09-16 20:44:19+00:00,12274,gor01_one_2006-6-09_1-22-43
656,file,/umms-kdiba/Data/Output/collected_outputs/figures/_temp_individual_posteriors/2026-09-16/gor01_one_2006-6-09_1-22-43/ripple/combined/multi/,p_x_given_n[371].png,2026-09-16 20:44:18+00:00,26906,gor01_one_2006-6-09_1-22-43
657,file,/umms-kdiba/Data/Output/collected_outputs/figures/_temp_individual_posteriors/2026-09-16/gor01_one_2006-6-09_1-22-43/ripple/combined/multi/,p_x_given_n[372].png,2026-09-16 20:44:18+00:00,12491,gor01_one_2006-6-09_1-22-43
658,file,/umms-kdiba/Data/Output/collected_outputs/figures/_temp_individual_posteriors/2026-09-16/gor01_one_2006-6-09_1-22-43/ripple/combined/multi/,p_x_given_n[373].png,2026-09-16 20:44:18+00:00,18277,gor01_one_2006-6-09_1-22-43
659,file,/umms-kdiba/Data/Output/collected_outputs/figures/_temp_individual_posteriors/2026-09-16/gor01_one_2006-6-09_1-22-43/ripple/combined/multi/,p_x_given_n[374].png,2026-09-16 20:44:18+00:00,28229,gor01_one_2006-6-09_1-22-43
660,file,/umms-kdiba/Data/Output/collected_outputs/figures/_temp_individual_posteriors/2026-09-16/gor01_one_2006-6-09_1-22-43/ripple/combined/multi/,p_x_given_n[375].png,2026-09-16 20:44:18+00:00,17074,gor01_one_2006-6-09_1-22-43
661,file,/umms-kdiba/Data/Output/collected_outputs/figures/_temp_individual_posteriors/2026-09-16/gor01_one_2006-6-09_1-22-43/ripple/combined/multi/,p_x_given_n[376].png,2026-09-16 20:44:18+00:00,16614,gor01_one_2006-6-09_1-22-43
662,file,/umms-kdiba/Data/Output/collected_outputs/figures/_temp_individual_posteriors/2026-09-16/gor01_one_2006-6-09_1-22-43/ripple/combined/multi/,p_x_given_n[377].png,2026-09-16 20:44:18+00:00,19973,gor01_one_2006-6-09_1-22-43
663,file,/umms-kdiba/Data/Output/collected_outputs/figures/_temp_individual_posteriors/2026-09-16/gor01_one_2006-6-09_1-22-43/ripple/combined/multi/,p_x_given_n[378].png,2026-09-16 20:44:18+00:00,13917,gor01_one_2006-6-09_1-22-43
664,file,/umms-kdiba/Data/Output/collected_outputs/figures/_temp_individual_posteriors/2026-09-16/gor01_one_2006-6-09_1-22-43/ripple/combined/multi/,p_x_given_n[379].png,2026-09-16 20:44:18+00:00,23422,gor01_one_2006-6-09_1-22-43
665,file,/umms-kdiba/Data/Output/collected_outputs/figures/_temp_individual_posteriors/2026-09-16/gor01_one_2006-6-09_1-22-43/ripple/combined/multi/,p_x_given_n[380].png,2026-09-16 20:44:18+00:00,11582,gor01_one_2006-6-09_1-22-43
666,file,/umms-kdiba/Data/Output/collected_outputs/figures/_temp_individual_posteriors/2026-09-16/gor01_one_2006-6-09_1-22-43/ripple/combined/multi/,p_x_given_n[382].png,2026-09-16 20:44:18+00:00,14335,gor01_one_2006-6-09_1-22-43
667,file,/umms-kdiba/Data/Output/collected_outputs/figures/_temp_individual_posteriors/2026-09-16/gor01_one_2006-6-09_1-22-43/ripple/combined/multi/,p_x_given_n[383].png,2026-09-16 20:44:18+00:00,22874,gor01_one_2006-6-09_1-22-43
668,file,/umms-kdiba/Data/Output/collected_outputs/figures/_temp_individual_posteriors/2026-09-16/gor01_one_2006-6-09_1-22-43/ripple/combined/multi/,p_x_given_n[384].png,2026-09-16 20:44:18+00:00,12236,gor01_one_2006-6-09_1-22-43
669,file,/umms-kdiba/Data/Output/collected_outputs/figures/_temp_individual_posteriors/2026-09-16/gor01_one_2006-6-09_1-22-43/ripple/combined/multi/,p_x_given_n[386].png,2026-09-16 20:44:18+00:00,18817,gor01_one_2006-6-09_1-22-43
670,file,/umms-kdiba/Data/Output/collected_outputs/figures/_temp_individual_posteriors/2026-09-16/gor01_one_2006-6-09_1-22-43/ripple/combined/multi/,p_x_given_n[387].png,2026-09-16 20:44:18+00:00,16994,gor01_one_2006-6-09_1-22-43
671,file,/umms-kdiba/Data/Output/collected_outputs/figures/_temp_individual_posteriors/2026-09-16/gor01_one_2006-6-09_1-22-43/ripple/combined/multi/,p_x_given_n[388].png,2026-09-16 20:44:18+00:00,12751,gor01_one_2006-6-09_1-22-43
672,file,/umms-kdiba/Data/Output/collected_outputs/figures/_temp_individual_posteriors/2026-09-16/gor01_one_2006-6-09_1-22-43/ripple/combined/multi/,p_x_given_n[389].png,2026-09-16 20:44:18+00:00,20171,gor01_one_2006-6-09_1-22-43
673,file,/umms-kdiba/Data/Output/collected_outputs/figures/_temp_individual_posteriors/2026-09-16/gor01_one_2006-6-09_1-22-43/ripple/combined/multi/,p_x_given_n[390].png,2026-09-16 20:44:18+00:00,26129,gor01_one_2006-6-09_1-22-43
674,file,/umms-kdiba/Data/Output/collected_outputs/figures/_temp_individual_posteriors/2026-09-16/gor01_one_2006-6-09_1-22-43/ripple/combined/multi/,p_x_given_n[391].png,2026-09-16 20:44:18+00:00,15441,gor01_one_2006-6-09_1-22-43
675,file,/umms-kdiba/Data/Output/collected_outputs/figures/_temp_individual_posteriors/2026-09-16/gor01_one_2006-6-09_1-22-43/ripple/combined/multi/,p_x_given_n[392].png,2026-09-16 20:44:18+00:00,29281,gor01_one_2006-6-09_1-22-43
676,file,/umms-kdiba/Data/Output/collected_outputs/figures/_temp_individual_posteriors/2026-09-16/gor01_one_2006-6-09_1-22-43/ripple/combined/multi/,p_x_given_n[393].png,2026-09-16 20:44:18+00:00,26062,gor01_one_2006-6-09_1-22-43
677,file,/umms-kdiba/Data/Output/collected_outputs/figures/_temp_individual_posteriors/2026-09-16/gor01_one_2006-6-09_1-22-43/ripple/combined/multi/,p_x_given_n[394].png,2026-09-16 20:44:18+00:00,11435,gor01_one_2006-6-09_1-22-43
678,file,/umms-kdiba/Data/Output/collected_outputs/figures/_temp_individual_posteriors/2026-09-16/gor01_one_2006-6-09_1-22-43/ripple/combined/multi/,p_x_given_n[395].png,2026-09-16 20:44:18+00:00,19774,gor01_one_2006-6-09_1-22-43
679,file,/umms-kdiba/Data/Output/collected_outputs/figures/_temp_individual_posteriors/2026-09-16/gor01_one_2006-6-09_1-22-43/ripple/combined/multi/,p_x_given_n[396].png,2026-09-16 20:44:18+00:00,29367,gor01_one_2006-6-09_1-22-43
680,file,/umms-kdiba/Data/Output/collected_outputs/figures/_temp_individual_posteriors/2026-09-16/gor01_one_2006-6-09_1-22-43/ripple/combined/multi/,p_x_given_n[397].png,2026-09-16 20:44:18+00:00,13416,gor01_one_2006-6-09_1-22-43
681,file,/umms-kdiba/Data/Output/collected_outputs/figures/_temp_individual_posteriors/2026-09-16/gor01_one_2006-6-09_1-22-43/ripple/combined/multi/,p_x_given_n[398].png,2026-09-16 20:44:18+00:00,21384,gor01_one_2006-6-09_1-22-43
682,file,/umms-kdiba/Data/Output/collected_outputs/figures/_temp_individual_posteriors/2026-09-16/gor01_one_2006-6-09_1-22-43/ripple/combined/multi/,p_x_given_n[400].png,2026-09-16 20:44:18+00:00,18464,gor01_one_2006-6-09_1-22-43
683,file,/umms-kdiba/Data/Output/collected_outputs/figures/_temp_individual_posteriors/2026-09-16/gor01_one_2006-6-09_1-22-43/ripple/combined/multi/,p_x_given_n[401].png,2026-09-16 20:44:18+00:00,10121,gor01_one_2006-6-09_1-22-43
684,file,/umms-kdiba/Data/Output/collected_outputs/figures/_temp_individual_posteriors/2026-09-16/gor01_one_2006-6-09_1-22-43/ripple/combined/multi/,p_x_given_n[402].png,2026-09-16 20:44:18+00:00,18047,gor01_one_2006-6-09_1-22-43
685,file,/umms-kdiba/Data/Output/collected_outputs/figures/_temp_individual_posteriors/2026-09-16/gor01_one_2006-6-09_1-22-43/ripple/combined/multi/,p_x_given_n[404].png,2026-09-16 20:44:18+00:00,16090,gor01_one_2006-6-09_1-22-43
686,file,/umms-kdiba/Data/Output/collected_outputs/figures/_temp_individual_posteriors/2026-09-16/gor01_one_2006-6-09_1-22-43/ripple/combined/multi/,p_x_given_n[405].png,2026-09-16 20:44:18+00:00,11101,gor01_one_2006-6-09_1-22-43
687,file,/umms-kdiba/Data/Output/collected_outputs/figures/_temp_individual_posteriors/2026-09-16/gor01_one_2006-6-09_1-22-43/ripple/combined/multi/,p_x_given_n[337].png,2026-09-16 20:44:17+00:00,26575,gor01_one_2006-6-09_1-22-43
688,file,/umms-kdiba/Data/Output/collected_outputs/figures/_temp_individual_posteriors/2026-09-16/gor01_one_2006-6-09_1-22-43/ripple/combined/multi/,p_x_given_n[338].png,2026-09-16 20:44:17+00:00,6459,gor01_one_2006-6-09_1-22-43
689,file,/umms-kdiba/Data/Output/collected_outputs/figures/_temp_individual_posteriors/2026-09-16/gor01_one_2006-6-09_1-22-43/ripple/combined/multi/,p_x_given_n[339].png,2026-09-16 20:44:17+00:00,20894,gor01_one_2006-6-09_1-22-43
690,file,/umms-kdiba/Data/Output/collected_outputs/figures/_temp_individual_posteriors/2026-09-16/gor01_one_2006-6-09_1-22-43/ripple/combined/multi/,p_x_given_n[340].png,2026-09-16 20:44:17+00:00,18037,gor01_one_2006-6-09_1-22-43
691,file,/umms-kdiba/Data/Output/collected_outputs/figures/_temp_individual_posteriors/2026-09-16/gor01_one_2006-6-09_1-22-43/ripple/combined/multi/,p_x_given_n[341].png,2026-09-16 20:44:17+00:00,17288,gor01_one_2006-6-09_1-22-43
692,file,/umms-kdiba/Data/Output/collected_outputs/figures/_temp_individual_posteriors/2026-09-16/gor01_one_2006-6-09_1-22-43/ripple/combined/multi/,p_x_given_n[342].png,2026-09-16 20:44:17+00:00,12032,gor01_one_2006-6-09_1-22-43
693,file,/umms-kdiba/Data/Output/collected_outputs/figures/_temp_individual_posteriors/2026-09-16/gor01_one_2006-6-09_1-22-43/ripple/combined/multi/,p_x_given_n[343].png,2026-09-16 20:44:17+00:00,13927,gor01_one_2006-6-09_1-22-43
694,file,/umms-kdiba/Data/Output/collected_outputs/figures/_temp_individual_posteriors/2026-09-16/gor01_one_2006-6-09_1-22-43/ripple/combined/multi/,p_x_given_n[344].png,2026-09-16 20:44:17+00:00,8378,gor01_one_2006-6-09_1-22-43
695,file,/umms-kdiba/Data/Output/collected_outputs/figures/_temp_individual_posteriors/2026-09-16/gor01_one_2006-6-09_1-22-43/ripple/combined/multi/,p_x_given_n[345].png,2026-09-16 20:44:17+00:00,5278,gor01_one_2006-6-09_1-22-43
696,file,/umms-kdiba/Data/Output/collected_outputs/figures/_temp_individual_posteriors/2026-09-16/gor01_one_2006-6-09_1-22-43/ripple/combined/multi/,p_x_given_n[346].png,2026-09-16 20:44:17+00:00,24816,gor01_one_2006-6-09_1-22-43
697,file,/umms-kdiba/Data/Output/collected_outputs/figures/_temp_individual_posteriors/2026-09-16/gor01_one_2006-6-09_1-22-43/ripple/combined/multi/,p_x_given_n[347].png,2026-09-16 20:44:17+00:00,7202,gor01_one_2006-6-09_1-22-43
698,file,/umms-kdiba/Data/Output/collected_outputs/figures/_temp_individual_posteriors/2026-09-16/gor01_one_2006-6-09_1-22-43/ripple/combined/multi/,p_x_given_n[348].png,2026-09-16 20:44:17+00:00,15665,gor01_one_2006-6-09_1-22-43
699,file,/umms-kdiba/Data/Output/collected_outputs/figures/_temp_individual_posteriors/2026-09-16/gor01_one_2006-6-09_1-22-43/ripple/combined/multi/,p_x_given_n[349].png,2026-09-16 20:44:17+00:00,19802,gor01_one_2006-6-09_1-22-43
700,file,/umms-kdiba/Data/Output/collected_outputs/figures/_temp_individual_posteriors/2026-09-16/gor01_one_2006-6-09_1-22-43/ripple/combined/multi/,p_x_given_n[350].png,2026-09-16 20:44:17+00:00,10059,gor01_one_2006-6-09_1-22-43
701,file,/umms-kdiba/Data/Output/collected_outputs/figures/_temp_individual_posteriors/2026-09-16/gor01_one_2006-6-09_1-22-43/ripple/combined/multi/,p_x_given_n[351].png,2026-09-16 20:44:17+00:00,19587,gor01_one_2006-6-09_1-22-43
702,file,/umms-kdiba/Data/Output/collected_outputs/figures/_temp_individual_posteriors/2026-09-16/gor01_one_2006-6-09_1-22-43/ripple/combined/multi/,p_x_given_n[352].png,2026-09-16 20:44:17+00:00,14629,gor01_one_2006-6-09_1-22-43
703,file,/umms-kdiba/Data/Output/collected_outputs/figures/_temp_individual_posteriors/2026-09-16/gor01_one_2006-6-09_1-22-43/ripple/combined/multi/,p_x_given_n[353].png,2026-09-16 20:44:17+00:00,22067,gor01_one_2006-6-09_1-22-43
704,file,/umms-kdiba/Data/Output/collected_outputs/figures/_temp_individual_posteriors/2026-09-16/gor01_one_2006-6-09_1-22-43/ripple/combined/multi/,p_x_given_n[354].png,2026-09-16 20:44:17+00:00,20918,gor01_one_2006-6-09_1-22-43
705,file,/umms-kdiba/Data/Output/collected_outputs/figures/_temp_individual_posteriors/2026-09-16/gor01_one_2006-6-09_1-22-43/ripple/combined/multi/,p_x_given_n[355].png,2026-09-16 20:44:17+00:00,26073,gor01_one_2006-6-09_1-22-43
706,file,/umms-kdiba/Data/Output/collected_outputs/figures/_temp_individual_posteriors/2026-09-16/gor01_one_2006-6-09_1-22-43/ripple/combined/multi/,p_x_given_n[356].png,2026-09-16 20:44:17+00:00,20236,gor01_one_2006-6-09_1-22-43
707,file,/umms-kdiba/Data/Output/collected_outputs/figures/_temp_individual_posteriors/2026-09-16/gor01_one_2006-6-09_1-22-43/ripple/combined/multi/,p_x_given_n[357].png,2026-09-16 20:44:17+00:00,9947,gor01_one_2006-6-09_1-22-43
708,file,/umms-kdiba/Data/Output/collected_outputs/figures/_temp_individual_posteriors/2026-09-16/gor01_one_2006-6-09_1-22-43/ripple/combined/multi/,p_x_given_n[358].png,2026-09-16 20:44:17+00:00,22650,gor01_one_2006-6-09_1-22-43
709,file,/umms-kdiba/Data/Output/collected_outputs/figures/_temp_individual_posteriors/2026-09-16/gor01_one_2006-6-09_1-22-43/ripple/combined/multi/,p_x_given_n[359].png,2026-09-16 20:44:17+00:00,15295,gor01_one_2006-6-09_1-22-43
710,file,/umms-kdiba/Data/Output/collected_outputs/figures/_temp_individual_posteriors/2026-09-16/gor01_one_2006-6-09_1-22-43/ripple/combined/multi/,p_x_given_n[360].png,2026-09-16 20:44:17+00:00,22853,gor01_one_2006-6-09_1-22-43
711,file,/umms-kdiba/Data/Output/collected_outputs/figures/_temp_individual_posteriors/2026-09-16/gor01_one_2006-6-09_1-22-43/ripple/combined/multi/,p_x_given_n[361].png,2026-09-16 20:44:17+00:00,14628,gor01_one_2006-6-09_1-22-43
712,file,/umms-kdiba/Data/Output/collected_outputs/figures/_temp_individual_posteriors/2026-09-16/gor01_one_2006-6-09_1-22-43/ripple/combined/multi/,p_x_given_n[362].png,2026-09-16 20:44:17+00:00,11456,gor01_one_2006-6-09_1-22-43
713,file,/umms-kdiba/Data/Output/collected_outputs/figures/_temp_individual_posteriors/2026-09-16/gor01_one_2006-6-09_1-22-43/ripple/combined/multi/,p_x_given_n[363].png,2026-09-16 20:44:17+00:00,9685,gor01_one_2006-6-09_1-22-43
714,file,/umms-kdiba/Data/Output/collected_outputs/figures/_temp_individual_posteriors/2026-09-16/gor01_one_2006-6-09_1-22-43/ripple/combined/multi/,p_x_given_n[364].png,2026-09-16 20:44:17+00:00,16166,gor01_one_2006-6-09_1-22-43
715,file,/umms-kdiba/Data/Output/collected_outputs/figures/_temp_individual_posteriors/2026-09-16/gor01_one_2006-6-09_1-22-43/ripple/combined/multi/,p_x_given_n[365].png,2026-09-16 20:44:17+00:00,13758,gor01_one_2006-6-09_1-22-43
716,file,/umms-kdiba/Data/Output/collected_outputs/figures/_temp_individual_posteriors/2026-09-16/gor01_one_2006-6-09_1-22-43/ripple/combined/multi/,p_x_given_n[366].png,2026-09-16 20:44:17+00:00,17848,gor01_one_2006-6-09_1-22-43
717,file,/umms-kdiba/Data/Output/collected_outputs/figures/_temp_individual_posteriors/2026-09-16/gor01_one_2006-6-09_1-22-43/ripple/combined/multi/,p_x_given_n[368].png,2026-09-16 20:44:17+00:00,7097,gor01_one_2006-6-09_1-22-43
718,file,/umms-kdiba/Data/Output/collected_outputs/figures/_temp_individual_posteriors/2026-09-16/gor01_one_2006-6-09_1-22-43/ripple/combined/multi/,p_x_given_n[369].png,2026-09-16 20:44:17+00:00,26236,gor01_one_2006-6-09_1-22-43
719,file,/umms-kdiba/Data/Output/collected_outputs/figures/_temp_individual_posteriors/2026-09-16/gor01_one_2006-6-09_1-22-43/ripple/combined/multi/,p_x_given_n[370].png,2026-09-16 20:44:17+00:00,21777,gor01_one_2006-6-09_1-22-43
720,file,/umms-kdiba/Data/Output/collected_outputs/figures/_temp_individual_posteriors/2026-09-16/gor01_one_2006-6-09_1-22-43/ripple/combined/multi/,p_x_given_n[306].png,2026-09-16 20:44:16+00:00,16963,gor01_one_2006-6-09_1-22-43
721,file,/umms-kdiba/Data/Output/collected_outputs/figures/_temp_individual_posteriors/2026-09-16/gor01_one_2006-6-09_1-22-43/ripple/combined/multi/,p_x_given_n[307].png,2026-09-16 20:44:16+00:00,15381,gor01_one_2006-6-09_1-22-43
722,file,/umms-kdiba/Data/Output/collected_outputs/figures/_temp_individual_posteriors/2026-09-16/gor01_one_2006-6-09_1-22-43/ripple/combined/multi/,p_x_given_n[308].png,2026-09-16 20:44:16+00:00,29228,gor01_one_2006-6-09_1-22-43
723,file,/umms-kdiba/Data/Output/collected_outputs/figures/_temp_individual_posteriors/2026-09-16/gor01_one_2006-6-09_1-22-43/ripple/combined/multi/,p_x_given_n[309].png,2026-09-16 20:44:16+00:00,20552,gor01_one_2006-6-09_1-22-43
724,file,/umms-kdiba/Data/Output/collected_outputs/figures/_temp_individual_posteriors/2026-09-16/gor01_one_2006-6-09_1-22-43/ripple/combined/multi/,p_x_given_n[310].png,2026-09-16 20:44:16+00:00,22783,gor01_one_2006-6-09_1-22-43
725,file,/umms-kdiba/Data/Output/collected_outputs/figures/_temp_individual_posteriors/2026-09-16/gor01_one_2006-6-09_1-22-43/ripple/combined/multi/,p_x_given_n[311].png,2026-09-16 20:44:16+00:00,18956,gor01_one_2006-6-09_1-22-43
726,file,/umms-kdiba/Data/Output/collected_outputs/figures/_temp_individual_posteriors/2026-09-16/gor01_one_2006-6-09_1-22-43/ripple/combined/multi/,p_x_given_n[312].png,2026-09-16 20:44:16+00:00,9923,gor01_one_2006-6-09_1-22-43
727,file,/umms-kdiba/Data/Output/collected_outputs/figures/_temp_individual_posteriors/2026-09-16/gor01_one_2006-6-09_1-22-43/ripple/combined/multi/,p_x_given_n[313].png,2026-09-16 20:44:16+00:00,17948,gor01_one_2006-6-09_1-22-43
728,file,/umms-kdiba/Data/Output/collected_outputs/figures/_temp_individual_posteriors/2026-09-16/gor01_one_2006-6-09_1-22-43/ripple/combined/multi/,p_x_given_n[314].png,2026-09-16 20:44:16+00:00,14540,gor01_one_2006-6-09_1-22-43
729,file,/umms-kdiba/Data/Output/collected_outputs/figures/_temp_individual_posteriors/2026-09-16/gor01_one_2006-6-09_1-22-43/ripple/combined/multi/,p_x_given_n[315].png,2026-09-16 20:44:16+00:00,11659,gor01_one_2006-6-09_1-22-43
730,file,/umms-kdiba/Data/Output/collected_outputs/figures/_temp_individual_posteriors/2026-09-16/gor01_one_2006-6-09_1-22-43/ripple/combined/multi/,p_x_given_n[316].png,2026-09-16 20:44:16+00:00,26261,gor01_one_2006-6-09_1-22-43
731,file,/umms-kdiba/Data/Output/collected_outputs/figures/_temp_individual_posteriors/2026-09-16/gor01_one_2006-6-09_1-22-43/ripple/combined/multi/,p_x_given_n[317].png,2026-09-16 20:44:16+00:00,13877,gor01_one_2006-6-09_1-22-43
732,file,/umms-kdiba/Data/Output/collected_outputs/figures/_temp_individual_posteriors/2026-09-16/gor01_one_2006-6-09_1-22-43/ripple/combined/multi/,p_x_given_n[318].png,2026-09-16 20:44:16+00:00,21309,gor01_one_2006-6-09_1-22-43
733,file,/umms-kdiba/Data/Output/collected_outputs/figures/_temp_individual_posteriors/2026-09-16/gor01_one_2006-6-09_1-22-43/ripple/combined/multi/,p_x_given_n[319].png,2026-09-16 20:44:16+00:00,15875,gor01_one_2006-6-09_1-22-43
734,file,/umms-kdiba/Data/Output/collected_outputs/figures/_temp_individual_posteriors/2026-09-16/gor01_one_2006-6-09_1-22-43/ripple/combined/multi/,p_x_given_n[320].png,2026-09-16 20:44:16+00:00,17369,gor01_one_2006-6-09_1-22-43
735,file,/umms-kdiba/Data/Output/collected_outputs/figures/_temp_individual_posteriors/2026-09-16/gor01_one_2006-6-09_1-22-43/ripple/combined/multi/,p_x_given_n[321].png,2026-09-16 20:44:16+00:00,16250,gor01_one_2006-6-09_1-22-43
736,file,/umms-kdiba/Data/Output/collected_outputs/figures/_temp_individual_posteriors/2026-09-16/gor01_one_2006-6-09_1-22-43/ripple/combined/multi/,p_x_given_n[322].png,2026-09-16 20:44:16+00:00,22123,gor01_one_2006-6-09_1-22-43
737,file,/umms-kdiba/Data/Output/collected_outputs/figures/_temp_individual_posteriors/2026-09-16/gor01_one_2006-6-09_1-22-43/ripple/combined/multi/,p_x_given_n[323].png,2026-09-16 20:44:16+00:00,18211,gor01_one_2006-6-09_1-22-43
738,file,/umms-kdiba/Data/Output/collected_outputs/figures/_temp_individual_posteriors/2026-09-16/gor01_one_2006-6-09_1-22-43/ripple/combined/multi/,p_x_given_n[324].png,2026-09-16 20:44:16+00:00,11429,gor01_one_2006-6-09_1-22-43
739,file,/umms-kdiba/Data/Output/collected_outputs/figures/_temp_individual_posteriors/2026-09-16/gor01_one_2006-6-09_1-22-43/ripple/combined/multi/,p_x_given_n[325].png,2026-09-16 20:44:16+00:00,25501,gor01_one_2006-6-09_1-22-43
740,file,/umms-kdiba/Data/Output/collected_outputs/figures/_temp_individual_posteriors/2026-09-16/gor01_one_2006-6-09_1-22-43/ripple/combined/multi/,p_x_given_n[326].png,2026-09-16 20:44:16+00:00,25618,gor01_one_2006-6-09_1-22-43
741,file,/umms-kdiba/Data/Output/collected_outputs/figures/_temp_individual_posteriors/2026-09-16/gor01_one_2006-6-09_1-22-43/ripple/combined/multi/,p_x_given_n[327].png,2026-09-16 20:44:16+00:00,16467,gor01_one_2006-6-09_1-22-43
742,file,/umms-kdiba/Data/Output/collected_outputs/figures/_temp_individual_posteriors/2026-09-16/gor01_one_2006-6-09_1-22-43/ripple/combined/multi/,p_x_given_n[328].png,2026-09-16 20:44:16+00:00,20300,gor01_one_2006-6-09_1-22-43
743,file,/umms-kdiba/Data/Output/collected_outputs/figures/_temp_individual_posteriors/2026-09-16/gor01_one_2006-6-09_1-22-43/ripple/combined/multi/,p_x_given_n[329].png,2026-09-16 20:44:16+00:00,17701,gor01_one_2006-6-09_1-22-43
744,file,/umms-kdiba/Data/Output/collected_outputs/figures/_temp_individual_posteriors/2026-09-16/gor01_one_2006-6-09_1-22-43/ripple/combined/multi/,p_x_given_n[330].png,2026-09-16 20:44:16+00:00,18567,gor01_one_2006-6-09_1-22-43
745,file,/umms-kdiba/Data/Output/collected_outputs/figures/_temp_individual_posteriors/2026-09-16/gor01_one_2006-6-09_1-22-43/ripple/combined/multi/,p_x_given_n[331].png,2026-09-16 20:44:16+00:00,19465,gor01_one_2006-6-09_1-22-43
746,file,/umms-kdiba/Data/Output/collected_outputs/figures/_temp_individual_posteriors/2026-09-16/gor01_one_2006-6-09_1-22-43/ripple/combined/multi/,p_x_given_n[332].png,2026-09-16 20:44:16+00:00,22754,gor01_one_2006-6-09_1-22-43
747,file,/umms-kdiba/Data/Output/collected_outputs/figures/_temp_individual_posteriors/2026-09-16/gor01_one_2006-6-09_1-22-43/ripple/combined/multi/,p_x_given_n[333].png,2026-09-16 20:44:16+00:00,18540,gor01_one_2006-6-09_1-22-43
748,file,/umms-kdiba/Data/Output/collected_outputs/figures/_temp_individual_posteriors/2026-09-16/gor01_one_2006-6-09_1-22-43/ripple/combined/multi/,p_x_given_n[334].png,2026-09-16 20:44:16+00:00,11649,gor01_one_2006-6-09_1-22-43
749,file,/umms-kdiba/Data/Output/collected_outputs/figures/_temp_individual_posteriors/2026-09-16/gor01_one_2006-6-09_1-22-43/ripple/combined/multi/,p_x_given_n[335].png,2026-09-16 20:44:16+00:00,19659,gor01_one_2006-6-09_1-22-43
750,file,/umms-kdiba/Data/Output/collected_outputs/figures/_temp_individual_posteriors/2026-09-16/gor01_one_2006-6-09_1-22-43/ripple/combined/multi/,p_x_given_n[336].png,2026-09-16 20:44:16+00:00,22314,gor01_one_2006-6-09_1-22-43
751,file,/umms-kdiba/Data/Output/collected_outputs/figures/_temp_individual_posteriors/2026-09-16/gor01_one_2006-6-09_1-22-43/ripple/combined/multi/,p_x_given_n[265].png,2026-09-16 20:44:15+00:00,23159,gor01_one_2006-6-09_1-22-43
752,file,/umms-kdiba/Data/Output/collected_outputs/figures/_temp_individual_posteriors/2026-09-16/gor01_one_2006-6-09_1-22-43/ripple/combined/multi/,p_x_given_n[266].png,2026-09-16 20:44:15+00:00,16753,gor01_one_2006-6-09_1-22-43
753,file,/umms-kdiba/Data/Output/collected_outputs/figures/_temp_individual_posteriors/2026-09-16/gor01_one_2006-6-09_1-22-43/ripple/combined/multi/,p_x_given_n[267].png,2026-09-16 20:44:15+00:00,15395,gor01_one_2006-6-09_1-22-43
754,file,/umms-kdiba/Data/Output/collected_outputs/figures/_temp_individual_posteriors/2026-09-16/gor01_one_2006-6-09_1-22-43/ripple/combined/multi/,p_x_given_n[268].png,2026-09-16 20:44:15+00:00,23334,gor01_one_2006-6-09_1-22-43
755,file,/umms-kdiba/Data/Output/collected_outputs/figures/_temp_individual_posteriors/2026-09-16/gor01_one_2006-6-09_1-22-43/ripple/combined/multi/,p_x_given_n[269].png,2026-09-16 20:44:15+00:00,12930,gor01_one_2006-6-09_1-22-43
756,file,/umms-kdiba/Data/Output/collected_outputs/figures/_temp_individual_posteriors/2026-09-16/gor01_one_2006-6-09_1-22-43/ripple/combined/multi/,p_x_given_n[271].png,2026-09-16 20:44:15+00:00,19094,gor01_one_2006-6-09_1-22-43
757,file,/umms-kdiba/Data/Output/collected_outputs/figures/_temp_individual_posteriors/2026-09-16/gor01_one_2006-6-09_1-22-43/ripple/combined/multi/,p_x_given_n[272].png,2026-09-16 20:44:15+00:00,16943,gor01_one_2006-6-09_1-22-43
758,file,/umms-kdiba/Data/Output/collected_outputs/figures/_temp_individual_posteriors/2026-09-16/gor01_one_2006-6-09_1-22-43/ripple/combined/multi/,p_x_given_n[273].png,2026-09-16 20:44:15+00:00,14832,gor01_one_2006-6-09_1-22-43
759,file,/umms-kdiba/Data/Output/collected_outputs/figures/_temp_individual_posteriors/2026-09-16/gor01_one_2006-6-09_1-22-43/ripple/combined/multi/,p_x_given_n[274].png,2026-09-16 20:44:15+00:00,15336,gor01_one_2006-6-09_1-22-43
760,file,/umms-kdiba/Data/Output/collected_outputs/figures/_temp_individual_posteriors/2026-09-16/gor01_one_2006-6-09_1-22-43/ripple/combined/multi/,p_x_given_n[275].png,2026-09-16 20:44:15+00:00,22137,gor01_one_2006-6-09_1-22-43
761,file,/umms-kdiba/Data/Output/collected_outputs/figures/_temp_individual_posteriors/2026-09-16/gor01_one_2006-6-09_1-22-43/ripple/combined/multi/,p_x_given_n[276].png,2026-09-16 20:44:15+00:00,11905,gor01_one_2006-6-09_1-22-43
762,file,/umms-kdiba/Data/Output/collected_outputs/figures/_temp_individual_posteriors/2026-09-16/gor01_one_2006-6-09_1-22-43/ripple/combined/multi/,p_x_given_n[277].png,2026-09-16 20:44:15+00:00,9717,gor01_one_2006-6-09_1-22-43
763,file,/umms-kdiba/Data/Output/collected_outputs/figures/_temp_individual_posteriors/2026-09-16/gor01_one_2006-6-09_1-22-43/ripple/combined/multi/,p_x_given_n[278].png,2026-09-16 20:44:15+00:00,26637,gor01_one_2006-6-09_1-22-43
764,file,/umms-kdiba/Data/Output/collected_outputs/figures/_temp_individual_posteriors/2026-09-16/gor01_one_2006-6-09_1-22-43/ripple/combined/multi/,p_x_given_n[279].png,2026-09-16 20:44:15+00:00,17945,gor01_one_2006-6-09_1-22-43
765,file,/umms-kdiba/Data/Output/collected_outputs/figures/_temp_individual_posteriors/2026-09-16/gor01_one_2006-6-09_1-22-43/ripple/combined/multi/,p_x_given_n[280].png,2026-09-16 20:44:15+00:00,17258,gor01_one_2006-6-09_1-22-43
766,file,/umms-kdiba/Data/Output/collected_outputs/figures/_temp_individual_posteriors/2026-09-16/gor01_one_2006-6-09_1-22-43/ripple/combined/multi/,p_x_given_n[281].png,2026-09-16 20:44:15+00:00,8885,gor01_one_2006-6-09_1-22-43
767,file,/umms-kdiba/Data/Output/collected_outputs/figures/_temp_individual_posteriors/2026-09-16/gor01_one_2006-6-09_1-22-43/ripple/combined/multi/,p_x_given_n[282].png,2026-09-16 20:44:15+00:00,12688,gor01_one_2006-6-09_1-22-43
768,file,/umms-kdiba/Data/Output/collected_outputs/figures/_temp_individual_posteriors/2026-09-16/gor01_one_2006-6-09_1-22-43/ripple/combined/multi/,p_x_given_n[283].png,2026-09-16 20:44:15+00:00,5594,gor01_one_2006-6-09_1-22-43
769,file,/umms-kdiba/Data/Output/collected_outputs/figures/_temp_individual_posteriors/2026-09-16/gor01_one_2006-6-09_1-22-43/ripple/combined/multi/,p_x_given_n[284].png,2026-09-16 20:44:15+00:00,9830,gor01_one_2006-6-09_1-22-43
770,file,/umms-kdiba/Data/Output/collected_outputs/figures/_temp_individual_posteriors/2026-09-16/gor01_one_2006-6-09_1-22-43/ripple/combined/multi/,p_x_given_n[285].png,2026-09-16 20:44:15+00:00,21249,gor01_one_2006-6-09_1-22-43
771,file,/umms-kdiba/Data/Output/collected_outputs/figures/_temp_individual_posteriors/2026-09-16/gor01_one_2006-6-09_1-22-43/ripple/combined/multi/,p_x_given_n[286].png,2026-09-16 20:44:15+00:00,6099,gor01_one_2006-6-09_1-22-43
772,file,/umms-kdiba/Data/Output/collected_outputs/figures/_temp_individual_posteriors/2026-09-16/gor01_one_2006-6-09_1-22-43/ripple/combined/multi/,p_x_given_n[287].png,2026-09-16 20:44:15+00:00,11210,gor01_one_2006-6-09_1-22-43
773,file,/umms-kdiba/Data/Output/collected_outputs/figures/_temp_individual_posteriors/2026-09-16/gor01_one_2006-6-09_1-22-43/ripple/combined/multi/,p_x_given_n[288].png,2026-09-16 20:44:15+00:00,6021,gor01_one_2006-6-09_1-22-43
774,file,/umms-kdiba/Data/Output/collected_outputs/figures/_temp_individual_posteriors/2026-09-16/gor01_one_2006-6-09_1-22-43/ripple/combined/multi/,p_x_given_n[290].png,2026-09-16 20:44:15+00:00,5420,gor01_one_2006-6-09_1-22-43
775,file,/umms-kdiba/Data/Output/collected_outputs/figures/_temp_individual_posteriors/2026-09-16/gor01_one_2006-6-09_1-22-43/ripple/combined/multi/,p_x_given_n[291].png,2026-09-16 20:44:15+00:00,10236,gor01_one_2006-6-09_1-22-43
776,file,/umms-kdiba/Data/Output/collected_outputs/figures/_temp_individual_posteriors/2026-09-16/gor01_one_2006-6-09_1-22-43/ripple/combined/multi/,p_x_given_n[292].png,2026-09-16 20:44:15+00:00,17105,gor01_one_2006-6-09_1-22-43
777,file,/umms-kdiba/Data/Output/collected_outputs/figures/_temp_individual_posteriors/2026-09-16/gor01_one_2006-6-09_1-22-43/ripple/combined/multi/,p_x_given_n[293].png,2026-09-16 20:44:15+00:00,12224,gor01_one_2006-6-09_1-22-43
778,file,/umms-kdiba/Data/Output/collected_outputs/figures/_temp_individual_posteriors/2026-09-16/gor01_one_2006-6-09_1-22-43/ripple/combined/multi/,p_x_given_n[294].png,2026-09-16 20:44:15+00:00,10018,gor01_one_2006-6-09_1-22-43
779,file,/umms-kdiba/Data/Output/collected_outputs/figures/_temp_individual_posteriors/2026-09-16/gor01_one_2006-6-09_1-22-43/ripple/combined/multi/,p_x_given_n[295].png,2026-09-16 20:44:15+00:00,18838,gor01_one_2006-6-09_1-22-43
780,file,/umms-kdiba/Data/Output/collected_outputs/figures/_temp_individual_posteriors/2026-09-16/gor01_one_2006-6-09_1-22-43/ripple/combined/multi/,p_x_given_n[296].png,2026-09-16 20:44:15+00:00,14724,gor01_one_2006-6-09_1-22-43
781,file,/umms-kdiba/Data/Output/collected_outputs/figures/_temp_individual_posteriors/2026-09-16/gor01_one_2006-6-09_1-22-43/ripple/combined/multi/,p_x_given_n[297].png,2026-09-16 20:44:15+00:00,3363,gor01_one_2006-6-09_1-22-43
782,file,/umms-kdiba/Data/Output/collected_outputs/figures/_temp_individual_posteriors/2026-09-16/gor01_one_2006-6-09_1-22-43/ripple/combined/multi/,p_x_given_n[298].png,2026-09-16 20:44:15+00:00,21039,gor01_one_2006-6-09_1-22-43
783,file,/umms-kdiba/Data/Output/collected_outputs/figures/_temp_individual_posteriors/2026-09-16/gor01_one_2006-6-09_1-22-43/ripple/combined/multi/,p_x_given_n[299].png,2026-09-16 20:44:15+00:00,9901,gor01_one_2006-6-09_1-22-43
784,file,/umms-kdiba/Data/Output/collected_outputs/figures/_temp_individual_posteriors/2026-09-16/gor01_one_2006-6-09_1-22-43/ripple/combined/multi/,p_x_given_n[300].png,2026-09-16 20:44:15+00:00,9335,gor01_one_2006-6-09_1-22-43
785,file,/umms-kdiba/Data/Output/collected_outputs/figures/_temp_individual_posteriors/2026-09-16/gor01_one_2006-6-09_1-22-43/ripple/combined/multi/,p_x_given_n[301].png,2026-09-16 20:44:15+00:00,15148,gor01_one_2006-6-09_1-22-43
786,file,/umms-kdiba/Data/Output/collected_outputs/figures/_temp_individual_posteriors/2026-09-16/gor01_one_2006-6-09_1-22-43/ripple/combined/multi/,p_x_given_n[302].png,2026-09-16 20:44:15+00:00,13225,gor01_one_2006-6-09_1-22-43
787,file,/umms-kdiba/Data/Output/collected_outputs/figures/_temp_individual_posteriors/2026-09-16/gor01_one_2006-6-09_1-22-43/ripple/combined/multi/,p_x_given_n[303].png,2026-09-16 20:44:15+00:00,16581,gor01_one_2006-6-09_1-22-43
788,file,/umms-kdiba/Data/Output/collected_outputs/figures/_temp_individual_posteriors/2026-09-16/gor01_one_2006-6-09_1-22-43/ripple/combined/multi/,p_x_given_n[304].png,2026-09-16 20:44:15+00:00,18280,gor01_one_2006-6-09_1-22-43
789,file,/umms-kdiba/Data/Output/collected_outputs/figures/_temp_individual_posteriors/2026-09-16/gor01_one_2006-6-09_1-22-43/ripple/combined/multi/,p_x_given_n[305].png,2026-09-16 20:44:15+00:00,25856,gor01_one_2006-6-09_1-22-43
790,file,/umms-kdiba/Data/Output/collected_outputs/figures/_temp_individual_posteriors/2026-09-16/gor01_one_2006-6-09_1-22-43/ripple/combined/multi/,p_x_given_n[229].png,2026-09-16 20:44:14+00:00,26371,gor01_one_2006-6-09_1-22-43
791,file,/umms-kdiba/Data/Output/collected_outputs/figures/_temp_individual_posteriors/2026-09-16/gor01_one_2006-6-09_1-22-43/ripple/combined/multi/,p_x_given_n[230].png,2026-09-16 20:44:14+00:00,7633,gor01_one_2006-6-09_1-22-43
792,file,/umms-kdiba/Data/Output/collected_outputs/figures/_temp_individual_posteriors/2026-09-16/gor01_one_2006-6-09_1-22-43/ripple/combined/multi/,p_x_given_n[231].png,2026-09-16 20:44:14+00:00,19353,gor01_one_2006-6-09_1-22-43
793,file,/umms-kdiba/Data/Output/collected_outputs/figures/_temp_individual_posteriors/2026-09-16/gor01_one_2006-6-09_1-22-43/ripple/combined/multi/,p_x_given_n[232].png,2026-09-16 20:44:14+00:00,17479,gor01_one_2006-6-09_1-22-43
794,file,/umms-kdiba/Data/Output/collected_outputs/figures/_temp_individual_posteriors/2026-09-16/gor01_one_2006-6-09_1-22-43/ripple/combined/multi/,p_x_given_n[233].png,2026-09-16 20:44:14+00:00,20744,gor01_one_2006-6-09_1-22-43
795,file,/umms-kdiba/Data/Output/collected_outputs/figures/_temp_individual_posteriors/2026-09-16/gor01_one_2006-6-09_1-22-43/ripple/combined/multi/,p_x_given_n[234].png,2026-09-16 20:44:14+00:00,9881,gor01_one_2006-6-09_1-22-43
796,file,/umms-kdiba/Data/Output/collected_outputs/figures/_temp_individual_posteriors/2026-09-16/gor01_one_2006-6-09_1-22-43/ripple/combined/multi/,p_x_given_n[235].png,2026-09-16 20:44:14+00:00,22910,gor01_one_2006-6-09_1-22-43
797,file,/umms-kdiba/Data/Output/collected_outputs/figures/_temp_individual_posteriors/2026-09-16/gor01_one_2006-6-09_1-22-43/ripple/combined/multi/,p_x_given_n[236].png,2026-09-16 20:44:14+00:00,17507,gor01_one_2006-6-09_1-22-43
798,file,/umms-kdiba/Data/Output/collected_outputs/figures/_temp_individual_posteriors/2026-09-16/gor01_one_2006-6-09_1-22-43/ripple/combined/multi/,p_x_given_n[237].png,2026-09-16 20:44:14+00:00,26575,gor01_one_2006-6-09_1-22-43
799,file,/umms-kdiba/Data/Output/collected_outputs/figures/_temp_individual_posteriors/2026-09-16/gor01_one_2006-6-09_1-22-43/ripple/combined/multi/,p_x_given_n[238].png,2026-09-16 20:44:14+00:00,14489,gor01_one_2006-6-09_1-22-43
800,file,/umms-kdiba/Data/Output/collected_outputs/figures/_temp_individual_posteriors/2026-09-16/gor01_one_2006-6-09_1-22-43/ripple/combined/multi/,p_x_given_n[239].png,2026-09-16 20:44:14+00:00,12835,gor01_one_2006-6-09_1-22-43
801,file,/umms-kdiba/Data/Output/collected_outputs/figures/_temp_individual_posteriors/2026-09-16/gor01_one_2006-6-09_1-22-43/ripple/combined/multi/,p_x_given_n[240].png,2026-09-16 20:44:14+00:00,5772,gor01_one_2006-6-09_1-22-43
802,file,/umms-kdiba/Data/Output/collected_outputs/figures/_temp_individual_posteriors/2026-09-16/gor01_one_2006-6-09_1-22-43/ripple/combined/multi/,p_x_given_n[241].png,2026-09-16 20:44:14+00:00,14777,gor01_one_2006-6-09_1-22-43
803,file,/umms-kdiba/Data/Output/collected_outputs/figures/_temp_individual_posteriors/2026-09-16/gor01_one_2006-6-09_1-22-43/ripple/combined/multi/,p_x_given_n[242].png,2026-09-16 20:44:14+00:00,11906,gor01_one_2006-6-09_1-22-43
804,file,/umms-kdiba/Data/Output/collected_outputs/figures/_temp_individual_posteriors/2026-09-16/gor01_one_2006-6-09_1-22-43/ripple/combined/multi/,p_x_given_n[243].png,2026-09-16 20:44:14+00:00,19543,gor01_one_2006-6-09_1-22-43
805,file,/umms-kdiba/Data/Output/collected_outputs/figures/_temp_individual_posteriors/2026-09-16/gor01_one_2006-6-09_1-22-43/ripple/combined/multi/,p_x_given_n[244].png,2026-09-16 20:44:14+00:00,12377,gor01_one_2006-6-09_1-22-43
806,file,/umms-kdiba/Data/Output/collected_outputs/figures/_temp_individual_posteriors/2026-09-16/gor01_one_2006-6-09_1-22-43/ripple/combined/multi/,p_x_given_n[245].png,2026-09-16 20:44:14+00:00,15237,gor01_one_2006-6-09_1-22-43
807,file,/umms-kdiba/Data/Output/collected_outputs/figures/_temp_individual_posteriors/2026-09-16/gor01_one_2006-6-09_1-22-43/ripple/combined/multi/,p_x_given_n[246].png,2026-09-16 20:44:14+00:00,26529,gor01_one_2006-6-09_1-22-43
808,file,/umms-kdiba/Data/Output/collected_outputs/figures/_temp_individual_posteriors/2026-09-16/gor01_one_2006-6-09_1-22-43/ripple/combined/multi/,p_x_given_n[248].png,2026-09-16 20:44:14+00:00,7351,gor01_one_2006-6-09_1-22-43
809,file,/umms-kdiba/Data/Output/collected_outputs/figures/_temp_individual_posteriors/2026-09-16/gor01_one_2006-6-09_1-22-43/ripple/combined/multi/,p_x_given_n[249].png,2026-09-16 20:44:14+00:00,20163,gor01_one_2006-6-09_1-22-43
810,file,/umms-kdiba/Data/Output/collected_outputs/figures/_temp_individual_posteriors/2026-09-16/gor01_one_2006-6-09_1-22-43/ripple/combined/multi/,p_x_given_n[250].png,2026-09-16 20:44:14+00:00,15508,gor01_one_2006-6-09_1-22-43
811,file,/umms-kdiba/Data/Output/collected_outputs/figures/_temp_individual_posteriors/2026-09-16/gor01_one_2006-6-09_1-22-43/ripple/combined/multi/,p_x_given_n[251].png,2026-09-16 20:44:14+00:00,16510,gor01_one_2006-6-09_1-22-43
812,file,/umms-kdiba/Data/Output/collected_outputs/figures/_temp_individual_posteriors/2026-09-16/gor01_one_2006-6-09_1-22-43/ripple/combined/multi/,p_x_given_n[252].png,2026-09-16 20:44:14+00:00,21894,gor01_one_2006-6-09_1-22-43
813,file,/umms-kdiba/Data/Output/collected_outputs/figures/_temp_individual_posteriors/2026-09-16/gor01_one_2006-6-09_1-22-43/ripple/combined/multi/,p_x_given_n[253].png,2026-09-16 20:44:14+00:00,24267,gor01_one_2006-6-09_1-22-43
814,file,/umms-kdiba/Data/Output/collected_outputs/figures/_temp_individual_posteriors/2026-09-16/gor01_one_2006-6-09_1-22-43/ripple/combined/multi/,p_x_given_n[254].png,2026-09-16 20:44:14+00:00,7131,gor01_one_2006-6-09_1-22-43
815,file,/umms-kdiba/Data/Output/collected_outputs/figures/_temp_individual_posteriors/2026-09-16/gor01_one_2006-6-09_1-22-43/ripple/combined/multi/,p_x_given_n[255].png,2026-09-16 20:44:14+00:00,20694,gor01_one_2006-6-09_1-22-43
816,file,/umms-kdiba/Data/Output/collected_outputs/figures/_temp_individual_posteriors/2026-09-16/gor01_one_2006-6-09_1-22-43/ripple/combined/multi/,p_x_given_n[256].png,2026-09-16 20:44:14+00:00,22164,gor01_one_2006-6-09_1-22-43
817,file,/umms-kdiba/Data/Output/collected_outputs/figures/_temp_individual_posteriors/2026-09-16/gor01_one_2006-6-09_1-22-43/ripple/combined/multi/,p_x_given_n[257].png,2026-09-16 20:44:14+00:00,16286,gor01_one_2006-6-09_1-22-43
818,file,/umms-kdiba/Data/Output/collected_outputs/figures/_temp_individual_posteriors/2026-09-16/gor01_one_2006-6-09_1-22-43/ripple/combined/multi/,p_x_given_n[258].png,2026-09-16 20:44:14+00:00,11829,gor01_one_2006-6-09_1-22-43
819,file,/umms-kdiba/Data/Output/collected_outputs/figures/_temp_individual_posteriors/2026-09-16/gor01_one_2006-6-09_1-22-43/ripple/combined/multi/,p_x_given_n[259].png,2026-09-16 20:44:14+00:00,17732,gor01_one_2006-6-09_1-22-43
820,file,/umms-kdiba/Data/Output/collected_outputs/figures/_temp_individual_posteriors/2026-09-16/gor01_one_2006-6-09_1-22-43/ripple/combined/multi/,p_x_given_n[260].png,2026-09-16 20:44:14+00:00,23591,gor01_one_2006-6-09_1-22-43
821,file,/umms-kdiba/Data/Output/collected_outputs/figures/_temp_individual_posteriors/2026-09-16/gor01_one_2006-6-09_1-22-43/ripple/combined/multi/,p_x_given_n[261].png,2026-09-16 20:44:14+00:00,6459,gor01_one_2006-6-09_1-22-43
822,file,/umms-kdiba/Data/Output/collected_outputs/figures/_temp_individual_posteriors/2026-09-16/gor01_one_2006-6-09_1-22-43/ripple/combined/multi/,p_x_given_n[262].png,2026-09-16 20:44:14+00:00,9989,gor01_one_2006-6-09_1-22-43
823,file,/umms-kdiba/Data/Output/collected_outputs/figures/_temp_individual_posteriors/2026-09-16/gor01_one_2006-6-09_1-22-43/ripple/combined/multi/,p_x_given_n[263].png,2026-09-16 20:44:14+00:00,11739,gor01_one_2006-6-09_1-22-43
824,file,/umms-kdiba/Data/Output/collected_outputs/figures/_temp_individual_posteriors/2026-09-16/gor01_one_2006-6-09_1-22-43/ripple/combined/multi/,p_x_given_n[264].png,2026-09-16 20:44:14+00:00,20986,gor01_one_2006-6-09_1-22-43
825,file,/umms-kdiba/Data/Output/collected_outputs/figures/_temp_individual_posteriors/2026-09-16/gor01_one_2006-6-09_1-22-43/ripple/combined/multi/,p_x_given_n[198].png,2026-09-16 20:44:13+00:00,18412,gor01_one_2006-6-09_1-22-43
826,file,/umms-kdiba/Data/Output/collected_outputs/figures/_temp_individual_posteriors/2026-09-16/gor01_one_2006-6-09_1-22-43/ripple/combined/multi/,p_x_given_n[199].png,2026-09-16 20:44:13+00:00,14864,gor01_one_2006-6-09_1-22-43
827,file,/umms-kdiba/Data/Output/collected_outputs/figures/_temp_individual_posteriors/2026-09-16/gor01_one_2006-6-09_1-22-43/ripple/combined/multi/,p_x_given_n[200].png,2026-09-16 20:44:13+00:00,14090,gor01_one_2006-6-09_1-22-43
828,file,/umms-kdiba/Data/Output/collected_outputs/figures/_temp_individual_posteriors/2026-09-16/gor01_one_2006-6-09_1-22-43/ripple/combined/multi/,p_x_given_n[201].png,2026-09-16 20:44:13+00:00,21263,gor01_one_2006-6-09_1-22-43
829,file,/umms-kdiba/Data/Output/collected_outputs/figures/_temp_individual_posteriors/2026-09-16/gor01_one_2006-6-09_1-22-43/ripple/combined/multi/,p_x_given_n[202].png,2026-09-16 20:44:13+00:00,24087,gor01_one_2006-6-09_1-22-43
830,file,/umms-kdiba/Data/Output/collected_outputs/figures/_temp_individual_posteriors/2026-09-16/gor01_one_2006-6-09_1-22-43/ripple/combined/multi/,p_x_given_n[203].png,2026-09-16 20:44:13+00:00,24578,gor01_one_2006-6-09_1-22-43
831,file,/umms-kdiba/Data/Output/collected_outputs/figures/_temp_individual_posteriors/2026-09-16/gor01_one_2006-6-09_1-22-43/ripple/combined/multi/,p_x_given_n[204].png,2026-09-16 20:44:13+00:00,29567,gor01_one_2006-6-09_1-22-43
832,file,/umms-kdiba/Data/Output/collected_outputs/figures/_temp_individual_posteriors/2026-09-16/gor01_one_2006-6-09_1-22-43/ripple/combined/multi/,p_x_given_n[205].png,2026-09-16 20:44:13+00:00,12596,gor01_one_2006-6-09_1-22-43
833,file,/umms-kdiba/Data/Output/collected_outputs/figures/_temp_individual_posteriors/2026-09-16/gor01_one_2006-6-09_1-22-43/ripple/combined/multi/,p_x_given_n[206].png,2026-09-16 20:44:13+00:00,16936,gor01_one_2006-6-09_1-22-43
834,file,/umms-kdiba/Data/Output/collected_outputs/figures/_temp_individual_posteriors/2026-09-16/gor01_one_2006-6-09_1-22-43/ripple/combined/multi/,p_x_given_n[207].png,2026-09-16 20:44:13+00:00,17839,gor01_one_2006-6-09_1-22-43
835,file,/umms-kdiba/Data/Output/collected_outputs/figures/_temp_individual_posteriors/2026-09-16/gor01_one_2006-6-09_1-22-43/ripple/combined/multi/,p_x_given_n[208].png,2026-09-16 20:44:13+00:00,15867,gor01_one_2006-6-09_1-22-43
836,file,/umms-kdiba/Data/Output/collected_outputs/figures/_temp_individual_posteriors/2026-09-16/gor01_one_2006-6-09_1-22-43/ripple/combined/multi/,p_x_given_n[209].png,2026-09-16 20:44:13+00:00,12497,gor01_one_2006-6-09_1-22-43
837,file,/umms-kdiba/Data/Output/collected_outputs/figures/_temp_individual_posteriors/2026-09-16/gor01_one_2006-6-09_1-22-43/ripple/combined/multi/,p_x_given_n[210].png,2026-09-16 20:44:13+00:00,11759,gor01_one_2006-6-09_1-22-43
838,file,/umms-kdiba/Data/Output/collected_outputs/figures/_temp_individual_posteriors/2026-09-16/gor01_one_2006-6-09_1-22-43/ripple/combined/multi/,p_x_given_n[211].png,2026-09-16 20:44:13+00:00,14088,gor01_one_2006-6-09_1-22-43
839,file,/umms-kdiba/Data/Output/collected_outputs/figures/_temp_individual_posteriors/2026-09-16/gor01_one_2006-6-09_1-22-43/ripple/combined/multi/,p_x_given_n[212].png,2026-09-16 20:44:13+00:00,21242,gor01_one_2006-6-09_1-22-43
840,file,/umms-kdiba/Data/Output/collected_outputs/figures/_temp_individual_posteriors/2026-09-16/gor01_one_2006-6-09_1-22-43/ripple/combined/multi/,p_x_given_n[213].png,2026-09-16 20:44:13+00:00,17521,gor01_one_2006-6-09_1-22-43
841,file,/umms-kdiba/Data/Output/collected_outputs/figures/_temp_individual_posteriors/2026-09-16/gor01_one_2006-6-09_1-22-43/ripple/combined/multi/,p_x_given_n[214].png,2026-09-16 20:44:13+00:00,16138,gor01_one_2006-6-09_1-22-43
842,file,/umms-kdiba/Data/Output/collected_outputs/figures/_temp_individual_posteriors/2026-09-16/gor01_one_2006-6-09_1-22-43/ripple/combined/multi/,p_x_given_n[215].png,2026-09-16 20:44:13+00:00,15571,gor01_one_2006-6-09_1-22-43
843,file,/umms-kdiba/Data/Output/collected_outputs/figures/_temp_individual_posteriors/2026-09-16/gor01_one_2006-6-09_1-22-43/ripple/combined/multi/,p_x_given_n[216].png,2026-09-16 20:44:13+00:00,24165,gor01_one_2006-6-09_1-22-43
844,file,/umms-kdiba/Data/Output/collected_outputs/figures/_temp_individual_posteriors/2026-09-16/gor01_one_2006-6-09_1-22-43/ripple/combined/multi/,p_x_given_n[217].png,2026-09-16 20:44:13+00:00,11079,gor01_one_2006-6-09_1-22-43
845,file,/umms-kdiba/Data/Output/collected_outputs/figures/_temp_individual_posteriors/2026-09-16/gor01_one_2006-6-09_1-22-43/ripple/combined/multi/,p_x_given_n[218].png,2026-09-16 20:44:13+00:00,15513,gor01_one_2006-6-09_1-22-43
846,file,/umms-kdiba/Data/Output/collected_outputs/figures/_temp_individual_posteriors/2026-09-16/gor01_one_2006-6-09_1-22-43/ripple/combined/multi/,p_x_given_n[219].png,2026-09-16 20:44:13+00:00,21464,gor01_one_2006-6-09_1-22-43
847,file,/umms-kdiba/Data/Output/collected_outputs/figures/_temp_individual_posteriors/2026-09-16/gor01_one_2006-6-09_1-22-43/ripple/combined/multi/,p_x_given_n[220].png,2026-09-16 20:44:13+00:00,13354,gor01_one_2006-6-09_1-22-43
848,file,/umms-kdiba/Data/Output/collected_outputs/figures/_temp_individual_posteriors/2026-09-16/gor01_one_2006-6-09_1-22-43/ripple/combined/multi/,p_x_given_n[221].png,2026-09-16 20:44:13+00:00,9934,gor01_one_2006-6-09_1-22-43
849,file,/umms-kdiba/Data/Output/collected_outputs/figures/_temp_individual_posteriors/2026-09-16/gor01_one_2006-6-09_1-22-43/ripple/combined/multi/,p_x_given_n[222].png,2026-09-16 20:44:13+00:00,12270,gor01_one_2006-6-09_1-22-43
850,file,/umms-kdiba/Data/Output/collected_outputs/figures/_temp_individual_posteriors/2026-09-16/gor01_one_2006-6-09_1-22-43/ripple/combined/multi/,p_x_given_n[223].png,2026-09-16 20:44:13+00:00,14308,gor01_one_2006-6-09_1-22-43
851,file,/umms-kdiba/Data/Output/collected_outputs/figures/_temp_individual_posteriors/2026-09-16/gor01_one_2006-6-09_1-22-43/ripple/combined/multi/,p_x_given_n[224].png,2026-09-16 20:44:13+00:00,21597,gor01_one_2006-6-09_1-22-43
852,file,/umms-kdiba/Data/Output/collected_outputs/figures/_temp_individual_posteriors/2026-09-16/gor01_one_2006-6-09_1-22-43/ripple/combined/multi/,p_x_given_n[225].png,2026-09-16 20:44:13+00:00,23281,gor01_one_2006-6-09_1-22-43
853,file,/umms-kdiba/Data/Output/collected_outputs/figures/_temp_individual_posteriors/2026-09-16/gor01_one_2006-6-09_1-22-43/ripple/combined/multi/,p_x_given_n[226].png,2026-09-16 20:44:13+00:00,21550,gor01_one_2006-6-09_1-22-43
854,file,/umms-kdiba/Data/Output/collected_outputs/figures/_temp_individual_posteriors/2026-09-16/gor01_one_2006-6-09_1-22-43/ripple/combined/multi/,p_x_given_n[227].png,2026-09-16 20:44:13+00:00,18966,gor01_one_2006-6-09_1-22-43
855,file,/umms-kdiba/Data/Output/collected_outputs/figures/_temp_individual_posteriors/2026-09-16/gor01_one_2006-6-09_1-22-43/ripple/combined/multi/,p_x_given_n[228].png,2026-09-16 20:44:13+00:00,14033,gor01_one_2006-6-09_1-22-43
856,file,/umms-kdiba/Data/Output/collected_outputs/figures/_temp_individual_posteriors/2026-09-16/gor01_one_2006-6-09_1-22-43/ripple/combined/multi/,p_x_given_n[160].png,2026-09-16 20:44:12+00:00,21797,gor01_one_2006-6-09_1-22-43
857,file,/umms-kdiba/Data/Output/collected_outputs/figures/_temp_individual_posteriors/2026-09-16/gor01_one_2006-6-09_1-22-43/ripple/combined/multi/,p_x_given_n[161].png,2026-09-16 20:44:12+00:00,20160,gor01_one_2006-6-09_1-22-43
858,file,/umms-kdiba/Data/Output/collected_outputs/figures/_temp_individual_posteriors/2026-09-16/gor01_one_2006-6-09_1-22-43/ripple/combined/multi/,p_x_given_n[163].png,2026-09-16 20:44:12+00:00,13701,gor01_one_2006-6-09_1-22-43
859,file,/umms-kdiba/Data/Output/collected_outputs/figures/_temp_individual_posteriors/2026-09-16/gor01_one_2006-6-09_1-22-43/ripple/combined/multi/,p_x_given_n[164].png,2026-09-16 20:44:12+00:00,15491,gor01_one_2006-6-09_1-22-43
860,file,/umms-kdiba/Data/Output/collected_outputs/figures/_temp_individual_posteriors/2026-09-16/gor01_one_2006-6-09_1-22-43/ripple/combined/multi/,p_x_given_n[165].png,2026-09-16 20:44:12+00:00,17736,gor01_one_2006-6-09_1-22-43
861,file,/umms-kdiba/Data/Output/collected_outputs/figures/_temp_individual_posteriors/2026-09-16/gor01_one_2006-6-09_1-22-43/ripple/combined/multi/,p_x_given_n[166].png,2026-09-16 20:44:12+00:00,21057,gor01_one_2006-6-09_1-22-43
862,file,/umms-kdiba/Data/Output/collected_outputs/figures/_temp_individual_posteriors/2026-09-16/gor01_one_2006-6-09_1-22-43/ripple/combined/multi/,p_x_given_n[167].png,2026-09-16 20:44:12+00:00,16701,gor01_one_2006-6-09_1-22-43
863,file,/umms-kdiba/Data/Output/collected_outputs/figures/_temp_individual_posteriors/2026-09-16/gor01_one_2006-6-09_1-22-43/ripple/combined/multi/,p_x_given_n[168].png,2026-09-16 20:44:12+00:00,9644,gor01_one_2006-6-09_1-22-43
864,file,/umms-kdiba/Data/Output/collected_outputs/figures/_temp_individual_posteriors/2026-09-16/gor01_one_2006-6-09_1-22-43/ripple/combined/multi/,p_x_given_n[169].png,2026-09-16 20:44:12+00:00,12217,gor01_one_2006-6-09_1-22-43
865,file,/umms-kdiba/Data/Output/collected_outputs/figures/_temp_individual_posteriors/2026-09-16/gor01_one_2006-6-09_1-22-43/ripple/combined/multi/,p_x_given_n[170].png,2026-09-16 20:44:12+00:00,15807,gor01_one_2006-6-09_1-22-43
866,file,/umms-kdiba/Data/Output/collected_outputs/figures/_temp_individual_posteriors/2026-09-16/gor01_one_2006-6-09_1-22-43/ripple/combined/multi/,p_x_given_n[171].png,2026-09-16 20:44:12+00:00,10788,gor01_one_2006-6-09_1-22-43
867,file,/umms-kdiba/Data/Output/collected_outputs/figures/_temp_individual_posteriors/2026-09-16/gor01_one_2006-6-09_1-22-43/ripple/combined/multi/,p_x_given_n[172].png,2026-09-16 20:44:12+00:00,17466,gor01_one_2006-6-09_1-22-43
868,file,/umms-kdiba/Data/Output/collected_outputs/figures/_temp_individual_posteriors/2026-09-16/gor01_one_2006-6-09_1-22-43/ripple/combined/multi/,p_x_given_n[173].png,2026-09-16 20:44:12+00:00,20070,gor01_one_2006-6-09_1-22-43
869,file,/umms-kdiba/Data/Output/collected_outputs/figures/_temp_individual_posteriors/2026-09-16/gor01_one_2006-6-09_1-22-43/ripple/combined/multi/,p_x_given_n[174].png,2026-09-16 20:44:12+00:00,12150,gor01_one_2006-6-09_1-22-43
870,file,/umms-kdiba/Data/Output/collected_outputs/figures/_temp_individual_posteriors/2026-09-16/gor01_one_2006-6-09_1-22-43/ripple/combined/multi/,p_x_given_n[175].png,2026-09-16 20:44:12+00:00,19709,gor01_one_2006-6-09_1-22-43
871,file,/umms-kdiba/Data/Output/collected_outputs/figures/_temp_individual_posteriors/2026-09-16/gor01_one_2006-6-09_1-22-43/ripple/combined/multi/,p_x_given_n[176].png,2026-09-16 20:44:12+00:00,16701,gor01_one_2006-6-09_1-22-43
872,file,/umms-kdiba/Data/Output/collected_outputs/figures/_temp_individual_posteriors/2026-09-16/gor01_one_2006-6-09_1-22-43/ripple/combined/multi/,p_x_given_n[177].png,2026-09-16 20:44:12+00:00,14980,gor01_one_2006-6-09_1-22-43
873,file,/umms-kdiba/Data/Output/collected_outputs/figures/_temp_individual_posteriors/2026-09-16/gor01_one_2006-6-09_1-22-43/ripple/combined/multi/,p_x_given_n[178].png,2026-09-16 20:44:12+00:00,12298,gor01_one_2006-6-09_1-22-43
874,file,/umms-kdiba/Data/Output/collected_outputs/figures/_temp_individual_posteriors/2026-09-16/gor01_one_2006-6-09_1-22-43/ripple/combined/multi/,p_x_given_n[179].png,2026-09-16 20:44:12+00:00,19099,gor01_one_2006-6-09_1-22-43
875,file,/umms-kdiba/Data/Output/collected_outputs/figures/_temp_individual_posteriors/2026-09-16/gor01_one_2006-6-09_1-22-43/ripple/combined/multi/,p_x_given_n[180].png,2026-09-16 20:44:12+00:00,23763,gor01_one_2006-6-09_1-22-43
876,file,/umms-kdiba/Data/Output/collected_outputs/figures/_temp_individual_posteriors/2026-09-16/gor01_one_2006-6-09_1-22-43/ripple/combined/multi/,p_x_given_n[181].png,2026-09-16 20:44:12+00:00,16359,gor01_one_2006-6-09_1-22-43
877,file,/umms-kdiba/Data/Output/collected_outputs/figures/_temp_individual_posteriors/2026-09-16/gor01_one_2006-6-09_1-22-43/ripple/combined/multi/,p_x_given_n[182].png,2026-09-16 20:44:12+00:00,15341,gor01_one_2006-6-09_1-22-43
878,file,/umms-kdiba/Data/Output/collected_outputs/figures/_temp_individual_posteriors/2026-09-16/gor01_one_2006-6-09_1-22-43/ripple/combined/multi/,p_x_given_n[183].png,2026-09-16 20:44:12+00:00,28790,gor01_one_2006-6-09_1-22-43
879,file,/umms-kdiba/Data/Output/collected_outputs/figures/_temp_individual_posteriors/2026-09-16/gor01_one_2006-6-09_1-22-43/ripple/combined/multi/,p_x_given_n[184].png,2026-09-16 20:44:12+00:00,17796,gor01_one_2006-6-09_1-22-43
880,file,/umms-kdiba/Data/Output/collected_outputs/figures/_temp_individual_posteriors/2026-09-16/gor01_one_2006-6-09_1-22-43/ripple/combined/multi/,p_x_given_n[185].png,2026-09-16 20:44:12+00:00,13595,gor01_one_2006-6-09_1-22-43
881,file,/umms-kdiba/Data/Output/collected_outputs/figures/_temp_individual_posteriors/2026-09-16/gor01_one_2006-6-09_1-22-43/ripple/combined/multi/,p_x_given_n[186].png,2026-09-16 20:44:12+00:00,17770,gor01_one_2006-6-09_1-22-43
882,file,/umms-kdiba/Data/Output/collected_outputs/figures/_temp_individual_posteriors/2026-09-16/gor01_one_2006-6-09_1-22-43/ripple/combined/multi/,p_x_given_n[187].png,2026-09-16 20:44:12+00:00,15472,gor01_one_2006-6-09_1-22-43
883,file,/umms-kdiba/Data/Output/collected_outputs/figures/_temp_individual_posteriors/2026-09-16/gor01_one_2006-6-09_1-22-43/ripple/combined/multi/,p_x_given_n[188].png,2026-09-16 20:44:12+00:00,17486,gor01_one_2006-6-09_1-22-43
884,file,/umms-kdiba/Data/Output/collected_outputs/figures/_temp_individual_posteriors/2026-09-16/gor01_one_2006-6-09_1-22-43/ripple/combined/multi/,p_x_given_n[189].png,2026-09-16 20:44:12+00:00,18081,gor01_one_2006-6-09_1-22-43
885,file,/umms-kdiba/Data/Output/collected_outputs/figures/_temp_individual_posteriors/2026-09-16/gor01_one_2006-6-09_1-22-43/ripple/combined/multi/,p_x_given_n[190].png,2026-09-16 20:44:12+00:00,14326,gor01_one_2006-6-09_1-22-43
886,file,/umms-kdiba/Data/Output/collected_outputs/figures/_temp_individual_posteriors/2026-09-16/gor01_one_2006-6-09_1-22-43/ripple/combined/multi/,p_x_given_n[191].png,2026-09-16 20:44:12+00:00,17140,gor01_one_2006-6-09_1-22-43
887,file,/umms-kdiba/Data/Output/collected_outputs/figures/_temp_individual_posteriors/2026-09-16/gor01_one_2006-6-09_1-22-43/ripple/combined/multi/,p_x_given_n[192].png,2026-09-16 20:44:12+00:00,17449,gor01_one_2006-6-09_1-22-43
888,file,/umms-kdiba/Data/Output/collected_outputs/figures/_temp_individual_posteriors/2026-09-16/gor01_one_2006-6-09_1-22-43/ripple/combined/multi/,p_x_given_n[193].png,2026-09-16 20:44:12+00:00,14763,gor01_one_2006-6-09_1-22-43
889,file,/umms-kdiba/Data/Output/collected_outputs/figures/_temp_individual_posteriors/2026-09-16/gor01_one_2006-6-09_1-22-43/ripple/combined/multi/,p_x_given_n[194].png,2026-09-16 20:44:12+00:00,15241,gor01_one_2006-6-09_1-22-43
890,file,/umms-kdiba/Data/Output/collected_outputs/figures/_temp_individual_posteriors/2026-09-16/gor01_one_2006-6-09_1-22-43/ripple/combined/multi/,p_x_given_n[195].png,2026-09-16 20:44:12+00:00,5528,gor01_one_2006-6-09_1-22-43
891,file,/umms-kdiba/Data/Output/collected_outputs/figures/_temp_individual_posteriors/2026-09-16/gor01_one_2006-6-09_1-22-43/ripple/combined/multi/,p_x_given_n[196].png,2026-09-16 20:44:12+00:00,20194,gor01_one_2006-6-09_1-22-43
892,file,/umms-kdiba/Data/Output/collected_outputs/figures/_temp_individual_posteriors/2026-09-16/gor01_one_2006-6-09_1-22-43/ripple/combined/multi/,p_x_given_n[197].png,2026-09-16 20:44:12+00:00,12292,gor01_one_2006-6-09_1-22-43
893,file,/umms-kdiba/Data/Output/collected_outputs/figures/_temp_individual_posteriors/2026-09-16/gor01_one_2006-6-09_1-22-43/ripple/combined/multi/,p_x_given_n[126].png,2026-09-16 20:44:11+00:00,9628,gor01_one_2006-6-09_1-22-43
894,file,/umms-kdiba/Data/Output/collected_outputs/figures/_temp_individual_posteriors/2026-09-16/gor01_one_2006-6-09_1-22-43/ripple/combined/multi/,p_x_given_n[127].png,2026-09-16 20:44:11+00:00,8604,gor01_one_2006-6-09_1-22-43
895,file,/umms-kdiba/Data/Output/collected_outputs/figures/_temp_individual_posteriors/2026-09-16/gor01_one_2006-6-09_1-22-43/ripple/combined/multi/,p_x_given_n[128].png,2026-09-16 20:44:11+00:00,23654,gor01_one_2006-6-09_1-22-43
896,file,/umms-kdiba/Data/Output/collected_outputs/figures/_temp_individual_posteriors/2026-09-16/gor01_one_2006-6-09_1-22-43/ripple/combined/multi/,p_x_given_n[129].png,2026-09-16 20:44:11+00:00,23307,gor01_one_2006-6-09_1-22-43
897,file,/umms-kdiba/Data/Output/collected_outputs/figures/_temp_individual_posteriors/2026-09-16/gor01_one_2006-6-09_1-22-43/ripple/combined/multi/,p_x_given_n[130].png,2026-09-16 20:44:11+00:00,13347,gor01_one_2006-6-09_1-22-43
898,file,/umms-kdiba/Data/Output/collected_outputs/figures/_temp_individual_posteriors/2026-09-16/gor01_one_2006-6-09_1-22-43/ripple/combined/multi/,p_x_given_n[131].png,2026-09-16 20:44:11+00:00,16910,gor01_one_2006-6-09_1-22-43
899,file,/umms-kdiba/Data/Output/collected_outputs/figures/_temp_individual_posteriors/2026-09-16/gor01_one_2006-6-09_1-22-43/ripple/combined/multi/,p_x_given_n[132].png,2026-09-16 20:44:11+00:00,21149,gor01_one_2006-6-09_1-22-43
900,file,/umms-kdiba/Data/Output/collected_outputs/figures/_temp_individual_posteriors/2026-09-16/gor01_one_2006-6-09_1-22-43/ripple/combined/multi/,p_x_given_n[133].png,2026-09-16 20:44:11+00:00,13497,gor01_one_2006-6-09_1-22-43
901,file,/umms-kdiba/Data/Output/collected_outputs/figures/_temp_individual_posteriors/2026-09-16/gor01_one_2006-6-09_1-22-43/ripple/combined/multi/,p_x_given_n[134].png,2026-09-16 20:44:11+00:00,16606,gor01_one_2006-6-09_1-22-43
902,file,/umms-kdiba/Data/Output/collected_outputs/figures/_temp_individual_posteriors/2026-09-16/gor01_one_2006-6-09_1-22-43/ripple/combined/multi/,p_x_given_n[135].png,2026-09-16 20:44:11+00:00,26416,gor01_one_2006-6-09_1-22-43
903,file,/umms-kdiba/Data/Output/collected_outputs/figures/_temp_individual_posteriors/2026-09-16/gor01_one_2006-6-09_1-22-43/ripple/combined/multi/,p_x_given_n[136].png,2026-09-16 20:44:11+00:00,24033,gor01_one_2006-6-09_1-22-43
904,file,/umms-kdiba/Data/Output/collected_outputs/figures/_temp_individual_posteriors/2026-09-16/gor01_one_2006-6-09_1-22-43/ripple/combined/multi/,p_x_given_n[137].png,2026-09-16 20:44:11+00:00,16923,gor01_one_2006-6-09_1-22-43
905,file,/umms-kdiba/Data/Output/collected_outputs/figures/_temp_individual_posteriors/2026-09-16/gor01_one_2006-6-09_1-22-43/ripple/combined/multi/,p_x_given_n[138].png,2026-09-16 20:44:11+00:00,11667,gor01_one_2006-6-09_1-22-43
906,file,/umms-kdiba/Data/Output/collected_outputs/figures/_temp_individual_posteriors/2026-09-16/gor01_one_2006-6-09_1-22-43/ripple/combined/multi/,p_x_given_n[139].png,2026-09-16 20:44:11+00:00,17102,gor01_one_2006-6-09_1-22-43
907,file,/umms-kdiba/Data/Output/collected_outputs/figures/_temp_individual_posteriors/2026-09-16/gor01_one_2006-6-09_1-22-43/ripple/combined/multi/,p_x_given_n[140].png,2026-09-16 20:44:11+00:00,16519,gor01_one_2006-6-09_1-22-43
908,file,/umms-kdiba/Data/Output/collected_outputs/figures/_temp_individual_posteriors/2026-09-16/gor01_one_2006-6-09_1-22-43/ripple/combined/multi/,p_x_given_n[141].png,2026-09-16 20:44:11+00:00,6039,gor01_one_2006-6-09_1-22-43
909,file,/umms-kdiba/Data/Output/collected_outputs/figures/_temp_individual_posteriors/2026-09-16/gor01_one_2006-6-09_1-22-43/ripple/combined/multi/,p_x_given_n[142].png,2026-09-16 20:44:11+00:00,12810,gor01_one_2006-6-09_1-22-43
910,file,/umms-kdiba/Data/Output/collected_outputs/figures/_temp_individual_posteriors/2026-09-16/gor01_one_2006-6-09_1-22-43/ripple/combined/multi/,p_x_given_n[143].png,2026-09-16 20:44:11+00:00,12390,gor01_one_2006-6-09_1-22-43
911,file,/umms-kdiba/Data/Output/collected_outputs/figures/_temp_individual_posteriors/2026-09-16/gor01_one_2006-6-09_1-22-43/ripple/combined/multi/,p_x_given_n[144].png,2026-09-16 20:44:11+00:00,8198,gor01_one_2006-6-09_1-22-43
912,file,/umms-kdiba/Data/Output/collected_outputs/figures/_temp_individual_posteriors/2026-09-16/gor01_one_2006-6-09_1-22-43/ripple/combined/multi/,p_x_given_n[145].png,2026-09-16 20:44:11+00:00,17798,gor01_one_2006-6-09_1-22-43
913,file,/umms-kdiba/Data/Output/collected_outputs/figures/_temp_individual_posteriors/2026-09-16/gor01_one_2006-6-09_1-22-43/ripple/combined/multi/,p_x_given_n[146].png,2026-09-16 20:44:11+00:00,17820,gor01_one_2006-6-09_1-22-43
914,file,/umms-kdiba/Data/Output/collected_outputs/figures/_temp_individual_posteriors/2026-09-16/gor01_one_2006-6-09_1-22-43/ripple/combined/multi/,p_x_given_n[147].png,2026-09-16 20:44:11+00:00,12011,gor01_one_2006-6-09_1-22-43
915,file,/umms-kdiba/Data/Output/collected_outputs/figures/_temp_individual_posteriors/2026-09-16/gor01_one_2006-6-09_1-22-43/ripple/combined/multi/,p_x_given_n[148].png,2026-09-16 20:44:11+00:00,15687,gor01_one_2006-6-09_1-22-43
916,file,/umms-kdiba/Data/Output/collected_outputs/figures/_temp_individual_posteriors/2026-09-16/gor01_one_2006-6-09_1-22-43/ripple/combined/multi/,p_x_given_n[149].png,2026-09-16 20:44:11+00:00,28056,gor01_one_2006-6-09_1-22-43
917,file,/umms-kdiba/Data/Output/collected_outputs/figures/_temp_individual_posteriors/2026-09-16/gor01_one_2006-6-09_1-22-43/ripple/combined/multi/,p_x_given_n[150].png,2026-09-16 20:44:11+00:00,11328,gor01_one_2006-6-09_1-22-43
918,file,/umms-kdiba/Data/Output/collected_outputs/figures/_temp_individual_posteriors/2026-09-16/gor01_one_2006-6-09_1-22-43/ripple/combined/multi/,p_x_given_n[151].png,2026-09-16 20:44:11+00:00,20285,gor01_one_2006-6-09_1-22-43
919,file,/umms-kdiba/Data/Output/collected_outputs/figures/_temp_individual_posteriors/2026-09-16/gor01_one_2006-6-09_1-22-43/ripple/combined/multi/,p_x_given_n[152].png,2026-09-16 20:44:11+00:00,18135,gor01_one_2006-6-09_1-22-43
920,file,/umms-kdiba/Data/Output/collected_outputs/figures/_temp_individual_posteriors/2026-09-16/gor01_one_2006-6-09_1-22-43/ripple/combined/multi/,p_x_given_n[153].png,2026-09-16 20:44:11+00:00,15203,gor01_one_2006-6-09_1-22-43
921,file,/umms-kdiba/Data/Output/collected_outputs/figures/_temp_individual_posteriors/2026-09-16/gor01_one_2006-6-09_1-22-43/ripple/combined/multi/,p_x_given_n[154].png,2026-09-16 20:44:11+00:00,15570,gor01_one_2006-6-09_1-22-43
922,file,/umms-kdiba/Data/Output/collected_outputs/figures/_temp_individual_posteriors/2026-09-16/gor01_one_2006-6-09_1-22-43/ripple/combined/multi/,p_x_given_n[155].png,2026-09-16 20:44:11+00:00,16801,gor01_one_2006-6-09_1-22-43
923,file,/umms-kdiba/Data/Output/collected_outputs/figures/_temp_individual_posteriors/2026-09-16/gor01_one_2006-6-09_1-22-43/ripple/combined/multi/,p_x_given_n[156].png,2026-09-16 20:44:11+00:00,21553,gor01_one_2006-6-09_1-22-43
924,file,/umms-kdiba/Data/Output/collected_outputs/figures/_temp_individual_posteriors/2026-09-16/gor01_one_2006-6-09_1-22-43/ripple/combined/multi/,p_x_given_n[157].png,2026-09-16 20:44:11+00:00,13527,gor01_one_2006-6-09_1-22-43
925,file,/umms-kdiba/Data/Output/collected_outputs/figures/_temp_individual_posteriors/2026-09-16/gor01_one_2006-6-09_1-22-43/ripple/combined/multi/,p_x_given_n[158].png,2026-09-16 20:44:11+00:00,22074,gor01_one_2006-6-09_1-22-43
926,file,/umms-kdiba/Data/Output/collected_outputs/figures/_temp_individual_posteriors/2026-09-16/gor01_one_2006-6-09_1-22-43/ripple/combined/multi/,p_x_given_n[159].png,2026-09-16 20:44:11+00:00,4048,gor01_one_2006-6-09_1-22-43
927,file,/umms-kdiba/Data/Output/collected_outputs/figures/_temp_individual_posteriors/2026-09-16/gor01_one_2006-6-09_1-22-43/ripple/combined/multi/,p_x_given_n[094].png,2026-09-16 20:44:10+00:00,20219,gor01_one_2006-6-09_1-22-43
928,file,/umms-kdiba/Data/Output/collected_outputs/figures/_temp_individual_posteriors/2026-09-16/gor01_one_2006-6-09_1-22-43/ripple/combined/multi/,p_x_given_n[095].png,2026-09-16 20:44:10+00:00,25297,gor01_one_2006-6-09_1-22-43
929,file,/umms-kdiba/Data/Output/collected_outputs/figures/_temp_individual_posteriors/2026-09-16/gor01_one_2006-6-09_1-22-43/ripple/combined/multi/,p_x_given_n[096].png,2026-09-16 20:44:10+00:00,25002,gor01_one_2006-6-09_1-22-43
930,file,/umms-kdiba/Data/Output/collected_outputs/figures/_temp_individual_posteriors/2026-09-16/gor01_one_2006-6-09_1-22-43/ripple/combined/multi/,p_x_given_n[097].png,2026-09-16 20:44:10+00:00,13228,gor01_one_2006-6-09_1-22-43
931,file,/umms-kdiba/Data/Output/collected_outputs/figures/_temp_individual_posteriors/2026-09-16/gor01_one_2006-6-09_1-22-43/ripple/combined/multi/,p_x_given_n[098].png,2026-09-16 20:44:10+00:00,23485,gor01_one_2006-6-09_1-22-43
932,file,/umms-kdiba/Data/Output/collected_outputs/figures/_temp_individual_posteriors/2026-09-16/gor01_one_2006-6-09_1-22-43/ripple/combined/multi/,p_x_given_n[099].png,2026-09-16 20:44:10+00:00,28123,gor01_one_2006-6-09_1-22-43
933,file,/umms-kdiba/Data/Output/collected_outputs/figures/_temp_individual_posteriors/2026-09-16/gor01_one_2006-6-09_1-22-43/ripple/combined/multi/,p_x_given_n[100].png,2026-09-16 20:44:10+00:00,20995,gor01_one_2006-6-09_1-22-43
934,file,/umms-kdiba/Data/Output/collected_outputs/figures/_temp_individual_posteriors/2026-09-16/gor01_one_2006-6-09_1-22-43/ripple/combined/multi/,p_x_given_n[101].png,2026-09-16 20:44:10+00:00,21740,gor01_one_2006-6-09_1-22-43
935,file,/umms-kdiba/Data/Output/collected_outputs/figures/_temp_individual_posteriors/2026-09-16/gor01_one_2006-6-09_1-22-43/ripple/combined/multi/,p_x_given_n[102].png,2026-09-16 20:44:10+00:00,13514,gor01_one_2006-6-09_1-22-43
936,file,/umms-kdiba/Data/Output/collected_outputs/figures/_temp_individual_posteriors/2026-09-16/gor01_one_2006-6-09_1-22-43/ripple/combined/multi/,p_x_given_n[103].png,2026-09-16 20:44:10+00:00,14268,gor01_one_2006-6-09_1-22-43
937,file,/umms-kdiba/Data/Output/collected_outputs/figures/_temp_individual_posteriors/2026-09-16/gor01_one_2006-6-09_1-22-43/ripple/combined/multi/,p_x_given_n[104].png,2026-09-16 20:44:10+00:00,12567,gor01_one_2006-6-09_1-22-43
938,file,/umms-kdiba/Data/Output/collected_outputs/figures/_temp_individual_posteriors/2026-09-16/gor01_one_2006-6-09_1-22-43/ripple/combined/multi/,p_x_given_n[105].png,2026-09-16 20:44:10+00:00,9634,gor01_one_2006-6-09_1-22-43
939,file,/umms-kdiba/Data/Output/collected_outputs/figures/_temp_individual_posteriors/2026-09-16/gor01_one_2006-6-09_1-22-43/ripple/combined/multi/,p_x_given_n[106].png,2026-09-16 20:44:10+00:00,9621,gor01_one_2006-6-09_1-22-43
940,file,/umms-kdiba/Data/Output/collected_outputs/figures/_temp_individual_posteriors/2026-09-16/gor01_one_2006-6-09_1-22-43/ripple/combined/multi/,p_x_given_n[107].png,2026-09-16 20:44:10+00:00,21907,gor01_one_2006-6-09_1-22-43
941,file,/umms-kdiba/Data/Output/collected_outputs/figures/_temp_individual_posteriors/2026-09-16/gor01_one_2006-6-09_1-22-43/ripple/combined/multi/,p_x_given_n[108].png,2026-09-16 20:44:10+00:00,14646,gor01_one_2006-6-09_1-22-43
942,file,/umms-kdiba/Data/Output/collected_outputs/figures/_temp_individual_posteriors/2026-09-16/gor01_one_2006-6-09_1-22-43/ripple/combined/multi/,p_x_given_n[109].png,2026-09-16 20:44:10+00:00,12812,gor01_one_2006-6-09_1-22-43
943,file,/umms-kdiba/Data/Output/collected_outputs/figures/_temp_individual_posteriors/2026-09-16/gor01_one_2006-6-09_1-22-43/ripple/combined/multi/,p_x_given_n[111].png,2026-09-16 20:44:10+00:00,16482,gor01_one_2006-6-09_1-22-43
944,file,/umms-kdiba/Data/Output/collected_outputs/figures/_temp_individual_posteriors/2026-09-16/gor01_one_2006-6-09_1-22-43/ripple/combined/multi/,p_x_given_n[112].png,2026-09-16 20:44:10+00:00,11365,gor01_one_2006-6-09_1-22-43
945,file,/umms-kdiba/Data/Output/collected_outputs/figures/_temp_individual_posteriors/2026-09-16/gor01_one_2006-6-09_1-22-43/ripple/combined/multi/,p_x_given_n[113].png,2026-09-16 20:44:10+00:00,18985,gor01_one_2006-6-09_1-22-43
946,file,/umms-kdiba/Data/Output/collected_outputs/figures/_temp_individual_posteriors/2026-09-16/gor01_one_2006-6-09_1-22-43/ripple/combined/multi/,p_x_given_n[114].png,2026-09-16 20:44:10+00:00,15221,gor01_one_2006-6-09_1-22-43
947,file,/umms-kdiba/Data/Output/collected_outputs/figures/_temp_individual_posteriors/2026-09-16/gor01_one_2006-6-09_1-22-43/ripple/combined/multi/,p_x_given_n[115].png,2026-09-16 20:44:10+00:00,22047,gor01_one_2006-6-09_1-22-43
948,file,/umms-kdiba/Data/Output/collected_outputs/figures/_temp_individual_posteriors/2026-09-16/gor01_one_2006-6-09_1-22-43/ripple/combined/multi/,p_x_given_n[116].png,2026-09-16 20:44:10+00:00,16354,gor01_one_2006-6-09_1-22-43
949,file,/umms-kdiba/Data/Output/collected_outputs/figures/_temp_individual_posteriors/2026-09-16/gor01_one_2006-6-09_1-22-43/ripple/combined/multi/,p_x_given_n[117].png,2026-09-16 20:44:10+00:00,10810,gor01_one_2006-6-09_1-22-43
950,file,/umms-kdiba/Data/Output/collected_outputs/figures/_temp_individual_posteriors/2026-09-16/gor01_one_2006-6-09_1-22-43/ripple/combined/multi/,p_x_given_n[118].png,2026-09-16 20:44:10+00:00,8288,gor01_one_2006-6-09_1-22-43
951,file,/umms-kdiba/Data/Output/collected_outputs/figures/_temp_individual_posteriors/2026-09-16/gor01_one_2006-6-09_1-22-43/ripple/combined/multi/,p_x_given_n[119].png,2026-09-16 20:44:10+00:00,12479,gor01_one_2006-6-09_1-22-43
952,file,/umms-kdiba/Data/Output/collected_outputs/figures/_temp_individual_posteriors/2026-09-16/gor01_one_2006-6-09_1-22-43/ripple/combined/multi/,p_x_given_n[120].png,2026-09-16 20:44:10+00:00,12332,gor01_one_2006-6-09_1-22-43
953,file,/umms-kdiba/Data/Output/collected_outputs/figures/_temp_individual_posteriors/2026-09-16/gor01_one_2006-6-09_1-22-43/ripple/combined/multi/,p_x_given_n[121].png,2026-09-16 20:44:10+00:00,23419,gor01_one_2006-6-09_1-22-43
954,file,/umms-kdiba/Data/Output/collected_outputs/figures/_temp_individual_posteriors/2026-09-16/gor01_one_2006-6-09_1-22-43/ripple/combined/multi/,p_x_given_n[122].png,2026-09-16 20:44:10+00:00,15781,gor01_one_2006-6-09_1-22-43
955,file,/umms-kdiba/Data/Output/collected_outputs/figures/_temp_individual_posteriors/2026-09-16/gor01_one_2006-6-09_1-22-43/ripple/combined/multi/,p_x_given_n[123].png,2026-09-16 20:44:10+00:00,18164,gor01_one_2006-6-09_1-22-43
956,file,/umms-kdiba/Data/Output/collected_outputs/figures/_temp_individual_posteriors/2026-09-16/gor01_one_2006-6-09_1-22-43/ripple/combined/multi/,p_x_given_n[124].png,2026-09-16 20:44:10+00:00,16869,gor01_one_2006-6-09_1-22-43
957,file,/umms-kdiba/Data/Output/collected_outputs/figures/_temp_individual_posteriors/2026-09-16/gor01_one_2006-6-09_1-22-43/ripple/combined/multi/,p_x_given_n[125].png,2026-09-16 20:44:10+00:00,26452,gor01_one_2006-6-09_1-22-43
958,file,/umms-kdiba/Data/Output/collected_outputs/figures/_temp_individual_posteriors/2026-09-16/gor01_one_2006-6-09_1-22-43/ripple/combined/multi/,p_x_given_n[063].png,2026-09-16 20:44:09+00:00,15408,gor01_one_2006-6-09_1-22-43
959,file,/umms-kdiba/Data/Output/collected_outputs/figures/_temp_individual_posteriors/2026-09-16/gor01_one_2006-6-09_1-22-43/ripple/combined/multi/,p_x_given_n[064].png,2026-09-16 20:44:09+00:00,9667,gor01_one_2006-6-09_1-22-43
960,file,/umms-kdiba/Data/Output/collected_outputs/figures/_temp_individual_posteriors/2026-09-16/gor01_one_2006-6-09_1-22-43/ripple/combined/multi/,p_x_given_n[065].png,2026-09-16 20:44:09+00:00,15709,gor01_one_2006-6-09_1-22-43
961,file,/umms-kdiba/Data/Output/collected_outputs/figures/_temp_individual_posteriors/2026-09-16/gor01_one_2006-6-09_1-22-43/ripple/combined/multi/,p_x_given_n[066].png,2026-09-16 20:44:09+00:00,16196,gor01_one_2006-6-09_1-22-43
962,file,/umms-kdiba/Data/Output/collected_outputs/figures/_temp_individual_posteriors/2026-09-16/gor01_one_2006-6-09_1-22-43/ripple/combined/multi/,p_x_given_n[067].png,2026-09-16 20:44:09+00:00,16956,gor01_one_2006-6-09_1-22-43
963,file,/umms-kdiba/Data/Output/collected_outputs/figures/_temp_individual_posteriors/2026-09-16/gor01_one_2006-6-09_1-22-43/ripple/combined/multi/,p_x_given_n[068].png,2026-09-16 20:44:09+00:00,17044,gor01_one_2006-6-09_1-22-43
964,file,/umms-kdiba/Data/Output/collected_outputs/figures/_temp_individual_posteriors/2026-09-16/gor01_one_2006-6-09_1-22-43/ripple/combined/multi/,p_x_given_n[069].png,2026-09-16 20:44:09+00:00,28478,gor01_one_2006-6-09_1-22-43
965,file,/umms-kdiba/Data/Output/collected_outputs/figures/_temp_individual_posteriors/2026-09-16/gor01_one_2006-6-09_1-22-43/ripple/combined/multi/,p_x_given_n[070].png,2026-09-16 20:44:09+00:00,14256,gor01_one_2006-6-09_1-22-43
966,file,/umms-kdiba/Data/Output/collected_outputs/figures/_temp_individual_posteriors/2026-09-16/gor01_one_2006-6-09_1-22-43/ripple/combined/multi/,p_x_given_n[071].png,2026-09-16 20:44:09+00:00,20777,gor01_one_2006-6-09_1-22-43
967,file,/umms-kdiba/Data/Output/collected_outputs/figures/_temp_individual_posteriors/2026-09-16/gor01_one_2006-6-09_1-22-43/ripple/combined/multi/,p_x_given_n[072].png,2026-09-16 20:44:09+00:00,20479,gor01_one_2006-6-09_1-22-43
968,file,/umms-kdiba/Data/Output/collected_outputs/figures/_temp_individual_posteriors/2026-09-16/gor01_one_2006-6-09_1-22-43/ripple/combined/multi/,p_x_given_n[073].png,2026-09-16 20:44:09+00:00,21346,gor01_one_2006-6-09_1-22-43
969,file,/umms-kdiba/Data/Output/collected_outputs/figures/_temp_individual_posteriors/2026-09-16/gor01_one_2006-6-09_1-22-43/ripple/combined/multi/,p_x_given_n[074].png,2026-09-16 20:44:09+00:00,16319,gor01_one_2006-6-09_1-22-43
970,file,/umms-kdiba/Data/Output/collected_outputs/figures/_temp_individual_posteriors/2026-09-16/gor01_one_2006-6-09_1-22-43/ripple/combined/multi/,p_x_given_n[075].png,2026-09-16 20:44:09+00:00,15573,gor01_one_2006-6-09_1-22-43
971,file,/umms-kdiba/Data/Output/collected_outputs/figures/_temp_individual_posteriors/2026-09-16/gor01_one_2006-6-09_1-22-43/ripple/combined/multi/,p_x_given_n[076].png,2026-09-16 20:44:09+00:00,20426,gor01_one_2006-6-09_1-22-43
972,file,/umms-kdiba/Data/Output/collected_outputs/figures/_temp_individual_posteriors/2026-09-16/gor01_one_2006-6-09_1-22-43/ripple/combined/multi/,p_x_given_n[077].png,2026-09-16 20:44:09+00:00,11332,gor01_one_2006-6-09_1-22-43
973,file,/umms-kdiba/Data/Output/collected_outputs/figures/_temp_individual_posteriors/2026-09-16/gor01_one_2006-6-09_1-22-43/ripple/combined/multi/,p_x_given_n[078].png,2026-09-16 20:44:09+00:00,25922,gor01_one_2006-6-09_1-22-43
974,file,/umms-kdiba/Data/Output/collected_outputs/figures/_temp_individual_posteriors/2026-09-16/gor01_one_2006-6-09_1-22-43/ripple/combined/multi/,p_x_given_n[079].png,2026-09-16 20:44:09+00:00,16165,gor01_one_2006-6-09_1-22-43
975,file,/umms-kdiba/Data/Output/collected_outputs/figures/_temp_individual_posteriors/2026-09-16/gor01_one_2006-6-09_1-22-43/ripple/combined/multi/,p_x_given_n[080].png,2026-09-16 20:44:09+00:00,31281,gor01_one_2006-6-09_1-22-43
976,file,/umms-kdiba/Data/Output/collected_outputs/figures/_temp_individual_posteriors/2026-09-16/gor01_one_2006-6-09_1-22-43/ripple/combined/multi/,p_x_given_n[081].png,2026-09-16 20:44:09+00:00,19756,gor01_one_2006-6-09_1-22-43
977,file,/umms-kdiba/Data/Output/collected_outputs/figures/_temp_individual_posteriors/2026-09-16/gor01_one_2006-6-09_1-22-43/ripple/combined/multi/,p_x_given_n[082].png,2026-09-16 20:44:09+00:00,20471,gor01_one_2006-6-09_1-22-43
978,file,/umms-kdiba/Data/Output/collected_outputs/figures/_temp_individual_posteriors/2026-09-16/gor01_one_2006-6-09_1-22-43/ripple/combined/multi/,p_x_given_n[083].png,2026-09-16 20:44:09+00:00,23688,gor01_one_2006-6-09_1-22-43
979,file,/umms-kdiba/Data/Output/collected_outputs/figures/_temp_individual_posteriors/2026-09-16/gor01_one_2006-6-09_1-22-43/ripple/combined/multi/,p_x_given_n[084].png,2026-09-16 20:44:09+00:00,13737,gor01_one_2006-6-09_1-22-43
980,file,/umms-kdiba/Data/Output/collected_outputs/figures/_temp_individual_posteriors/2026-09-16/gor01_one_2006-6-09_1-22-43/ripple/combined/multi/,p_x_given_n[085].png,2026-09-16 20:44:09+00:00,24156,gor01_one_2006-6-09_1-22-43
981,file,/umms-kdiba/Data/Output/collected_outputs/figures/_temp_individual_posteriors/2026-09-16/gor01_one_2006-6-09_1-22-43/ripple/combined/multi/,p_x_given_n[086].png,2026-09-16 20:44:09+00:00,15315,gor01_one_2006-6-09_1-22-43
982,file,/umms-kdiba/Data/Output/collected_outputs/figures/_temp_individual_posteriors/2026-09-16/gor01_one_2006-6-09_1-22-43/ripple/combined/multi/,p_x_given_n[087].png,2026-09-16 20:44:09+00:00,17474,gor01_one_2006-6-09_1-22-43
983,file,/umms-kdiba/Data/Output/collected_outputs/figures/_temp_individual_posteriors/2026-09-16/gor01_one_2006-6-09_1-22-43/ripple/combined/multi/,p_x_given_n[088].png,2026-09-16 20:44:09+00:00,26417,gor01_one_2006-6-09_1-22-43
984,file,/umms-kdiba/Data/Output/collected_outputs/figures/_temp_individual_posteriors/2026-09-16/gor01_one_2006-6-09_1-22-43/ripple/combined/multi/,p_x_given_n[089].png,2026-09-16 20:44:09+00:00,22269,gor01_one_2006-6-09_1-22-43
985,file,/umms-kdiba/Data/Output/collected_outputs/figures/_temp_individual_posteriors/2026-09-16/gor01_one_2006-6-09_1-22-43/ripple/combined/multi/,p_x_given_n[090].png,2026-09-16 20:44:09+00:00,14608,gor01_one_2006-6-09_1-22-43
986,file,/umms-kdiba/Data/Output/collected_outputs/figures/_temp_individual_posteriors/2026-09-16/gor01_one_2006-6-09_1-22-43/ripple/combined/multi/,p_x_given_n[091].png,2026-09-16 20:44:09+00:00,21784,gor01_one_2006-6-09_1-22-43
987,file,/umms-kdiba/Data/Output/collected_outputs/figures/_temp_individual_posteriors/2026-09-16/gor01_one_2006-6-09_1-22-43/ripple/combined/multi/,p_x_given_n[092].png,2026-09-16 20:44:09+00:00,12164,gor01_one_2006-6-09_1-22-43
988,file,/umms-kdiba/Data/Output/collected_outputs/figures/_temp_individual_posteriors/2026-09-16/gor01_one_2006-6-09_1-22-43/ripple/combined/multi/,p_x_given_n[093].png,2026-09-16 20:44:09+00:00,11129,gor01_one_2006-6-09_1-22-43
989,file,/umms-kdiba/Data/Output/collected_outputs/figures/_temp_individual_posteriors/2026-09-16/gor01_one_2006-6-09_1-22-43/ripple/combined/multi/,p_x_given_n[029].png,2026-09-16 20:44:08+00:00,13250,gor01_one_2006-6-09_1-22-43
990,file,/umms-kdiba/Data/Output/collected_outputs/figures/_temp_individual_posteriors/2026-09-16/gor01_one_2006-6-09_1-22-43/ripple/combined/multi/,p_x_given_n[030].png,2026-09-16 20:44:08+00:00,12033,gor01_one_2006-6-09_1-22-43
991,file,/umms-kdiba/Data/Output/collected_outputs/figures/_temp_individual_posteriors/2026-09-16/gor01_one_2006-6-09_1-22-43/ripple/combined/multi/,p_x_given_n[031].png,2026-09-16 20:44:08+00:00,25391,gor01_one_2006-6-09_1-22-43
992,file,/umms-kdiba/Data/Output/collected_outputs/figures/_temp_individual_posteriors/2026-09-16/gor01_one_2006-6-09_1-22-43/ripple/combined/multi/,p_x_given_n[032].png,2026-09-16 20:44:08+00:00,16648,gor01_one_2006-6-09_1-22-43
993,file,/umms-kdiba/Data/Output/collected_outputs/figures/_temp_individual_posteriors/2026-09-16/gor01_one_2006-6-09_1-22-43/ripple/combined/multi/,p_x_given_n[033].png,2026-09-16 20:44:08+00:00,12579,gor01_one_2006-6-09_1-22-43
994,file,/umms-kdiba/Data/Output/collected_outputs/figures/_temp_individual_posteriors/2026-09-16/gor01_one_2006-6-09_1-22-43/ripple/combined/multi/,p_x_given_n[034].png,2026-09-16 20:44:08+00:00,13282,gor01_one_2006-6-09_1-22-43
995,file,/umms-kdiba/Data/Output/collected_outputs/figures/_temp_individual_posteriors/2026-09-16/gor01_one_2006-6-09_1-22-43/ripple/combined/multi/,p_x_given_n[035].png,2026-09-16 20:44:08+00:00,16529,gor01_one_2006-6-09_1-22-43
996,file,/umms-kdiba/Data/Output/collected_outputs/figures/_temp_individual_posteriors/2026-09-16/gor01_one_2006-6-09_1-22-43/ripple/combined/multi/,p_x_given_n[036].png,2026-09-16 20:44:08+00:00,14143,gor01_one_2006-6-09_1-22-43
997,file,/umms-kdiba/Data/Output/collected_outputs/figures/_temp_individual_posteriors/2026-09-16/gor01_one_2006-6-09_1-22-43/ripple/combined/multi/,p_x_given_n[037].png,2026-09-16 20:44:08+00:00,12999,gor01_one_2006-6-09_1-22-43
998,file,/umms-kdiba/Data/Output/collected_outputs/figures/_temp_individual_posteriors/2026-09-16/gor01_one_2006-6-09_1-22-43/ripple/combined/multi/,p_x_given_n[038].png,2026-09-16 20:44:08+00:00,23422,gor01_one_2006-6-09_1-22-43
999,file,/umms-kdiba/Data/Output/collected_outputs/figures/_temp_individual_posteriors/2026-09-16/gor01_one_2006-6-09_1-22-43/ripple/combined/multi/,p_x_given_n[039].png,2026-09-16 20:44:08+00:00,20560,gor01_one_2006-6-09_1-22-43
1000,file,/umms-kdiba/Data/Output/collected_outputs/figures/_temp_individual_posteriors/2026-09-16/gor01_one_2006-6-09_1-22-43/ripple/combined/multi/,p_x_given_n[040].png,2026-09-16 20:44:08+00:00,23732,gor01_one_2006-6-09_1-22-43
1001,file,/umms-kdiba/Data/Output/collected_outputs/figures/_temp_individual_posteriors/2026-09-16/gor01_one_2006-6-09_1-22-43/ripple/combined/multi/,p_x_given_n[041].png,2026-09-16 20:44:08+00:00,9259,gor01_one_2006-6-09_1-22-43
1002,file,/umms-kdiba/Data/Output/collected_outputs/figures/_temp_individual_posteriors/2026-09-16/gor01_one_2006-6-09_1-22-43/ripple/combined/multi/,p_x_given_n[042].png,2026-09-16 20:44:08+00:00,11950,gor01_one_2006-6-09_1-22-43
1003,file,/umms-kdiba/Data/Output/collected_outputs/figures/_temp_individual_posteriors/2026-09-16/gor01_one_2006-6-09_1-22-43/ripple/combined/multi/,p_x_given_n[043].png,2026-09-16 20:44:08+00:00,13479,gor01_one_2006-6-09_1-22-43
1004,file,/umms-kdiba/Data/Output/collected_outputs/figures/_temp_individual_posteriors/2026-09-16/gor01_one_2006-6-09_1-22-43/ripple/combined/multi/,p_x_given_n[044].png,2026-09-16 20:44:08+00:00,23891,gor01_one_2006-6-09_1-22-43
1005,file,/umms-kdiba/Data/Output/collected_outputs/figures/_temp_individual_posteriors/2026-09-16/gor01_one_2006-6-09_1-22-43/ripple/combined/multi/,p_x_given_n[046].png,2026-09-16 20:44:08+00:00,18712,gor01_one_2006-6-09_1-22-43
1006,file,/umms-kdiba/Data/Output/collected_outputs/figures/_temp_individual_posteriors/2026-09-16/gor01_one_2006-6-09_1-22-43/ripple/combined/multi/,p_x_given_n[047].png,2026-09-16 20:44:08+00:00,22106,gor01_one_2006-6-09_1-22-43
1007,file,/umms-kdiba/Data/Output/collected_outputs/figures/_temp_individual_posteriors/2026-09-16/gor01_one_2006-6-09_1-22-43/ripple/combined/multi/,p_x_given_n[048].png,2026-09-16 20:44:08+00:00,26856,gor01_one_2006-6-09_1-22-43
1008,file,/umms-kdiba/Data/Output/collected_outputs/figures/_temp_individual_posteriors/2026-09-16/gor01_one_2006-6-09_1-22-43/ripple/combined/multi/,p_x_given_n[049].png,2026-09-16 20:44:08+00:00,11487,gor01_one_2006-6-09_1-22-43
1009,file,/umms-kdiba/Data/Output/collected_outputs/figures/_temp_individual_posteriors/2026-09-16/gor01_one_2006-6-09_1-22-43/ripple/combined/multi/,p_x_given_n[050].png,2026-09-16 20:44:08+00:00,16471,gor01_one_2006-6-09_1-22-43
1010,file,/umms-kdiba/Data/Output/collected_outputs/figures/_temp_individual_posteriors/2026-09-16/gor01_one_2006-6-09_1-22-43/ripple/combined/multi/,p_x_given_n[051].png,2026-09-16 20:44:08+00:00,12191,gor01_one_2006-6-09_1-22-43
1011,file,/umms-kdiba/Data/Output/collected_outputs/figures/_temp_individual_posteriors/2026-09-16/gor01_one_2006-6-09_1-22-43/ripple/combined/multi/,p_x_given_n[052].png,2026-09-16 20:44:08+00:00,12703,gor01_one_2006-6-09_1-22-43
1012,file,/umms-kdiba/Data/Output/collected_outputs/figures/_temp_individual_posteriors/2026-09-16/gor01_one_2006-6-09_1-22-43/ripple/combined/multi/,p_x_given_n[053].png,2026-09-16 20:44:08+00:00,25898,gor01_one_2006-6-09_1-22-43
1013,file,/umms-kdiba/Data/Output/collected_outputs/figures/_temp_individual_posteriors/2026-09-16/gor01_one_2006-6-09_1-22-43/ripple/combined/multi/,p_x_given_n[054].png,2026-09-16 20:44:08+00:00,16900,gor01_one_2006-6-09_1-22-43
1014,file,/umms-kdiba/Data/Output/collected_outputs/figures/_temp_individual_posteriors/2026-09-16/gor01_one_2006-6-09_1-22-43/ripple/combined/multi/,p_x_given_n[055].png,2026-09-16 20:44:08+00:00,17091,gor01_one_2006-6-09_1-22-43
1015,file,/umms-kdiba/Data/Output/collected_outputs/figures/_temp_individual_posteriors/2026-09-16/gor01_one_2006-6-09_1-22-43/ripple/combined/multi/,p_x_given_n[056].png,2026-09-16 20:44:08+00:00,28740,gor01_one_2006-6-09_1-22-43
1016,file,/umms-kdiba/Data/Output/collected_outputs/figures/_temp_individual_posteriors/2026-09-16/gor01_one_2006-6-09_1-22-43/ripple/combined/multi/,p_x_given_n[057].png,2026-09-16 20:44:08+00:00,20281,gor01_one_2006-6-09_1-22-43
1017,file,/umms-kdiba/Data/Output/collected_outputs/figures/_temp_individual_posteriors/2026-09-16/gor01_one_2006-6-09_1-22-43/ripple/combined/multi/,p_x_given_n[058].png,2026-09-16 20:44:08+00:00,14458,gor01_one_2006-6-09_1-22-43
1018,file,/umms-kdiba/Data/Output/collected_outputs/figures/_temp_individual_posteriors/2026-09-16/gor01_one_2006-6-09_1-22-43/ripple/combined/multi/,p_x_given_n[059].png,2026-09-16 20:44:08+00:00,16384,gor01_one_2006-6-09_1-22-43
1019,file,/umms-kdiba/Data/Output/collected_outputs/figures/_temp_individual_posteriors/2026-09-16/gor01_one_2006-6-09_1-22-43/ripple/combined/multi/,p_x_given_n[060].png,2026-09-16 20:44:08+00:00,14547,gor01_one_2006-6-09_1-22-43
1020,file,/umms-kdiba/Data/Output/collected_outputs/figures/_temp_individual_posteriors/2026-09-16/gor01_one_2006-6-09_1-22-43/ripple/combined/multi/,p_x_given_n[061].png,2026-09-16 20:44:08+00:00,27929,gor01_one_2006-6-09_1-22-43
1021,file,/umms-kdiba/Data/Output/collected_outputs/figures/_temp_individual_posteriors/2026-09-16/gor01_one_2006-6-09_1-22-43/ripple/combined/multi/,p_x_given_n[062].png,2026-09-16 20:44:08+00:00,23477,gor01_one_2006-6-09_1-22-43
1022,file,/umms-kdiba/Data/Output/collected_outputs/figures/_temp_individual_posteriors/2026-09-16/gor01_one_2006-6-09_1-22-43/ripple/combined/multi/,p_x_given_n[000].png,2026-09-16 20:44:07+00:00,6630,gor01_one_2006-6-09_1-22-43
1023,file,/umms-kdiba/Data/Output/collected_outputs/figures/_temp_individual_posteriors/2026-09-16/gor01_one_2006-6-09_1-22-43/ripple/combined/multi/,p_x_given_n[001].png,2026-09-16 20:44:07+00:00,18236,gor01_one_2006-6-09_1-22-43
1024,file,/umms-kdiba/Data/Output/collected_outputs/figures/_temp_individual_posteriors/2026-09-16/gor01_one_2006-6-09_1-22-43/ripple/combined/multi/,p_x_given_n[002].png,2026-09-16 20:44:07+00:00,17916,gor01_one_2006-6-09_1-22-43
1025,file,/umms-kdiba/Data/Output/collected_outputs/figures/_temp_individual_posteriors/2026-09-16/gor01_one_2006-6-09_1-22-43/ripple/combined/multi/,p_x_given_n[003].png,2026-09-16 20:44:07+00:00,15704,gor01_one_2006-6-09_1-22-43
1026,file,/umms-kdiba/Data/Output/collected_outputs/figures/_temp_individual_posteriors/2026-09-16/gor01_one_2006-6-09_1-22-43/ripple/combined/multi/,p_x_given_n[004].png,2026-09-16 20:44:07+00:00,29405,gor01_one_2006-6-09_1-22-43
1027,file,/umms-kdiba/Data/Output/collected_outputs/figures/_temp_individual_posteriors/2026-09-16/gor01_one_2006-6-09_1-22-43/ripple/combined/multi/,p_x_given_n[005].png,2026-09-16 20:44:07+00:00,15506,gor01_one_2006-6-09_1-22-43
1028,file,/umms-kdiba/Data/Output/collected_outputs/figures/_temp_individual_posteriors/2026-09-16/gor01_one_2006-6-09_1-22-43/ripple/combined/multi/,p_x_given_n[006].png,2026-09-16 20:44:07+00:00,23434,gor01_one_2006-6-09_1-22-43
1029,file,/umms-kdiba/Data/Output/collected_outputs/figures/_temp_individual_posteriors/2026-09-16/gor01_one_2006-6-09_1-22-43/ripple/combined/multi/,p_x_given_n[007].png,2026-09-16 20:44:07+00:00,9830,gor01_one_2006-6-09_1-22-43
1030,file,/umms-kdiba/Data/Output/collected_outputs/figures/_temp_individual_posteriors/2026-09-16/gor01_one_2006-6-09_1-22-43/ripple/combined/multi/,p_x_given_n[008].png,2026-09-16 20:44:07+00:00,19141,gor01_one_2006-6-09_1-22-43
1031,file,/umms-kdiba/Data/Output/collected_outputs/figures/_temp_individual_posteriors/2026-09-16/gor01_one_2006-6-09_1-22-43/ripple/combined/multi/,p_x_given_n[009].png,2026-09-16 20:44:07+00:00,24750,gor01_one_2006-6-09_1-22-43
1032,file,/umms-kdiba/Data/Output/collected_outputs/figures/_temp_individual_posteriors/2026-09-16/gor01_one_2006-6-09_1-22-43/ripple/combined/multi/,p_x_given_n[010].png,2026-09-16 20:44:07+00:00,16061,gor01_one_2006-6-09_1-22-43
1033,file,/umms-kdiba/Data/Output/collected_outputs/figures/_temp_individual_posteriors/2026-09-16/gor01_one_2006-6-09_1-22-43/ripple/combined/multi/,p_x_given_n[011].png,2026-09-16 20:44:07+00:00,19799,gor01_one_2006-6-09_1-22-43
1034,file,/umms-kdiba/Data/Output/collected_outputs/figures/_temp_individual_posteriors/2026-09-16/gor01_one_2006-6-09_1-22-43/ripple/combined/multi/,p_x_given_n[012].png,2026-09-16 20:44:07+00:00,16371,gor01_one_2006-6-09_1-22-43
1035,file,/umms-kdiba/Data/Output/collected_outputs/figures/_temp_individual_posteriors/2026-09-16/gor01_one_2006-6-09_1-22-43/ripple/combined/multi/,p_x_given_n[013].png,2026-09-16 20:44:07+00:00,11123,gor01_one_2006-6-09_1-22-43
1036,file,/umms-kdiba/Data/Output/collected_outputs/figures/_temp_individual_posteriors/2026-09-16/gor01_one_2006-6-09_1-22-43/ripple/combined/multi/,p_x_given_n[014].png,2026-09-16 20:44:07+00:00,17448,gor01_one_2006-6-09_1-22-43
1037,file,/umms-kdiba/Data/Output/collected_outputs/figures/_temp_individual_posteriors/2026-09-16/gor01_one_2006-6-09_1-22-43/ripple/combined/multi/,p_x_given_n[015].png,2026-09-16 20:44:07+00:00,21779,gor01_one_2006-6-09_1-22-43
1038,file,/umms-kdiba/Data/Output/collected_outputs/figures/_temp_individual_posteriors/2026-09-16/gor01_one_2006-6-09_1-22-43/ripple/combined/multi/,p_x_given_n[016].png,2026-09-16 20:44:07+00:00,11571,gor01_one_2006-6-09_1-22-43
1039,file,/umms-kdiba/Data/Output/collected_outputs/figures/_temp_individual_posteriors/2026-09-16/gor01_one_2006-6-09_1-22-43/ripple/combined/multi/,p_x_given_n[017].png,2026-09-16 20:44:07+00:00,23388,gor01_one_2006-6-09_1-22-43
1040,file,/umms-kdiba/Data/Output/collected_outputs/figures/_temp_individual_posteriors/2026-09-16/gor01_one_2006-6-09_1-22-43/ripple/combined/multi/,p_x_given_n[018].png,2026-09-16 20:44:07+00:00,16318,gor01_one_2006-6-09_1-22-43
1041,file,/umms-kdiba/Data/Output/collected_outputs/figures/_temp_individual_posteriors/2026-09-16/gor01_one_2006-6-09_1-22-43/ripple/combined/multi/,p_x_given_n[019].png,2026-09-16 20:44:07+00:00,18171,gor01_one_2006-6-09_1-22-43
1042,file,/umms-kdiba/Data/Output/collected_outputs/figures/_temp_individual_posteriors/2026-09-16/gor01_one_2006-6-09_1-22-43/ripple/combined/multi/,p_x_given_n[020].png,2026-09-16 20:44:07+00:00,15429,gor01_one_2006-6-09_1-22-43
1043,file,/umms-kdiba/Data/Output/collected_outputs/figures/_temp_individual_posteriors/2026-09-16/gor01_one_2006-6-09_1-22-43/ripple/combined/multi/,p_x_given_n[021].png,2026-09-16 20:44:07+00:00,15181,gor01_one_2006-6-09_1-22-43
1044,file,/umms-kdiba/Data/Output/collected_outputs/figures/_temp_individual_posteriors/2026-09-16/gor01_one_2006-6-09_1-22-43/ripple/combined/multi/,p_x_given_n[022].png,2026-09-16 20:44:07+00:00,19498,gor01_one_2006-6-09_1-22-43
1045,file,/umms-kdiba/Data/Output/collected_outputs/figures/_temp_individual_posteriors/2026-09-16/gor01_one_2006-6-09_1-22-43/ripple/combined/multi/,p_x_given_n[023].png,2026-09-16 20:44:07+00:00,16516,gor01_one_2006-6-09_1-22-43
1046,file,/umms-kdiba/Data/Output/collected_outputs/figures/_temp_individual_posteriors/2026-09-16/gor01_one_2006-6-09_1-22-43/ripple/combined/multi/,p_x_given_n[024].png,2026-09-16 20:44:07+00:00,12490,gor01_one_2006-6-09_1-22-43
1047,file,/umms-kdiba/Data/Output/collected_outputs/figures/_temp_individual_posteriors/2026-09-16/gor01_one_2006-6-09_1-22-43/ripple/combined/multi/,p_x_given_n[025].png,2026-09-16 20:44:07+00:00,14390,gor01_one_2006-6-09_1-22-43
1048,file,/umms-kdiba/Data/Output/collected_outputs/figures/_temp_individual_posteriors/2026-09-16/gor01_one_2006-6-09_1-22-43/ripple/combined/multi/,p_x_given_n[026].png,2026-09-16 20:44:07+00:00,19886,gor01_one_2006-6-09_1-22-43
1049,file,/umms-kdiba/Data/Output/collected_outputs/figures/_temp_individual_posteriors/2026-09-16/gor01_one_2006-6-09_1-22-43/ripple/combined/multi/,p_x_given_n[027].png,2026-09-16 20:44:07+00:00,22377,gor01_one_2006-6-09_1-22-43
1050,file,/umms-kdiba/Data/Output/collected_outputs/figures/_temp_individual_posteriors/2026-09-16/gor01_one_2006-6-09_1-22-43/ripple/combined/multi/,p_x_given_n[028].png,2026-09-16 20:44:07+00:00,24264,gor01_one_2006-6-09_1-22-43
1051,file,/umms-kdiba/Data/Output/collected_outputs/figures/_temp_individual_posteriors/2026-09-16/gor01_one_2006-6-12_15-55-31/ripple/combined/multi/,p_x_given_n[130].png,2026-09-16 22:58:33+00:00,5642,gor01_one_2006-6-12_15-55-31
1052,file,/umms-kdiba/Data/Output/collected_outputs/figures/_temp_individual_posteriors/2026-09-16/gor01_one_2006-6-12_15-55-31/ripple/combined/multi/,p_x_given_n[132].png,2026-09-16 22:58:33+00:00,3401,gor01_one_2006-6-12_15-55-31
1053,file,/umms-kdiba/Data/Output/collected_outputs/figures/_temp_individual_posteriors/2026-09-16/gor01_one_2006-6-12_15-55-31/ripple/combined/multi/,p_x_given_n[133].png,2026-09-16 22:58:33+00:00,2490,gor01_one_2006-6-12_15-55-31
1054,file,/umms-kdiba/Data/Output/collected_outputs/figures/_temp_individual_posteriors/2026-09-16/gor01_one_2006-6-12_15-55-31/ripple/combined/multi/,p_x_given_n[134].png,2026-09-16 22:58:33+00:00,5505,gor01_one_2006-6-12_15-55-31
1055,file,/umms-kdiba/Data/Output/collected_outputs/figures/_temp_individual_posteriors/2026-09-16/gor01_one_2006-6-12_15-55-31/ripple/combined/multi/,p_x_given_n[135].png,2026-09-16 22:58:33+00:00,3200,gor01_one_2006-6-12_15-55-31
1056,file,/umms-kdiba/Data/Output/collected_outputs/figures/_temp_individual_posteriors/2026-09-16/gor01_one_2006-6-12_15-55-31/ripple/combined/multi/,p_x_given_n[137].png,2026-09-16 22:58:33+00:00,2856,gor01_one_2006-6-12_15-55-31
1057,file,/umms-kdiba/Data/Output/collected_outputs/figures/_temp_individual_posteriors/2026-09-16/gor01_one_2006-6-12_15-55-31/ripple/combined/multi/,p_x_given_n[140].png,2026-09-16 22:58:33+00:00,10614,gor01_one_2006-6-12_15-55-31
1058,file,/umms-kdiba/Data/Output/collected_outputs/figures/_temp_individual_posteriors/2026-09-16/gor01_one_2006-6-12_15-55-31/ripple/combined/multi/,p_x_given_n[141].png,2026-09-16 22:58:33+00:00,2758,gor01_one_2006-6-12_15-55-31
1059,file,/umms-kdiba/Data/Output/collected_outputs/figures/_temp_individual_posteriors/2026-09-16/gor01_one_2006-6-12_15-55-31/ripple/combined/multi/,p_x_given_n[142].png,2026-09-16 22:58:33+00:00,3374,gor01_one_2006-6-12_15-55-31
1060,file,/umms-kdiba/Data/Output/collected_outputs/figures/_temp_individual_posteriors/2026-09-16/gor01_one_2006-6-12_15-55-31/ripple/combined/multi/,p_x_given_n[144].png,2026-09-16 22:58:33+00:00,3686,gor01_one_2006-6-12_15-55-31
1061,file,/umms-kdiba/Data/Output/collected_outputs/figures/_temp_individual_posteriors/2026-09-16/gor01_one_2006-6-12_15-55-31/ripple/combined/multi/,p_x_given_n[145].png,2026-09-16 22:58:33+00:00,707,gor01_one_2006-6-12_15-55-31
1062,file,/umms-kdiba/Data/Output/collected_outputs/figures/_temp_individual_posteriors/2026-09-16/gor01_one_2006-6-12_15-55-31/ripple/combined/multi/,p_x_given_n[146].png,2026-09-16 22:58:33+00:00,3260,gor01_one_2006-6-12_15-55-31
1063,file,/umms-kdiba/Data/Output/collected_outputs/figures/_temp_individual_posteriors/2026-09-16/gor01_one_2006-6-12_15-55-31/ripple/combined/multi/,p_x_given_n[147].png,2026-09-16 22:58:33+00:00,2574,gor01_one_2006-6-12_15-55-31
1064,file,/umms-kdiba/Data/Output/collected_outputs/figures/_temp_individual_posteriors/2026-09-16/gor01_one_2006-6-12_15-55-31/ripple/combined/multi/,p_x_given_n[148].png,2026-09-16 22:58:33+00:00,7784,gor01_one_2006-6-12_15-55-31
1065,file,/umms-kdiba/Data/Output/collected_outputs/figures/_temp_individual_posteriors/2026-09-16/gor01_one_2006-6-12_15-55-31/ripple/combined/multi/,p_x_given_n[149].png,2026-09-16 22:58:33+00:00,14530,gor01_one_2006-6-12_15-55-31
1066,file,/umms-kdiba/Data/Output/collected_outputs/figures/_temp_individual_posteriors/2026-09-16/gor01_one_2006-6-12_15-55-31/ripple/combined/multi/,p_x_given_n[150].png,2026-09-16 22:58:33+00:00,3729,gor01_one_2006-6-12_15-55-31
1067,file,/umms-kdiba/Data/Output/collected_outputs/figures/_temp_individual_posteriors/2026-09-16/gor01_one_2006-6-12_15-55-31/ripple/combined/multi/,p_x_given_n[151].png,2026-09-16 22:58:33+00:00,3605,gor01_one_2006-6-12_15-55-31
1068,file,/umms-kdiba/Data/Output/collected_outputs/figures/_temp_individual_posteriors/2026-09-16/gor01_one_2006-6-12_15-55-31/ripple/combined/multi/,p_x_given_n[152].png,2026-09-16 22:58:33+00:00,3365,gor01_one_2006-6-12_15-55-31
1069,file,/umms-kdiba/Data/Output/collected_outputs/figures/_temp_individual_posteriors/2026-09-16/gor01_one_2006-6-12_15-55-31/ripple/combined/multi/,p_x_given_n[153].png,2026-09-16 22:58:33+00:00,3139,gor01_one_2006-6-12_15-55-31
1070,file,/umms-kdiba/Data/Output/collected_outputs/figures/_temp_individual_posteriors/2026-09-16/gor01_one_2006-6-12_15-55-31/ripple/combined/multi/,p_x_given_n[154].png,2026-09-16 22:58:33+00:00,2851,gor01_one_2006-6-12_15-55-31
1071,file,/umms-kdiba/Data/Output/collected_outputs/figures/_temp_individual_posteriors/2026-09-16/gor01_one_2006-6-12_15-55-31/ripple/combined/multi/,p_x_given_n[155].png,2026-09-16 22:58:33+00:00,10615,gor01_one_2006-6-12_15-55-31
1072,file,/umms-kdiba/Data/Output/collected_outputs/figures/_temp_individual_posteriors/2026-09-16/gor01_one_2006-6-12_15-55-31/ripple/combined/multi/,p_x_given_n[156].png,2026-09-16 22:58:33+00:00,10721,gor01_one_2006-6-12_15-55-31
1073,file,/umms-kdiba/Data/Output/collected_outputs/figures/_temp_individual_posteriors/2026-09-16/gor01_one_2006-6-12_15-55-31/ripple/combined/multi/,p_x_given_n[158].png,2026-09-16 22:58:33+00:00,775,gor01_one_2006-6-12_15-55-31
1074,file,/umms-kdiba/Data/Output/collected_outputs/figures/_temp_individual_posteriors/2026-09-16/gor01_one_2006-6-12_15-55-31/ripple/combined/multi/,p_x_given_n[159].png,2026-09-16 22:58:33+00:00,3388,gor01_one_2006-6-12_15-55-31
1075,file,/umms-kdiba/Data/Output/collected_outputs/figures/_temp_individual_posteriors/2026-09-16/gor01_one_2006-6-12_15-55-31/ripple/combined/multi/,p_x_given_n[160].png,2026-09-16 22:58:33+00:00,6372,gor01_one_2006-6-12_15-55-31
1076,file,/umms-kdiba/Data/Output/collected_outputs/figures/_temp_individual_posteriors/2026-09-16/gor01_one_2006-6-12_15-55-31/ripple/combined/multi/,p_x_given_n[161].png,2026-09-16 22:58:33+00:00,10436,gor01_one_2006-6-12_15-55-31
1077,file,/umms-kdiba/Data/Output/collected_outputs/figures/_temp_individual_posteriors/2026-09-16/gor01_one_2006-6-12_15-55-31/ripple/combined/multi/,p_x_given_n[162].png,2026-09-16 22:58:33+00:00,739,gor01_one_2006-6-12_15-55-31
1078,file,/umms-kdiba/Data/Output/collected_outputs/figures/_temp_individual_posteriors/2026-09-16/gor01_one_2006-6-12_15-55-31/ripple/combined/multi/,p_x_given_n[163].png,2026-09-16 22:58:33+00:00,3465,gor01_one_2006-6-12_15-55-31
1079,file,/umms-kdiba/Data/Output/collected_outputs/figures/_temp_individual_posteriors/2026-09-16/gor01_one_2006-6-12_15-55-31/ripple/combined/multi/,p_x_given_n[164].png,2026-09-16 22:58:33+00:00,8524,gor01_one_2006-6-12_15-55-31
1080,file,/umms-kdiba/Data/Output/collected_outputs/figures/_temp_individual_posteriors/2026-09-16/gor01_one_2006-6-12_15-55-31/ripple/combined/multi/,p_x_given_n[165].png,2026-09-16 22:58:33+00:00,3568,gor01_one_2006-6-12_15-55-31
1081,file,/umms-kdiba/Data/Output/collected_outputs/figures/_temp_individual_posteriors/2026-09-16/gor01_one_2006-6-12_15-55-31/ripple/combined/multi/,p_x_given_n[042].png,2026-09-16 22:58:32+00:00,4763,gor01_one_2006-6-12_15-55-31
1082,file,/umms-kdiba/Data/Output/collected_outputs/figures/_temp_individual_posteriors/2026-09-16/gor01_one_2006-6-12_15-55-31/ripple/combined/multi/,p_x_given_n[043].png,2026-09-16 22:58:32+00:00,720,gor01_one_2006-6-12_15-55-31
1083,file,/umms-kdiba/Data/Output/collected_outputs/figures/_temp_individual_posteriors/2026-09-16/gor01_one_2006-6-12_15-55-31/ripple/combined/multi/,p_x_given_n[045].png,2026-09-16 22:58:32+00:00,3576,gor01_one_2006-6-12_15-55-31
1084,file,/umms-kdiba/Data/Output/collected_outputs/figures/_temp_individual_posteriors/2026-09-16/gor01_one_2006-6-12_15-55-31/ripple/combined/multi/,p_x_given_n[046].png,2026-09-16 22:58:32+00:00,8789,gor01_one_2006-6-12_15-55-31
1085,file,/umms-kdiba/Data/Output/collected_outputs/figures/_temp_individual_posteriors/2026-09-16/gor01_one_2006-6-12_15-55-31/ripple/combined/multi/,p_x_given_n[048].png,2026-09-16 22:58:32+00:00,5843,gor01_one_2006-6-12_15-55-31
1086,file,/umms-kdiba/Data/Output/collected_outputs/figures/_temp_individual_posteriors/2026-09-16/gor01_one_2006-6-12_15-55-31/ripple/combined/multi/,p_x_given_n[049].png,2026-09-16 22:58:32+00:00,6144,gor01_one_2006-6-12_15-55-31
1087,file,/umms-kdiba/Data/Output/collected_outputs/figures/_temp_individual_posteriors/2026-09-16/gor01_one_2006-6-12_15-55-31/ripple/combined/multi/,p_x_given_n[050].png,2026-09-16 22:58:32+00:00,2981,gor01_one_2006-6-12_15-55-31
1088,file,/umms-kdiba/Data/Output/collected_outputs/figures/_temp_individual_posteriors/2026-09-16/gor01_one_2006-6-12_15-55-31/ripple/combined/multi/,p_x_given_n[051].png,2026-09-16 22:58:32+00:00,5522,gor01_one_2006-6-12_15-55-31
1089,file,/umms-kdiba/Data/Output/collected_outputs/figures/_temp_individual_posteriors/2026-09-16/gor01_one_2006-6-12_15-55-31/ripple/combined/multi/,p_x_given_n[053].png,2026-09-16 22:58:32+00:00,11568,gor01_one_2006-6-12_15-55-31
1090,file,/umms-kdiba/Data/Output/collected_outputs/figures/_temp_individual_posteriors/2026-09-16/gor01_one_2006-6-12_15-55-31/ripple/combined/multi/,p_x_given_n[054].png,2026-09-16 22:58:32+00:00,4716,gor01_one_2006-6-12_15-55-31
1091,file,/umms-kdiba/Data/Output/collected_outputs/figures/_temp_individual_posteriors/2026-09-16/gor01_one_2006-6-12_15-55-31/ripple/combined/multi/,p_x_given_n[055].png,2026-09-16 22:58:32+00:00,3595,gor01_one_2006-6-12_15-55-31
1092,file,/umms-kdiba/Data/Output/collected_outputs/figures/_temp_individual_posteriors/2026-09-16/gor01_one_2006-6-12_15-55-31/ripple/combined/multi/,p_x_given_n[056].png,2026-09-16 22:58:32+00:00,5015,gor01_one_2006-6-12_15-55-31
1093,file,/umms-kdiba/Data/Output/collected_outputs/figures/_temp_individual_posteriors/2026-09-16/gor01_one_2006-6-12_15-55-31/ripple/combined/multi/,p_x_given_n[057].png,2026-09-16 22:58:32+00:00,3240,gor01_one_2006-6-12_15-55-31
1094,file,/umms-kdiba/Data/Output/collected_outputs/figures/_temp_individual_posteriors/2026-09-16/gor01_one_2006-6-12_15-55-31/ripple/combined/multi/,p_x_given_n[058].png,2026-09-16 22:58:32+00:00,7267,gor01_one_2006-6-12_15-55-31
1095,file,/umms-kdiba/Data/Output/collected_outputs/figures/_temp_individual_posteriors/2026-09-16/gor01_one_2006-6-12_15-55-31/ripple/combined/multi/,p_x_given_n[059].png,2026-09-16 22:58:32+00:00,6169,gor01_one_2006-6-12_15-55-31
1096,file,/umms-kdiba/Data/Output/collected_outputs/figures/_temp_individual_posteriors/2026-09-16/gor01_one_2006-6-12_15-55-31/ripple/combined/multi/,p_x_given_n[060].png,2026-09-16 22:58:32+00:00,5091,gor01_one_2006-6-12_15-55-31
1097,file,/umms-kdiba/Data/Output/collected_outputs/figures/_temp_individual_posteriors/2026-09-16/gor01_one_2006-6-12_15-55-31/ripple/combined/multi/,p_x_given_n[061].png,2026-09-16 22:58:32+00:00,3320,gor01_one_2006-6-12_15-55-31
1098,file,/umms-kdiba/Data/Output/collected_outputs/figures/_temp_individual_posteriors/2026-09-16/gor01_one_2006-6-12_15-55-31/ripple/combined/multi/,p_x_given_n[062].png,2026-09-16 22:58:32+00:00,699,gor01_one_2006-6-12_15-55-31
1099,file,/umms-kdiba/Data/Output/collected_outputs/figures/_temp_individual_posteriors/2026-09-16/gor01_one_2006-6-12_15-55-31/ripple/combined/multi/,p_x_given_n[063].png,2026-09-16 22:58:32+00:00,6157,gor01_one_2006-6-12_15-55-31
1100,file,/umms-kdiba/Data/Output/collected_outputs/figures/_temp_individual_posteriors/2026-09-16/gor01_one_2006-6-12_15-55-31/ripple/combined/multi/,p_x_given_n[064].png,2026-09-16 22:58:32+00:00,763,gor01_one_2006-6-12_15-55-31
1101,file,/umms-kdiba/Data/Output/collected_outputs/figures/_temp_individual_posteriors/2026-09-16/gor01_one_2006-6-12_15-55-31/ripple/combined/multi/,p_x_given_n[065].png,2026-09-16 22:58:32+00:00,3171,gor01_one_2006-6-12_15-55-31
1102,file,/umms-kdiba/Data/Output/collected_outputs/figures/_temp_individual_posteriors/2026-09-16/gor01_one_2006-6-12_15-55-31/ripple/combined/multi/,p_x_given_n[067].png,2026-09-16 22:58:32+00:00,3145,gor01_one_2006-6-12_15-55-31
1103,file,/umms-kdiba/Data/Output/collected_outputs/figures/_temp_individual_posteriors/2026-09-16/gor01_one_2006-6-12_15-55-31/ripple/combined/multi/,p_x_given_n[069].png,2026-09-16 22:58:32+00:00,11020,gor01_one_2006-6-12_15-55-31
1104,file,/umms-kdiba/Data/Output/collected_outputs/figures/_temp_individual_posteriors/2026-09-16/gor01_one_2006-6-12_15-55-31/ripple/combined/multi/,p_x_given_n[070].png,2026-09-16 22:58:32+00:00,8595,gor01_one_2006-6-12_15-55-31
1105,file,/umms-kdiba/Data/Output/collected_outputs/figures/_temp_individual_posteriors/2026-09-16/gor01_one_2006-6-12_15-55-31/ripple/combined/multi/,p_x_given_n[072].png,2026-09-16 22:58:32+00:00,2558,gor01_one_2006-6-12_15-55-31
1106,file,/umms-kdiba/Data/Output/collected_outputs/figures/_temp_individual_posteriors/2026-09-16/gor01_one_2006-6-12_15-55-31/ripple/combined/multi/,p_x_given_n[074].png,2026-09-16 22:58:32+00:00,3200,gor01_one_2006-6-12_15-55-31
1107,file,/umms-kdiba/Data/Output/collected_outputs/figures/_temp_individual_posteriors/2026-09-16/gor01_one_2006-6-12_15-55-31/ripple/combined/multi/,p_x_given_n[075].png,2026-09-16 22:58:32+00:00,14806,gor01_one_2006-6-12_15-55-31
1108,file,/umms-kdiba/Data/Output/collected_outputs/figures/_temp_individual_posteriors/2026-09-16/gor01_one_2006-6-12_15-55-31/ripple/combined/multi/,p_x_given_n[076].png,2026-09-16 22:58:32+00:00,9144,gor01_one_2006-6-12_15-55-31
1109,file,/umms-kdiba/Data/Output/collected_outputs/figures/_temp_individual_posteriors/2026-09-16/gor01_one_2006-6-12_15-55-31/ripple/combined/multi/,p_x_given_n[077].png,2026-09-16 22:58:32+00:00,3129,gor01_one_2006-6-12_15-55-31
1110,file,/umms-kdiba/Data/Output/collected_outputs/figures/_temp_individual_posteriors/2026-09-16/gor01_one_2006-6-12_15-55-31/ripple/combined/multi/,p_x_given_n[081].png,2026-09-16 22:58:32+00:00,3853,gor01_one_2006-6-12_15-55-31
1111,file,/umms-kdiba/Data/Output/collected_outputs/figures/_temp_individual_posteriors/2026-09-16/gor01_one_2006-6-12_15-55-31/ripple/combined/multi/,p_x_given_n[082].png,2026-09-16 22:58:32+00:00,14825,gor01_one_2006-6-12_15-55-31
1112,file,/umms-kdiba/Data/Output/collected_outputs/figures/_temp_individual_posteriors/2026-09-16/gor01_one_2006-6-12_15-55-31/ripple/combined/multi/,p_x_given_n[083].png,2026-09-16 22:58:32+00:00,5196,gor01_one_2006-6-12_15-55-31
1113,file,/umms-kdiba/Data/Output/collected_outputs/figures/_temp_individual_posteriors/2026-09-16/gor01_one_2006-6-12_15-55-31/ripple/combined/multi/,p_x_given_n[086].png,2026-09-16 22:58:32+00:00,10443,gor01_one_2006-6-12_15-55-31
1114,file,/umms-kdiba/Data/Output/collected_outputs/figures/_temp_individual_posteriors/2026-09-16/gor01_one_2006-6-12_15-55-31/ripple/combined/multi/,p_x_given_n[087].png,2026-09-16 22:58:32+00:00,2933,gor01_one_2006-6-12_15-55-31
1115,file,/umms-kdiba/Data/Output/collected_outputs/figures/_temp_individual_posteriors/2026-09-16/gor01_one_2006-6-12_15-55-31/ripple/combined/multi/,p_x_given_n[088].png,2026-09-16 22:58:32+00:00,5841,gor01_one_2006-6-12_15-55-31
1116,file,/umms-kdiba/Data/Output/collected_outputs/figures/_temp_individual_posteriors/2026-09-16/gor01_one_2006-6-12_15-55-31/ripple/combined/multi/,p_x_given_n[089].png,2026-09-16 22:58:32+00:00,10719,gor01_one_2006-6-12_15-55-31
1117,file,/umms-kdiba/Data/Output/collected_outputs/figures/_temp_individual_posteriors/2026-09-16/gor01_one_2006-6-12_15-55-31/ripple/combined/multi/,p_x_given_n[091].png,2026-09-16 22:58:32+00:00,5895,gor01_one_2006-6-12_15-55-31
1118,file,/umms-kdiba/Data/Output/collected_outputs/figures/_temp_individual_posteriors/2026-09-16/gor01_one_2006-6-12_15-55-31/ripple/combined/multi/,p_x_given_n[092].png,2026-09-16 22:58:32+00:00,8796,gor01_one_2006-6-12_15-55-31
1119,file,/umms-kdiba/Data/Output/collected_outputs/figures/_temp_individual_posteriors/2026-09-16/gor01_one_2006-6-12_15-55-31/ripple/combined/multi/,p_x_given_n[093].png,2026-09-16 22:58:32+00:00,9160,gor01_one_2006-6-12_15-55-31
1120,file,/umms-kdiba/Data/Output/collected_outputs/figures/_temp_individual_posteriors/2026-09-16/gor01_one_2006-6-12_15-55-31/ripple/combined/multi/,p_x_given_n[094].png,2026-09-16 22:58:32+00:00,6910,gor01_one_2006-6-12_15-55-31
1121,file,/umms-kdiba/Data/Output/collected_outputs/figures/_temp_individual_posteriors/2026-09-16/gor01_one_2006-6-12_15-55-31/ripple/combined/multi/,p_x_given_n[095].png,2026-09-16 22:58:32+00:00,16583,gor01_one_2006-6-12_15-55-31
1122,file,/umms-kdiba/Data/Output/collected_outputs/figures/_temp_individual_posteriors/2026-09-16/gor01_one_2006-6-12_15-55-31/ripple/combined/multi/,p_x_given_n[096].png,2026-09-16 22:58:32+00:00,6152,gor01_one_2006-6-12_15-55-31
1123,file,/umms-kdiba/Data/Output/collected_outputs/figures/_temp_individual_posteriors/2026-09-16/gor01_one_2006-6-12_15-55-31/ripple/combined/multi/,p_x_given_n[097].png,2026-09-16 22:58:32+00:00,5132,gor01_one_2006-6-12_15-55-31
1124,file,/umms-kdiba/Data/Output/collected_outputs/figures/_temp_individual_posteriors/2026-09-16/gor01_one_2006-6-12_15-55-31/ripple/combined/multi/,p_x_given_n[098].png,2026-09-16 22:58:32+00:00,748,gor01_one_2006-6-12_15-55-31
1125,file,/umms-kdiba/Data/Output/collected_outputs/figures/_temp_individual_posteriors/2026-09-16/gor01_one_2006-6-12_15-55-31/ripple/combined/multi/,p_x_given_n[100].png,2026-09-16 22:58:32+00:00,9521,gor01_one_2006-6-12_15-55-31
1126,file,/umms-kdiba/Data/Output/collected_outputs/figures/_temp_individual_posteriors/2026-09-16/gor01_one_2006-6-12_15-55-31/ripple/combined/multi/,p_x_given_n[101].png,2026-09-16 22:58:32+00:00,782,gor01_one_2006-6-12_15-55-31
1127,file,/umms-kdiba/Data/Output/collected_outputs/figures/_temp_individual_posteriors/2026-09-16/gor01_one_2006-6-12_15-55-31/ripple/combined/multi/,p_x_given_n[102].png,2026-09-16 22:58:32+00:00,3092,gor01_one_2006-6-12_15-55-31
1128,file,/umms-kdiba/Data/Output/collected_outputs/figures/_temp_individual_posteriors/2026-09-16/gor01_one_2006-6-12_15-55-31/ripple/combined/multi/,p_x_given_n[103].png,2026-09-16 22:58:32+00:00,3705,gor01_one_2006-6-12_15-55-31
1129,file,/umms-kdiba/Data/Output/collected_outputs/figures/_temp_individual_posteriors/2026-09-16/gor01_one_2006-6-12_15-55-31/ripple/combined/multi/,p_x_given_n[104].png,2026-09-16 22:58:32+00:00,6726,gor01_one_2006-6-12_15-55-31
1130,file,/umms-kdiba/Data/Output/collected_outputs/figures/_temp_individual_posteriors/2026-09-16/gor01_one_2006-6-12_15-55-31/ripple/combined/multi/,p_x_given_n[105].png,2026-09-16 22:58:32+00:00,8944,gor01_one_2006-6-12_15-55-31
1131,file,/umms-kdiba/Data/Output/collected_outputs/figures/_temp_individual_posteriors/2026-09-16/gor01_one_2006-6-12_15-55-31/ripple/combined/multi/,p_x_given_n[106].png,2026-09-16 22:58:32+00:00,2659,gor01_one_2006-6-12_15-55-31
1132,file,/umms-kdiba/Data/Output/collected_outputs/figures/_temp_individual_posteriors/2026-09-16/gor01_one_2006-6-12_15-55-31/ripple/combined/multi/,p_x_given_n[108].png,2026-09-16 22:58:32+00:00,3312,gor01_one_2006-6-12_15-55-31
1133,file,/umms-kdiba/Data/Output/collected_outputs/figures/_temp_individual_posteriors/2026-09-16/gor01_one_2006-6-12_15-55-31/ripple/combined/multi/,p_x_given_n[109].png,2026-09-16 22:58:32+00:00,8635,gor01_one_2006-6-12_15-55-31
1134,file,/umms-kdiba/Data/Output/collected_outputs/figures/_temp_individual_posteriors/2026-09-16/gor01_one_2006-6-12_15-55-31/ripple/combined/multi/,p_x_given_n[110].png,2026-09-16 22:58:32+00:00,2924,gor01_one_2006-6-12_15-55-31
1135,file,/umms-kdiba/Data/Output/collected_outputs/figures/_temp_individual_posteriors/2026-09-16/gor01_one_2006-6-12_15-55-31/ripple/combined/multi/,p_x_given_n[111].png,2026-09-16 22:58:32+00:00,3064,gor01_one_2006-6-12_15-55-31
1136,file,/umms-kdiba/Data/Output/collected_outputs/figures/_temp_individual_posteriors/2026-09-16/gor01_one_2006-6-12_15-55-31/ripple/combined/multi/,p_x_given_n[112].png,2026-09-16 22:58:32+00:00,10299,gor01_one_2006-6-12_15-55-31
1137,file,/umms-kdiba/Data/Output/collected_outputs/figures/_temp_individual_posteriors/2026-09-16/gor01_one_2006-6-12_15-55-31/ripple/combined/multi/,p_x_given_n[113].png,2026-09-16 22:58:32+00:00,3076,gor01_one_2006-6-12_15-55-31
1138,file,/umms-kdiba/Data/Output/collected_outputs/figures/_temp_individual_posteriors/2026-09-16/gor01_one_2006-6-12_15-55-31/ripple/combined/multi/,p_x_given_n[114].png,2026-09-16 22:58:32+00:00,11908,gor01_one_2006-6-12_15-55-31
1139,file,/umms-kdiba/Data/Output/collected_outputs/figures/_temp_individual_posteriors/2026-09-16/gor01_one_2006-6-12_15-55-31/ripple/combined/multi/,p_x_given_n[115].png,2026-09-16 22:58:32+00:00,2310,gor01_one_2006-6-12_15-55-31
1140,file,/umms-kdiba/Data/Output/collected_outputs/figures/_temp_individual_posteriors/2026-09-16/gor01_one_2006-6-12_15-55-31/ripple/combined/multi/,p_x_given_n[116].png,2026-09-16 22:58:32+00:00,725,gor01_one_2006-6-12_15-55-31
1141,file,/umms-kdiba/Data/Output/collected_outputs/figures/_temp_individual_posteriors/2026-09-16/gor01_one_2006-6-12_15-55-31/ripple/combined/multi/,p_x_given_n[118].png,2026-09-16 22:58:32+00:00,8846,gor01_one_2006-6-12_15-55-31
1142,file,/umms-kdiba/Data/Output/collected_outputs/figures/_temp_individual_posteriors/2026-09-16/gor01_one_2006-6-12_15-55-31/ripple/combined/multi/,p_x_given_n[119].png,2026-09-16 22:58:32+00:00,6249,gor01_one_2006-6-12_15-55-31
1143,file,/umms-kdiba/Data/Output/collected_outputs/figures/_temp_individual_posteriors/2026-09-16/gor01_one_2006-6-12_15-55-31/ripple/combined/multi/,p_x_given_n[120].png,2026-09-16 22:58:32+00:00,3330,gor01_one_2006-6-12_15-55-31
1144,file,/umms-kdiba/Data/Output/collected_outputs/figures/_temp_individual_posteriors/2026-09-16/gor01_one_2006-6-12_15-55-31/ripple/combined/multi/,p_x_given_n[122].png,2026-09-16 22:58:32+00:00,2953,gor01_one_2006-6-12_15-55-31
1145,file,/umms-kdiba/Data/Output/collected_outputs/figures/_temp_individual_posteriors/2026-09-16/gor01_one_2006-6-12_15-55-31/ripple/combined/multi/,p_x_given_n[123].png,2026-09-16 22:58:32+00:00,6739,gor01_one_2006-6-12_15-55-31
1146,file,/umms-kdiba/Data/Output/collected_outputs/figures/_temp_individual_posteriors/2026-09-16/gor01_one_2006-6-12_15-55-31/ripple/combined/multi/,p_x_given_n[124].png,2026-09-16 22:58:32+00:00,11699,gor01_one_2006-6-12_15-55-31
1147,file,/umms-kdiba/Data/Output/collected_outputs/figures/_temp_individual_posteriors/2026-09-16/gor01_one_2006-6-12_15-55-31/ripple/combined/multi/,p_x_given_n[125].png,2026-09-16 22:58:32+00:00,5516,gor01_one_2006-6-12_15-55-31
1148,file,/umms-kdiba/Data/Output/collected_outputs/figures/_temp_individual_posteriors/2026-09-16/gor01_one_2006-6-12_15-55-31/ripple/combined/multi/,p_x_given_n[126].png,2026-09-16 22:58:32+00:00,10007,gor01_one_2006-6-12_15-55-31
1149,file,/umms-kdiba/Data/Output/collected_outputs/figures/_temp_individual_posteriors/2026-09-16/gor01_one_2006-6-12_15-55-31/ripple/combined/multi/,p_x_given_n[127].png,2026-09-16 22:58:32+00:00,5904,gor01_one_2006-6-12_15-55-31
1150,file,/umms-kdiba/Data/Output/collected_outputs/figures/_temp_individual_posteriors/2026-09-16/gor01_one_2006-6-12_15-55-31/ripple/combined/multi/,p_x_given_n[129].png,2026-09-16 22:58:32+00:00,6112,gor01_one_2006-6-12_15-55-31
1151,file,/umms-kdiba/Data/Output/collected_outputs/figures/_temp_individual_posteriors/2026-09-16/gor01_one_2006-6-12_15-55-31/ripple/combined/multi/,p_x_given_n[000].png,2026-09-16 22:58:31+00:00,619,gor01_one_2006-6-12_15-55-31
1152,file,/umms-kdiba/Data/Output/collected_outputs/figures/_temp_individual_posteriors/2026-09-16/gor01_one_2006-6-12_15-55-31/ripple/combined/multi/,p_x_given_n[001].png,2026-09-16 22:58:31+00:00,9762,gor01_one_2006-6-12_15-55-31
1153,file,/umms-kdiba/Data/Output/collected_outputs/figures/_temp_individual_posteriors/2026-09-16/gor01_one_2006-6-12_15-55-31/ripple/combined/multi/,p_x_given_n[002].png,2026-09-16 22:58:31+00:00,11016,gor01_one_2006-6-12_15-55-31
1154,file,/umms-kdiba/Data/Output/collected_outputs/figures/_temp_individual_posteriors/2026-09-16/gor01_one_2006-6-12_15-55-31/ripple/combined/multi/,p_x_given_n[003].png,2026-09-16 22:58:31+00:00,12448,gor01_one_2006-6-12_15-55-31
1155,file,/umms-kdiba/Data/Output/collected_outputs/figures/_temp_individual_posteriors/2026-09-16/gor01_one_2006-6-12_15-55-31/ripple/combined/multi/,p_x_given_n[004].png,2026-09-16 22:58:31+00:00,3325,gor01_one_2006-6-12_15-55-31
1156,file,/umms-kdiba/Data/Output/collected_outputs/figures/_temp_individual_posteriors/2026-09-16/gor01_one_2006-6-12_15-55-31/ripple/combined/multi/,p_x_given_n[005].png,2026-09-16 22:58:31+00:00,2668,gor01_one_2006-6-12_15-55-31
1157,file,/umms-kdiba/Data/Output/collected_outputs/figures/_temp_individual_posteriors/2026-09-16/gor01_one_2006-6-12_15-55-31/ripple/combined/multi/,p_x_given_n[006].png,2026-09-16 22:58:31+00:00,11922,gor01_one_2006-6-12_15-55-31
1158,file,/umms-kdiba/Data/Output/collected_outputs/figures/_temp_individual_posteriors/2026-09-16/gor01_one_2006-6-12_15-55-31/ripple/combined/multi/,p_x_given_n[007].png,2026-09-16 22:58:31+00:00,3273,gor01_one_2006-6-12_15-55-31
1159,file,/umms-kdiba/Data/Output/collected_outputs/figures/_temp_individual_posteriors/2026-09-16/gor01_one_2006-6-12_15-55-31/ripple/combined/multi/,p_x_given_n[008].png,2026-09-16 22:58:31+00:00,3308,gor01_one_2006-6-12_15-55-31
1160,file,/umms-kdiba/Data/Output/collected_outputs/figures/_temp_individual_posteriors/2026-09-16/gor01_one_2006-6-12_15-55-31/ripple/combined/multi/,p_x_given_n[009].png,2026-09-16 22:58:31+00:00,8061,gor01_one_2006-6-12_15-55-31
1161,file,/umms-kdiba/Data/Output/collected_outputs/figures/_temp_individual_posteriors/2026-09-16/gor01_one_2006-6-12_15-55-31/ripple/combined/multi/,p_x_given_n[011].png,2026-09-16 22:58:31+00:00,9670,gor01_one_2006-6-12_15-55-31
1162,file,/umms-kdiba/Data/Output/collected_outputs/figures/_temp_individual_posteriors/2026-09-16/gor01_one_2006-6-12_15-55-31/ripple/combined/multi/,p_x_given_n[012].png,2026-09-16 22:58:31+00:00,5113,gor01_one_2006-6-12_15-55-31
1163,file,/umms-kdiba/Data/Output/collected_outputs/figures/_temp_individual_posteriors/2026-09-16/gor01_one_2006-6-12_15-55-31/ripple/combined/multi/,p_x_given_n[013].png,2026-09-16 22:58:31+00:00,11768,gor01_one_2006-6-12_15-55-31
1164,file,/umms-kdiba/Data/Output/collected_outputs/figures/_temp_individual_posteriors/2026-09-16/gor01_one_2006-6-12_15-55-31/ripple/combined/multi/,p_x_given_n[014].png,2026-09-16 22:58:31+00:00,13684,gor01_one_2006-6-12_15-55-31
1165,file,/umms-kdiba/Data/Output/collected_outputs/figures/_temp_individual_posteriors/2026-09-16/gor01_one_2006-6-12_15-55-31/ripple/combined/multi/,p_x_given_n[015].png,2026-09-16 22:58:31+00:00,11433,gor01_one_2006-6-12_15-55-31
1166,file,/umms-kdiba/Data/Output/collected_outputs/figures/_temp_individual_posteriors/2026-09-16/gor01_one_2006-6-12_15-55-31/ripple/combined/multi/,p_x_given_n[016].png,2026-09-16 22:58:31+00:00,3422,gor01_one_2006-6-12_15-55-31
1167,file,/umms-kdiba/Data/Output/collected_outputs/figures/_temp_individual_posteriors/2026-09-16/gor01_one_2006-6-12_15-55-31/ripple/combined/multi/,p_x_given_n[017].png,2026-09-16 22:58:31+00:00,780,gor01_one_2006-6-12_15-55-31
1168,file,/umms-kdiba/Data/Output/collected_outputs/figures/_temp_individual_posteriors/2026-09-16/gor01_one_2006-6-12_15-55-31/ripple/combined/multi/,p_x_given_n[019].png,2026-09-16 22:58:31+00:00,2977,gor01_one_2006-6-12_15-55-31
1169,file,/umms-kdiba/Data/Output/collected_outputs/figures/_temp_individual_posteriors/2026-09-16/gor01_one_2006-6-12_15-55-31/ripple/combined/multi/,p_x_given_n[020].png,2026-09-16 22:58:31+00:00,797,gor01_one_2006-6-12_15-55-31
1170,file,/umms-kdiba/Data/Output/collected_outputs/figures/_temp_individual_posteriors/2026-09-16/gor01_one_2006-6-12_15-55-31/ripple/combined/multi/,p_x_given_n[021].png,2026-09-16 22:58:31+00:00,10760,gor01_one_2006-6-12_15-55-31
1171,file,/umms-kdiba/Data/Output/collected_outputs/figures/_temp_individual_posteriors/2026-09-16/gor01_one_2006-6-12_15-55-31/ripple/combined/multi/,p_x_given_n[022].png,2026-09-16 22:58:31+00:00,10584,gor01_one_2006-6-12_15-55-31
1172,file,/umms-kdiba/Data/Output/collected_outputs/figures/_temp_individual_posteriors/2026-09-16/gor01_one_2006-6-12_15-55-31/ripple/combined/multi/,p_x_given_n[023].png,2026-09-16 22:58:31+00:00,13444,gor01_one_2006-6-12_15-55-31
1173,file,/umms-kdiba/Data/Output/collected_outputs/figures/_temp_individual_posteriors/2026-09-16/gor01_one_2006-6-12_15-55-31/ripple/combined/multi/,p_x_given_n[024].png,2026-09-16 22:58:31+00:00,733,gor01_one_2006-6-12_15-55-31
1174,file,/umms-kdiba/Data/Output/collected_outputs/figures/_temp_individual_posteriors/2026-09-16/gor01_one_2006-6-12_15-55-31/ripple/combined/multi/,p_x_given_n[025].png,2026-09-16 22:58:31+00:00,12418,gor01_one_2006-6-12_15-55-31
1175,file,/umms-kdiba/Data/Output/collected_outputs/figures/_temp_individual_posteriors/2026-09-16/gor01_one_2006-6-12_15-55-31/ripple/combined/multi/,p_x_given_n[026].png,2026-09-16 22:58:31+00:00,5955,gor01_one_2006-6-12_15-55-31
1176,file,/umms-kdiba/Data/Output/collected_outputs/figures/_temp_individual_posteriors/2026-09-16/gor01_one_2006-6-12_15-55-31/ripple/combined/multi/,p_x_given_n[028].png,2026-09-16 22:58:31+00:00,805,gor01_one_2006-6-12_15-55-31
1177,file,/umms-kdiba/Data/Output/collected_outputs/figures/_temp_individual_posteriors/2026-09-16/gor01_one_2006-6-12_15-55-31/ripple/combined/multi/,p_x_given_n[029].png,2026-09-16 22:58:31+00:00,9524,gor01_one_2006-6-12_15-55-31
1178,file,/umms-kdiba/Data/Output/collected_outputs/figures/_temp_individual_posteriors/2026-09-16/gor01_one_2006-6-12_15-55-31/ripple/combined/multi/,p_x_given_n[031].png,2026-09-16 22:58:31+00:00,12728,gor01_one_2006-6-12_15-55-31
1179,file,/umms-kdiba/Data/Output/collected_outputs/figures/_temp_individual_posteriors/2026-09-16/gor01_one_2006-6-12_15-55-31/ripple/combined/multi/,p_x_given_n[033].png,2026-09-16 22:58:31+00:00,9633,gor01_one_2006-6-12_15-55-31
1180,file,/umms-kdiba/Data/Output/collected_outputs/figures/_temp_individual_posteriors/2026-09-16/gor01_one_2006-6-12_15-55-31/ripple/combined/multi/,p_x_given_n[034].png,2026-09-16 22:58:31+00:00,8256,gor01_one_2006-6-12_15-55-31
1181,file,/umms-kdiba/Data/Output/collected_outputs/figures/_temp_individual_posteriors/2026-09-16/gor01_one_2006-6-12_15-55-31/ripple/combined/multi/,p_x_given_n[036].png,2026-09-16 22:58:31+00:00,13847,gor01_one_2006-6-12_15-55-31
1182,file,/umms-kdiba/Data/Output/collected_outputs/figures/_temp_individual_posteriors/2026-09-16/gor01_one_2006-6-12_15-55-31/ripple/combined/multi/,p_x_given_n[037].png,2026-09-16 22:58:31+00:00,8502,gor01_one_2006-6-12_15-55-31
1183,file,/umms-kdiba/Data/Output/collected_outputs/figures/_temp_individual_posteriors/2026-09-16/gor01_one_2006-6-12_15-55-31/ripple/combined/multi/,p_x_given_n[039].png,2026-09-16 22:58:31+00:00,3437,gor01_one_2006-6-12_15-55-31
1184,file,/umms-kdiba/Data/Output/collected_outputs/figures/_temp_individual_posteriors/2026-09-16/gor01_one_2006-6-12_15-55-31/ripple/combined/multi/,p_x_given_n[041].png,2026-09-16 22:58:31+00:00,5703,gor01_one_2006-6-12_15-55-31
1185,file,/umms-kdiba/Data/Output/collected_outputs/figures/_temp_individual_posteriors/2026-09-16/gor01_two_2006-6-07_16-40-19/ripple/combined/multi/,p_x_given_n[752].png,2026-09-16 20:54:19+00:00,17791,gor01_two_2006-6-07_16-40-19
1186,file,/umms-kdiba/Data/Output/collected_outputs/figures/_temp_individual_posteriors/2026-09-16/gor01_two_2006-6-07_16-40-19/ripple/combined/multi/,p_x_given_n[753].png,2026-09-16 20:54:19+00:00,20426,gor01_two_2006-6-07_16-40-19
1187,file,/umms-kdiba/Data/Output/collected_outputs/figures/_temp_individual_posteriors/2026-09-16/gor01_two_2006-6-07_16-40-19/ripple/combined/multi/,p_x_given_n[754].png,2026-09-16 20:54:19+00:00,19482,gor01_two_2006-6-07_16-40-19
1188,file,/umms-kdiba/Data/Output/collected_outputs/figures/_temp_individual_posteriors/2026-09-16/gor01_two_2006-6-07_16-40-19/ripple/combined/multi/,p_x_given_n[755].png,2026-09-16 20:54:19+00:00,14597,gor01_two_2006-6-07_16-40-19
1189,file,/umms-kdiba/Data/Output/collected_outputs/figures/_temp_individual_posteriors/2026-09-16/gor01_two_2006-6-07_16-40-19/ripple/combined/multi/,p_x_given_n[756].png,2026-09-16 20:54:19+00:00,6724,gor01_two_2006-6-07_16-40-19
1190,file,/umms-kdiba/Data/Output/collected_outputs/figures/_temp_individual_posteriors/2026-09-16/gor01_two_2006-6-07_16-40-19/ripple/combined/multi/,p_x_given_n[757].png,2026-09-16 20:54:19+00:00,15568,gor01_two_2006-6-07_16-40-19
1191,file,/umms-kdiba/Data/Output/collected_outputs/figures/_temp_individual_posteriors/2026-09-16/gor01_two_2006-6-07_16-40-19/ripple/combined/multi/,p_x_given_n[758].png,2026-09-16 20:54:19+00:00,23438,gor01_two_2006-6-07_16-40-19
1192,file,/umms-kdiba/Data/Output/collected_outputs/figures/_temp_individual_posteriors/2026-09-16/gor01_two_2006-6-07_16-40-19/ripple/combined/multi/,p_x_given_n[759].png,2026-09-16 20:54:19+00:00,12490,gor01_two_2006-6-07_16-40-19
1193,file,/umms-kdiba/Data/Output/collected_outputs/figures/_temp_individual_posteriors/2026-09-16/gor01_two_2006-6-07_16-40-19/ripple/combined/multi/,p_x_given_n[760].png,2026-09-16 20:54:19+00:00,3462,gor01_two_2006-6-07_16-40-19
1194,file,/umms-kdiba/Data/Output/collected_outputs/figures/_temp_individual_posteriors/2026-09-16/gor01_two_2006-6-07_16-40-19/ripple/combined/multi/,p_x_given_n[761].png,2026-09-16 20:54:19+00:00,10417,gor01_two_2006-6-07_16-40-19
1195,file,/umms-kdiba/Data/Output/collected_outputs/figures/_temp_individual_posteriors/2026-09-16/gor01_two_2006-6-07_16-40-19/ripple/combined/multi/,p_x_given_n[762].png,2026-09-16 20:54:19+00:00,15040,gor01_two_2006-6-07_16-40-19
1196,file,/umms-kdiba/Data/Output/collected_outputs/figures/_temp_individual_posteriors/2026-09-16/gor01_two_2006-6-07_16-40-19/ripple/combined/multi/,p_x_given_n[763].png,2026-09-16 20:54:19+00:00,16276,gor01_two_2006-6-07_16-40-19
1197,file,/umms-kdiba/Data/Output/collected_outputs/figures/_temp_individual_posteriors/2026-09-16/gor01_two_2006-6-07_16-40-19/ripple/combined/multi/,p_x_given_n[764].png,2026-09-16 20:54:19+00:00,17559,gor01_two_2006-6-07_16-40-19
1198,file,/umms-kdiba/Data/Output/collected_outputs/figures/_temp_individual_posteriors/2026-09-16/gor01_two_2006-6-07_16-40-19/ripple/combined/multi/,p_x_given_n[765].png,2026-09-16 20:54:19+00:00,18006,gor01_two_2006-6-07_16-40-19
1199,file,/umms-kdiba/Data/Output/collected_outputs/figures/_temp_individual_posteriors/2026-09-16/gor01_two_2006-6-07_16-40-19/ripple/combined/multi/,p_x_given_n[766].png,2026-09-16 20:54:19+00:00,18237,gor01_two_2006-6-07_16-40-19
1200,file,/umms-kdiba/Data/Output/collected_outputs/figures/_temp_individual_posteriors/2026-09-16/gor01_two_2006-6-07_16-40-19/ripple/combined/multi/,p_x_given_n[767].png,2026-09-16 20:54:19+00:00,10449,gor01_two_2006-6-07_16-40-19
1201,file,/umms-kdiba/Data/Output/collected_outputs/figures/_temp_individual_posteriors/2026-09-16/gor01_two_2006-6-07_16-40-19/ripple/combined/multi/,p_x_given_n[769].png,2026-09-16 20:54:19+00:00,18234,gor01_two_2006-6-07_16-40-19
1202,file,/umms-kdiba/Data/Output/collected_outputs/figures/_temp_individual_posteriors/2026-09-16/gor01_two_2006-6-07_16-40-19/ripple/combined/multi/,p_x_given_n[770].png,2026-09-16 20:54:19+00:00,9453,gor01_two_2006-6-07_16-40-19
1203,file,/umms-kdiba/Data/Output/collected_outputs/figures/_temp_individual_posteriors/2026-09-16/gor01_two_2006-6-07_16-40-19/ripple/combined/multi/,p_x_given_n[771].png,2026-09-16 20:54:19+00:00,5894,gor01_two_2006-6-07_16-40-19
1204,file,/umms-kdiba/Data/Output/collected_outputs/figures/_temp_individual_posteriors/2026-09-16/gor01_two_2006-6-07_16-40-19/ripple/combined/multi/,p_x_given_n[772].png,2026-09-16 20:54:19+00:00,12780,gor01_two_2006-6-07_16-40-19
1205,file,/umms-kdiba/Data/Output/collected_outputs/figures/_temp_individual_posteriors/2026-09-16/gor01_two_2006-6-07_16-40-19/ripple/combined/multi/,p_x_given_n[710].png,2026-09-16 20:54:18+00:00,17831,gor01_two_2006-6-07_16-40-19
1206,file,/umms-kdiba/Data/Output/collected_outputs/figures/_temp_individual_posteriors/2026-09-16/gor01_two_2006-6-07_16-40-19/ripple/combined/multi/,p_x_given_n[711].png,2026-09-16 20:54:18+00:00,16329,gor01_two_2006-6-07_16-40-19
1207,file,/umms-kdiba/Data/Output/collected_outputs/figures/_temp_individual_posteriors/2026-09-16/gor01_two_2006-6-07_16-40-19/ripple/combined/multi/,p_x_given_n[712].png,2026-09-16 20:54:18+00:00,8159,gor01_two_2006-6-07_16-40-19
1208,file,/umms-kdiba/Data/Output/collected_outputs/figures/_temp_individual_posteriors/2026-09-16/gor01_two_2006-6-07_16-40-19/ripple/combined/multi/,p_x_given_n[713].png,2026-09-16 20:54:18+00:00,13503,gor01_two_2006-6-07_16-40-19
1209,file,/umms-kdiba/Data/Output/collected_outputs/figures/_temp_individual_posteriors/2026-09-16/gor01_two_2006-6-07_16-40-19/ripple/combined/multi/,p_x_given_n[714].png,2026-09-16 20:54:18+00:00,3005,gor01_two_2006-6-07_16-40-19
1210,file,/umms-kdiba/Data/Output/collected_outputs/figures/_temp_individual_posteriors/2026-09-16/gor01_two_2006-6-07_16-40-19/ripple/combined/multi/,p_x_given_n[715].png,2026-09-16 20:54:18+00:00,6654,gor01_two_2006-6-07_16-40-19
1211,file,/umms-kdiba/Data/Output/collected_outputs/figures/_temp_individual_posteriors/2026-09-16/gor01_two_2006-6-07_16-40-19/ripple/combined/multi/,p_x_given_n[716].png,2026-09-16 20:54:18+00:00,5802,gor01_two_2006-6-07_16-40-19
1212,file,/umms-kdiba/Data/Output/collected_outputs/figures/_temp_individual_posteriors/2026-09-16/gor01_two_2006-6-07_16-40-19/ripple/combined/multi/,p_x_given_n[717].png,2026-09-16 20:54:18+00:00,9075,gor01_two_2006-6-07_16-40-19
1213,file,/umms-kdiba/Data/Output/collected_outputs/figures/_temp_individual_posteriors/2026-09-16/gor01_two_2006-6-07_16-40-19/ripple/combined/multi/,p_x_given_n[718].png,2026-09-16 20:54:18+00:00,6644,gor01_two_2006-6-07_16-40-19
1214,file,/umms-kdiba/Data/Output/collected_outputs/figures/_temp_individual_posteriors/2026-09-16/gor01_two_2006-6-07_16-40-19/ripple/combined/multi/,p_x_given_n[719].png,2026-09-16 20:54:18+00:00,15124,gor01_two_2006-6-07_16-40-19
1215,file,/umms-kdiba/Data/Output/collected_outputs/figures/_temp_individual_posteriors/2026-09-16/gor01_two_2006-6-07_16-40-19/ripple/combined/multi/,p_x_given_n[720].png,2026-09-16 20:54:18+00:00,7733,gor01_two_2006-6-07_16-40-19
1216,file,/umms-kdiba/Data/Output/collected_outputs/figures/_temp_individual_posteriors/2026-09-16/gor01_two_2006-6-07_16-40-19/ripple/combined/multi/,p_x_given_n[721].png,2026-09-16 20:54:18+00:00,12564,gor01_two_2006-6-07_16-40-19
1217,file,/umms-kdiba/Data/Output/collected_outputs/figures/_temp_individual_posteriors/2026-09-16/gor01_two_2006-6-07_16-40-19/ripple/combined/multi/,p_x_given_n[722].png,2026-09-16 20:54:18+00:00,11394,gor01_two_2006-6-07_16-40-19
1218,file,/umms-kdiba/Data/Output/collected_outputs/figures/_temp_individual_posteriors/2026-09-16/gor01_two_2006-6-07_16-40-19/ripple/combined/multi/,p_x_given_n[723].png,2026-09-16 20:54:18+00:00,11839,gor01_two_2006-6-07_16-40-19
1219,file,/umms-kdiba/Data/Output/collected_outputs/figures/_temp_individual_posteriors/2026-09-16/gor01_two_2006-6-07_16-40-19/ripple/combined/multi/,p_x_given_n[724].png,2026-09-16 20:54:18+00:00,5754,gor01_two_2006-6-07_16-40-19
1220,file,/umms-kdiba/Data/Output/collected_outputs/figures/_temp_individual_posteriors/2026-09-16/gor01_two_2006-6-07_16-40-19/ripple/combined/multi/,p_x_given_n[725].png,2026-09-16 20:54:18+00:00,7728,gor01_two_2006-6-07_16-40-19
1221,file,/umms-kdiba/Data/Output/collected_outputs/figures/_temp_individual_posteriors/2026-09-16/gor01_two_2006-6-07_16-40-19/ripple/combined/multi/,p_x_given_n[726].png,2026-09-16 20:54:18+00:00,21576,gor01_two_2006-6-07_16-40-19
1222,file,/umms-kdiba/Data/Output/collected_outputs/figures/_temp_individual_posteriors/2026-09-16/gor01_two_2006-6-07_16-40-19/ripple/combined/multi/,p_x_given_n[727].png,2026-09-16 20:54:18+00:00,13058,gor01_two_2006-6-07_16-40-19
1223,file,/umms-kdiba/Data/Output/collected_outputs/figures/_temp_individual_posteriors/2026-09-16/gor01_two_2006-6-07_16-40-19/ripple/combined/multi/,p_x_given_n[728].png,2026-09-16 20:54:18+00:00,3204,gor01_two_2006-6-07_16-40-19
1224,file,/umms-kdiba/Data/Output/collected_outputs/figures/_temp_individual_posteriors/2026-09-16/gor01_two_2006-6-07_16-40-19/ripple/combined/multi/,p_x_given_n[729].png,2026-09-16 20:54:18+00:00,5118,gor01_two_2006-6-07_16-40-19
1225,file,/umms-kdiba/Data/Output/collected_outputs/figures/_temp_individual_posteriors/2026-09-16/gor01_two_2006-6-07_16-40-19/ripple/combined/multi/,p_x_given_n[730].png,2026-09-16 20:54:18+00:00,5776,gor01_two_2006-6-07_16-40-19
1226,file,/umms-kdiba/Data/Output/collected_outputs/figures/_temp_individual_posteriors/2026-09-16/gor01_two_2006-6-07_16-40-19/ripple/combined/multi/,p_x_given_n[731].png,2026-09-16 20:54:18+00:00,19678,gor01_two_2006-6-07_16-40-19
1227,file,/umms-kdiba/Data/Output/collected_outputs/figures/_temp_individual_posteriors/2026-09-16/gor01_two_2006-6-07_16-40-19/ripple/combined/multi/,p_x_given_n[732].png,2026-09-16 20:54:18+00:00,15926,gor01_two_2006-6-07_16-40-19
1228,file,/umms-kdiba/Data/Output/collected_outputs/figures/_temp_individual_posteriors/2026-09-16/gor01_two_2006-6-07_16-40-19/ripple/combined/multi/,p_x_given_n[733].png,2026-09-16 20:54:18+00:00,11812,gor01_two_2006-6-07_16-40-19
1229,file,/umms-kdiba/Data/Output/collected_outputs/figures/_temp_individual_posteriors/2026-09-16/gor01_two_2006-6-07_16-40-19/ripple/combined/multi/,p_x_given_n[734].png,2026-09-16 20:54:18+00:00,12395,gor01_two_2006-6-07_16-40-19
1230,file,/umms-kdiba/Data/Output/collected_outputs/figures/_temp_individual_posteriors/2026-09-16/gor01_two_2006-6-07_16-40-19/ripple/combined/multi/,p_x_given_n[735].png,2026-09-16 20:54:18+00:00,3436,gor01_two_2006-6-07_16-40-19
1231,file,/umms-kdiba/Data/Output/collected_outputs/figures/_temp_individual_posteriors/2026-09-16/gor01_two_2006-6-07_16-40-19/ripple/combined/multi/,p_x_given_n[736].png,2026-09-16 20:54:18+00:00,17130,gor01_two_2006-6-07_16-40-19
1232,file,/umms-kdiba/Data/Output/collected_outputs/figures/_temp_individual_posteriors/2026-09-16/gor01_two_2006-6-07_16-40-19/ripple/combined/multi/,p_x_given_n[737].png,2026-09-16 20:54:18+00:00,6677,gor01_two_2006-6-07_16-40-19
1233,file,/umms-kdiba/Data/Output/collected_outputs/figures/_temp_individual_posteriors/2026-09-16/gor01_two_2006-6-07_16-40-19/ripple/combined/multi/,p_x_given_n[738].png,2026-09-16 20:54:18+00:00,23870,gor01_two_2006-6-07_16-40-19
1234,file,/umms-kdiba/Data/Output/collected_outputs/figures/_temp_individual_posteriors/2026-09-16/gor01_two_2006-6-07_16-40-19/ripple/combined/multi/,p_x_given_n[739].png,2026-09-16 20:54:18+00:00,6641,gor01_two_2006-6-07_16-40-19
1235,file,/umms-kdiba/Data/Output/collected_outputs/figures/_temp_individual_posteriors/2026-09-16/gor01_two_2006-6-07_16-40-19/ripple/combined/multi/,p_x_given_n[740].png,2026-09-16 20:54:18+00:00,8806,gor01_two_2006-6-07_16-40-19
1236,file,/umms-kdiba/Data/Output/collected_outputs/figures/_temp_individual_posteriors/2026-09-16/gor01_two_2006-6-07_16-40-19/ripple/combined/multi/,p_x_given_n[741].png,2026-09-16 20:54:18+00:00,5028,gor01_two_2006-6-07_16-40-19
1237,file,/umms-kdiba/Data/Output/collected_outputs/figures/_temp_individual_posteriors/2026-09-16/gor01_two_2006-6-07_16-40-19/ripple/combined/multi/,p_x_given_n[742].png,2026-09-16 20:54:18+00:00,6450,gor01_two_2006-6-07_16-40-19
1238,file,/umms-kdiba/Data/Output/collected_outputs/figures/_temp_individual_posteriors/2026-09-16/gor01_two_2006-6-07_16-40-19/ripple/combined/multi/,p_x_given_n[743].png,2026-09-16 20:54:18+00:00,22543,gor01_two_2006-6-07_16-40-19
1239,file,/umms-kdiba/Data/Output/collected_outputs/figures/_temp_individual_posteriors/2026-09-16/gor01_two_2006-6-07_16-40-19/ripple/combined/multi/,p_x_given_n[744].png,2026-09-16 20:54:18+00:00,15987,gor01_two_2006-6-07_16-40-19
1240,file,/umms-kdiba/Data/Output/collected_outputs/figures/_temp_individual_posteriors/2026-09-16/gor01_two_2006-6-07_16-40-19/ripple/combined/multi/,p_x_given_n[745].png,2026-09-16 20:54:18+00:00,21329,gor01_two_2006-6-07_16-40-19
1241,file,/umms-kdiba/Data/Output/collected_outputs/figures/_temp_individual_posteriors/2026-09-16/gor01_two_2006-6-07_16-40-19/ripple/combined/multi/,p_x_given_n[746].png,2026-09-16 20:54:18+00:00,12018,gor01_two_2006-6-07_16-40-19
1242,file,/umms-kdiba/Data/Output/collected_outputs/figures/_temp_individual_posteriors/2026-09-16/gor01_two_2006-6-07_16-40-19/ripple/combined/multi/,p_x_given_n[747].png,2026-09-16 20:54:18+00:00,6166,gor01_two_2006-6-07_16-40-19
1243,file,/umms-kdiba/Data/Output/collected_outputs/figures/_temp_individual_posteriors/2026-09-16/gor01_two_2006-6-07_16-40-19/ripple/combined/multi/,p_x_given_n[748].png,2026-09-16 20:54:18+00:00,18351,gor01_two_2006-6-07_16-40-19
1244,file,/umms-kdiba/Data/Output/collected_outputs/figures/_temp_individual_posteriors/2026-09-16/gor01_two_2006-6-07_16-40-19/ripple/combined/multi/,p_x_given_n[749].png,2026-09-16 20:54:18+00:00,5259,gor01_two_2006-6-07_16-40-19
1245,file,/umms-kdiba/Data/Output/collected_outputs/figures/_temp_individual_posteriors/2026-09-16/gor01_two_2006-6-07_16-40-19/ripple/combined/multi/,p_x_given_n[750].png,2026-09-16 20:54:18+00:00,22752,gor01_two_2006-6-07_16-40-19
1246,file,/umms-kdiba/Data/Output/collected_outputs/figures/_temp_individual_posteriors/2026-09-16/gor01_two_2006-6-07_16-40-19/ripple/combined/multi/,p_x_given_n[751].png,2026-09-16 20:54:18+00:00,16616,gor01_two_2006-6-07_16-40-19
1247,file,/umms-kdiba/Data/Output/collected_outputs/figures/_temp_individual_posteriors/2026-09-16/gor01_two_2006-6-07_16-40-19/ripple/combined/multi/,p_x_given_n[668].png,2026-09-16 20:54:17+00:00,18521,gor01_two_2006-6-07_16-40-19
1248,file,/umms-kdiba/Data/Output/collected_outputs/figures/_temp_individual_posteriors/2026-09-16/gor01_two_2006-6-07_16-40-19/ripple/combined/multi/,p_x_given_n[669].png,2026-09-16 20:54:17+00:00,10022,gor01_two_2006-6-07_16-40-19
1249,file,/umms-kdiba/Data/Output/collected_outputs/figures/_temp_individual_posteriors/2026-09-16/gor01_two_2006-6-07_16-40-19/ripple/combined/multi/,p_x_given_n[670].png,2026-09-16 20:54:17+00:00,6753,gor01_two_2006-6-07_16-40-19
1250,file,/umms-kdiba/Data/Output/collected_outputs/figures/_temp_individual_posteriors/2026-09-16/gor01_two_2006-6-07_16-40-19/ripple/combined/multi/,p_x_given_n[671].png,2026-09-16 20:54:17+00:00,9256,gor01_two_2006-6-07_16-40-19
1251,file,/umms-kdiba/Data/Output/collected_outputs/figures/_temp_individual_posteriors/2026-09-16/gor01_two_2006-6-07_16-40-19/ripple/combined/multi/,p_x_given_n[672].png,2026-09-16 20:54:17+00:00,10538,gor01_two_2006-6-07_16-40-19
1252,file,/umms-kdiba/Data/Output/collected_outputs/figures/_temp_individual_posteriors/2026-09-16/gor01_two_2006-6-07_16-40-19/ripple/combined/multi/,p_x_given_n[673].png,2026-09-16 20:54:17+00:00,3806,gor01_two_2006-6-07_16-40-19
1253,file,/umms-kdiba/Data/Output/collected_outputs/figures/_temp_individual_posteriors/2026-09-16/gor01_two_2006-6-07_16-40-19/ripple/combined/multi/,p_x_given_n[674].png,2026-09-16 20:54:17+00:00,15049,gor01_two_2006-6-07_16-40-19
1254,file,/umms-kdiba/Data/Output/collected_outputs/figures/_temp_individual_posteriors/2026-09-16/gor01_two_2006-6-07_16-40-19/ripple/combined/multi/,p_x_given_n[675].png,2026-09-16 20:54:17+00:00,11180,gor01_two_2006-6-07_16-40-19
1255,file,/umms-kdiba/Data/Output/collected_outputs/figures/_temp_individual_posteriors/2026-09-16/gor01_two_2006-6-07_16-40-19/ripple/combined/multi/,p_x_given_n[676].png,2026-09-16 20:54:17+00:00,25070,gor01_two_2006-6-07_16-40-19
1256,file,/umms-kdiba/Data/Output/collected_outputs/figures/_temp_individual_posteriors/2026-09-16/gor01_two_2006-6-07_16-40-19/ripple/combined/multi/,p_x_given_n[677].png,2026-09-16 20:54:17+00:00,14107,gor01_two_2006-6-07_16-40-19
1257,file,/umms-kdiba/Data/Output/collected_outputs/figures/_temp_individual_posteriors/2026-09-16/gor01_two_2006-6-07_16-40-19/ripple/combined/multi/,p_x_given_n[678].png,2026-09-16 20:54:17+00:00,20116,gor01_two_2006-6-07_16-40-19
1258,file,/umms-kdiba/Data/Output/collected_outputs/figures/_temp_individual_posteriors/2026-09-16/gor01_two_2006-6-07_16-40-19/ripple/combined/multi/,p_x_given_n[679].png,2026-09-16 20:54:17+00:00,11707,gor01_two_2006-6-07_16-40-19
1259,file,/umms-kdiba/Data/Output/collected_outputs/figures/_temp_individual_posteriors/2026-09-16/gor01_two_2006-6-07_16-40-19/ripple/combined/multi/,p_x_given_n[680].png,2026-09-16 20:54:17+00:00,18902,gor01_two_2006-6-07_16-40-19
1260,file,/umms-kdiba/Data/Output/collected_outputs/figures/_temp_individual_posteriors/2026-09-16/gor01_two_2006-6-07_16-40-19/ripple/combined/multi/,p_x_given_n[681].png,2026-09-16 20:54:17+00:00,14921,gor01_two_2006-6-07_16-40-19
1261,file,/umms-kdiba/Data/Output/collected_outputs/figures/_temp_individual_posteriors/2026-09-16/gor01_two_2006-6-07_16-40-19/ripple/combined/multi/,p_x_given_n[682].png,2026-09-16 20:54:17+00:00,16203,gor01_two_2006-6-07_16-40-19
1262,file,/umms-kdiba/Data/Output/collected_outputs/figures/_temp_individual_posteriors/2026-09-16/gor01_two_2006-6-07_16-40-19/ripple/combined/multi/,p_x_given_n[683].png,2026-09-16 20:54:17+00:00,10067,gor01_two_2006-6-07_16-40-19
1263,file,/umms-kdiba/Data/Output/collected_outputs/figures/_temp_individual_posteriors/2026-09-16/gor01_two_2006-6-07_16-40-19/ripple/combined/multi/,p_x_given_n[684].png,2026-09-16 20:54:17+00:00,13323,gor01_two_2006-6-07_16-40-19
1264,file,/umms-kdiba/Data/Output/collected_outputs/figures/_temp_individual_posteriors/2026-09-16/gor01_two_2006-6-07_16-40-19/ripple/combined/multi/,p_x_given_n[685].png,2026-09-16 20:54:17+00:00,13206,gor01_two_2006-6-07_16-40-19
1265,file,/umms-kdiba/Data/Output/collected_outputs/figures/_temp_individual_posteriors/2026-09-16/gor01_two_2006-6-07_16-40-19/ripple/combined/multi/,p_x_given_n[686].png,2026-09-16 20:54:17+00:00,6730,gor01_two_2006-6-07_16-40-19
1266,file,/umms-kdiba/Data/Output/collected_outputs/figures/_temp_individual_posteriors/2026-09-16/gor01_two_2006-6-07_16-40-19/ripple/combined/multi/,p_x_given_n[687].png,2026-09-16 20:54:17+00:00,9899,gor01_two_2006-6-07_16-40-19
1267,file,/umms-kdiba/Data/Output/collected_outputs/figures/_temp_individual_posteriors/2026-09-16/gor01_two_2006-6-07_16-40-19/ripple/combined/multi/,p_x_given_n[688].png,2026-09-16 20:54:17+00:00,3635,gor01_two_2006-6-07_16-40-19
1268,file,/umms-kdiba/Data/Output/collected_outputs/figures/_temp_individual_posteriors/2026-09-16/gor01_two_2006-6-07_16-40-19/ripple/combined/multi/,p_x_given_n[689].png,2026-09-16 20:54:17+00:00,16352,gor01_two_2006-6-07_16-40-19
1269,file,/umms-kdiba/Data/Output/collected_outputs/figures/_temp_individual_posteriors/2026-09-16/gor01_two_2006-6-07_16-40-19/ripple/combined/multi/,p_x_given_n[690].png,2026-09-16 20:54:17+00:00,16294,gor01_two_2006-6-07_16-40-19
1270,file,/umms-kdiba/Data/Output/collected_outputs/figures/_temp_individual_posteriors/2026-09-16/gor01_two_2006-6-07_16-40-19/ripple/combined/multi/,p_x_given_n[691].png,2026-09-16 20:54:17+00:00,3999,gor01_two_2006-6-07_16-40-19
1271,file,/umms-kdiba/Data/Output/collected_outputs/figures/_temp_individual_posteriors/2026-09-16/gor01_two_2006-6-07_16-40-19/ripple/combined/multi/,p_x_given_n[692].png,2026-09-16 20:54:17+00:00,9501,gor01_two_2006-6-07_16-40-19
1272,file,/umms-kdiba/Data/Output/collected_outputs/figures/_temp_individual_posteriors/2026-09-16/gor01_two_2006-6-07_16-40-19/ripple/combined/multi/,p_x_given_n[693].png,2026-09-16 20:54:17+00:00,12873,gor01_two_2006-6-07_16-40-19
1273,file,/umms-kdiba/Data/Output/collected_outputs/figures/_temp_individual_posteriors/2026-09-16/gor01_two_2006-6-07_16-40-19/ripple/combined/multi/,p_x_given_n[694].png,2026-09-16 20:54:17+00:00,8607,gor01_two_2006-6-07_16-40-19
1274,file,/umms-kdiba/Data/Output/collected_outputs/figures/_temp_individual_posteriors/2026-09-16/gor01_two_2006-6-07_16-40-19/ripple/combined/multi/,p_x_given_n[695].png,2026-09-16 20:54:17+00:00,19010,gor01_two_2006-6-07_16-40-19
1275,file,/umms-kdiba/Data/Output/collected_outputs/figures/_temp_individual_posteriors/2026-09-16/gor01_two_2006-6-07_16-40-19/ripple/combined/multi/,p_x_given_n[696].png,2026-09-16 20:54:17+00:00,15631,gor01_two_2006-6-07_16-40-19
1276,file,/umms-kdiba/Data/Output/collected_outputs/figures/_temp_individual_posteriors/2026-09-16/gor01_two_2006-6-07_16-40-19/ripple/combined/multi/,p_x_given_n[697].png,2026-09-16 20:54:17+00:00,15175,gor01_two_2006-6-07_16-40-19
1277,file,/umms-kdiba/Data/Output/collected_outputs/figures/_temp_individual_posteriors/2026-09-16/gor01_two_2006-6-07_16-40-19/ripple/combined/multi/,p_x_given_n[698].png,2026-09-16 20:54:17+00:00,6949,gor01_two_2006-6-07_16-40-19
1278,file,/umms-kdiba/Data/Output/collected_outputs/figures/_temp_individual_posteriors/2026-09-16/gor01_two_2006-6-07_16-40-19/ripple/combined/multi/,p_x_given_n[699].png,2026-09-16 20:54:17+00:00,6813,gor01_two_2006-6-07_16-40-19
1279,file,/umms-kdiba/Data/Output/collected_outputs/figures/_temp_individual_posteriors/2026-09-16/gor01_two_2006-6-07_16-40-19/ripple/combined/multi/,p_x_given_n[700].png,2026-09-16 20:54:17+00:00,6193,gor01_two_2006-6-07_16-40-19
1280,file,/umms-kdiba/Data/Output/collected_outputs/figures/_temp_individual_posteriors/2026-09-16/gor01_two_2006-6-07_16-40-19/ripple/combined/multi/,p_x_given_n[701].png,2026-09-16 20:54:17+00:00,11297,gor01_two_2006-6-07_16-40-19
1281,file,/umms-kdiba/Data/Output/collected_outputs/figures/_temp_individual_posteriors/2026-09-16/gor01_two_2006-6-07_16-40-19/ripple/combined/multi/,p_x_given_n[702].png,2026-09-16 20:54:17+00:00,16441,gor01_two_2006-6-07_16-40-19
1282,file,/umms-kdiba/Data/Output/collected_outputs/figures/_temp_individual_posteriors/2026-09-16/gor01_two_2006-6-07_16-40-19/ripple/combined/multi/,p_x_given_n[703].png,2026-09-16 20:54:17+00:00,17073,gor01_two_2006-6-07_16-40-19
1283,file,/umms-kdiba/Data/Output/collected_outputs/figures/_temp_individual_posteriors/2026-09-16/gor01_two_2006-6-07_16-40-19/ripple/combined/multi/,p_x_given_n[704].png,2026-09-16 20:54:17+00:00,13414,gor01_two_2006-6-07_16-40-19
1284,file,/umms-kdiba/Data/Output/collected_outputs/figures/_temp_individual_posteriors/2026-09-16/gor01_two_2006-6-07_16-40-19/ripple/combined/multi/,p_x_given_n[705].png,2026-09-16 20:54:17+00:00,17702,gor01_two_2006-6-07_16-40-19
1285,file,/umms-kdiba/Data/Output/collected_outputs/figures/_temp_individual_posteriors/2026-09-16/gor01_two_2006-6-07_16-40-19/ripple/combined/multi/,p_x_given_n[706].png,2026-09-16 20:54:17+00:00,22182,gor01_two_2006-6-07_16-40-19
1286,file,/umms-kdiba/Data/Output/collected_outputs/figures/_temp_individual_posteriors/2026-09-16/gor01_two_2006-6-07_16-40-19/ripple/combined/multi/,p_x_given_n[707].png,2026-09-16 20:54:17+00:00,8939,gor01_two_2006-6-07_16-40-19
1287,file,/umms-kdiba/Data/Output/collected_outputs/figures/_temp_individual_posteriors/2026-09-16/gor01_two_2006-6-07_16-40-19/ripple/combined/multi/,p_x_given_n[708].png,2026-09-16 20:54:17+00:00,13549,gor01_two_2006-6-07_16-40-19
1288,file,/umms-kdiba/Data/Output/collected_outputs/figures/_temp_individual_posteriors/2026-09-16/gor01_two_2006-6-07_16-40-19/ripple/combined/multi/,p_x_given_n[709].png,2026-09-16 20:54:17+00:00,24024,gor01_two_2006-6-07_16-40-19
1289,file,/umms-kdiba/Data/Output/collected_outputs/figures/_temp_individual_posteriors/2026-09-16/gor01_two_2006-6-07_16-40-19/ripple/combined/multi/,p_x_given_n[627].png,2026-09-16 20:54:16+00:00,14482,gor01_two_2006-6-07_16-40-19
1290,file,/umms-kdiba/Data/Output/collected_outputs/figures/_temp_individual_posteriors/2026-09-16/gor01_two_2006-6-07_16-40-19/ripple/combined/multi/,p_x_given_n[628].png,2026-09-16 20:54:16+00:00,18474,gor01_two_2006-6-07_16-40-19
1291,file,/umms-kdiba/Data/Output/collected_outputs/figures/_temp_individual_posteriors/2026-09-16/gor01_two_2006-6-07_16-40-19/ripple/combined/multi/,p_x_given_n[629].png,2026-09-16 20:54:16+00:00,16115,gor01_two_2006-6-07_16-40-19
1292,file,/umms-kdiba/Data/Output/collected_outputs/figures/_temp_individual_posteriors/2026-09-16/gor01_two_2006-6-07_16-40-19/ripple/combined/multi/,p_x_given_n[630].png,2026-09-16 20:54:16+00:00,10623,gor01_two_2006-6-07_16-40-19
1293,file,/umms-kdiba/Data/Output/collected_outputs/figures/_temp_individual_posteriors/2026-09-16/gor01_two_2006-6-07_16-40-19/ripple/combined/multi/,p_x_given_n[631].png,2026-09-16 20:54:16+00:00,13275,gor01_two_2006-6-07_16-40-19
1294,file,/umms-kdiba/Data/Output/collected_outputs/figures/_temp_individual_posteriors/2026-09-16/gor01_two_2006-6-07_16-40-19/ripple/combined/multi/,p_x_given_n[632].png,2026-09-16 20:54:16+00:00,17469,gor01_two_2006-6-07_16-40-19
1295,file,/umms-kdiba/Data/Output/collected_outputs/figures/_temp_individual_posteriors/2026-09-16/gor01_two_2006-6-07_16-40-19/ripple/combined/multi/,p_x_given_n[633].png,2026-09-16 20:54:16+00:00,14055,gor01_two_2006-6-07_16-40-19
1296,file,/umms-kdiba/Data/Output/collected_outputs/figures/_temp_individual_posteriors/2026-09-16/gor01_two_2006-6-07_16-40-19/ripple/combined/multi/,p_x_given_n[634].png,2026-09-16 20:54:16+00:00,7288,gor01_two_2006-6-07_16-40-19
1297,file,/umms-kdiba/Data/Output/collected_outputs/figures/_temp_individual_posteriors/2026-09-16/gor01_two_2006-6-07_16-40-19/ripple/combined/multi/,p_x_given_n[635].png,2026-09-16 20:54:16+00:00,13259,gor01_two_2006-6-07_16-40-19
1298,file,/umms-kdiba/Data/Output/collected_outputs/figures/_temp_individual_posteriors/2026-09-16/gor01_two_2006-6-07_16-40-19/ripple/combined/multi/,p_x_given_n[636].png,2026-09-16 20:54:16+00:00,15671,gor01_two_2006-6-07_16-40-19
1299,file,/umms-kdiba/Data/Output/collected_outputs/figures/_temp_individual_posteriors/2026-09-16/gor01_two_2006-6-07_16-40-19/ripple/combined/multi/,p_x_given_n[637].png,2026-09-16 20:54:16+00:00,3473,gor01_two_2006-6-07_16-40-19
1300,file,/umms-kdiba/Data/Output/collected_outputs/figures/_temp_individual_posteriors/2026-09-16/gor01_two_2006-6-07_16-40-19/ripple/combined/multi/,p_x_given_n[639].png,2026-09-16 20:54:16+00:00,7171,gor01_two_2006-6-07_16-40-19
1301,file,/umms-kdiba/Data/Output/collected_outputs/figures/_temp_individual_posteriors/2026-09-16/gor01_two_2006-6-07_16-40-19/ripple/combined/multi/,p_x_given_n[640].png,2026-09-16 20:54:16+00:00,12984,gor01_two_2006-6-07_16-40-19
1302,file,/umms-kdiba/Data/Output/collected_outputs/figures/_temp_individual_posteriors/2026-09-16/gor01_two_2006-6-07_16-40-19/ripple/combined/multi/,p_x_given_n[641].png,2026-09-16 20:54:16+00:00,14535,gor01_two_2006-6-07_16-40-19
1303,file,/umms-kdiba/Data/Output/collected_outputs/figures/_temp_individual_posteriors/2026-09-16/gor01_two_2006-6-07_16-40-19/ripple/combined/multi/,p_x_given_n[642].png,2026-09-16 20:54:16+00:00,11375,gor01_two_2006-6-07_16-40-19
1304,file,/umms-kdiba/Data/Output/collected_outputs/figures/_temp_individual_posteriors/2026-09-16/gor01_two_2006-6-07_16-40-19/ripple/combined/multi/,p_x_given_n[643].png,2026-09-16 20:54:16+00:00,18671,gor01_two_2006-6-07_16-40-19
1305,file,/umms-kdiba/Data/Output/collected_outputs/figures/_temp_individual_posteriors/2026-09-16/gor01_two_2006-6-07_16-40-19/ripple/combined/multi/,p_x_given_n[644].png,2026-09-16 20:54:16+00:00,16932,gor01_two_2006-6-07_16-40-19
1306,file,/umms-kdiba/Data/Output/collected_outputs/figures/_temp_individual_posteriors/2026-09-16/gor01_two_2006-6-07_16-40-19/ripple/combined/multi/,p_x_given_n[645].png,2026-09-16 20:54:16+00:00,23247,gor01_two_2006-6-07_16-40-19
1307,file,/umms-kdiba/Data/Output/collected_outputs/figures/_temp_individual_posteriors/2026-09-16/gor01_two_2006-6-07_16-40-19/ripple/combined/multi/,p_x_given_n[646].png,2026-09-16 20:54:16+00:00,15359,gor01_two_2006-6-07_16-40-19
1308,file,/umms-kdiba/Data/Output/collected_outputs/figures/_temp_individual_posteriors/2026-09-16/gor01_two_2006-6-07_16-40-19/ripple/combined/multi/,p_x_given_n[647].png,2026-09-16 20:54:16+00:00,18584,gor01_two_2006-6-07_16-40-19
1309,file,/umms-kdiba/Data/Output/collected_outputs/figures/_temp_individual_posteriors/2026-09-16/gor01_two_2006-6-07_16-40-19/ripple/combined/multi/,p_x_given_n[648].png,2026-09-16 20:54:16+00:00,15585,gor01_two_2006-6-07_16-40-19
1310,file,/umms-kdiba/Data/Output/collected_outputs/figures/_temp_individual_posteriors/2026-09-16/gor01_two_2006-6-07_16-40-19/ripple/combined/multi/,p_x_given_n[649].png,2026-09-16 20:54:16+00:00,6166,gor01_two_2006-6-07_16-40-19
1311,file,/umms-kdiba/Data/Output/collected_outputs/figures/_temp_individual_posteriors/2026-09-16/gor01_two_2006-6-07_16-40-19/ripple/combined/multi/,p_x_given_n[650].png,2026-09-16 20:54:16+00:00,23560,gor01_two_2006-6-07_16-40-19
1312,file,/umms-kdiba/Data/Output/collected_outputs/figures/_temp_individual_posteriors/2026-09-16/gor01_two_2006-6-07_16-40-19/ripple/combined/multi/,p_x_given_n[651].png,2026-09-16 20:54:16+00:00,7182,gor01_two_2006-6-07_16-40-19
1313,file,/umms-kdiba/Data/Output/collected_outputs/figures/_temp_individual_posteriors/2026-09-16/gor01_two_2006-6-07_16-40-19/ripple/combined/multi/,p_x_given_n[652].png,2026-09-16 20:54:16+00:00,22931,gor01_two_2006-6-07_16-40-19
1314,file,/umms-kdiba/Data/Output/collected_outputs/figures/_temp_individual_posteriors/2026-09-16/gor01_two_2006-6-07_16-40-19/ripple/combined/multi/,p_x_given_n[653].png,2026-09-16 20:54:16+00:00,7294,gor01_two_2006-6-07_16-40-19
1315,file,/umms-kdiba/Data/Output/collected_outputs/figures/_temp_individual_posteriors/2026-09-16/gor01_two_2006-6-07_16-40-19/ripple/combined/multi/,p_x_given_n[654].png,2026-09-16 20:54:16+00:00,16466,gor01_two_2006-6-07_16-40-19
1316,file,/umms-kdiba/Data/Output/collected_outputs/figures/_temp_individual_posteriors/2026-09-16/gor01_two_2006-6-07_16-40-19/ripple/combined/multi/,p_x_given_n[655].png,2026-09-16 20:54:16+00:00,14629,gor01_two_2006-6-07_16-40-19
1317,file,/umms-kdiba/Data/Output/collected_outputs/figures/_temp_individual_posteriors/2026-09-16/gor01_two_2006-6-07_16-40-19/ripple/combined/multi/,p_x_given_n[656].png,2026-09-16 20:54:16+00:00,13008,gor01_two_2006-6-07_16-40-19
1318,file,/umms-kdiba/Data/Output/collected_outputs/figures/_temp_individual_posteriors/2026-09-16/gor01_two_2006-6-07_16-40-19/ripple/combined/multi/,p_x_given_n[657].png,2026-09-16 20:54:16+00:00,4343,gor01_two_2006-6-07_16-40-19
1319,file,/umms-kdiba/Data/Output/collected_outputs/figures/_temp_individual_posteriors/2026-09-16/gor01_two_2006-6-07_16-40-19/ripple/combined/multi/,p_x_given_n[658].png,2026-09-16 20:54:16+00:00,18069,gor01_two_2006-6-07_16-40-19
1320,file,/umms-kdiba/Data/Output/collected_outputs/figures/_temp_individual_posteriors/2026-09-16/gor01_two_2006-6-07_16-40-19/ripple/combined/multi/,p_x_given_n[659].png,2026-09-16 20:54:16+00:00,10628,gor01_two_2006-6-07_16-40-19
1321,file,/umms-kdiba/Data/Output/collected_outputs/figures/_temp_individual_posteriors/2026-09-16/gor01_two_2006-6-07_16-40-19/ripple/combined/multi/,p_x_given_n[660].png,2026-09-16 20:54:16+00:00,12696,gor01_two_2006-6-07_16-40-19
1322,file,/umms-kdiba/Data/Output/collected_outputs/figures/_temp_individual_posteriors/2026-09-16/gor01_two_2006-6-07_16-40-19/ripple/combined/multi/,p_x_given_n[661].png,2026-09-16 20:54:16+00:00,5987,gor01_two_2006-6-07_16-40-19
1323,file,/umms-kdiba/Data/Output/collected_outputs/figures/_temp_individual_posteriors/2026-09-16/gor01_two_2006-6-07_16-40-19/ripple/combined/multi/,p_x_given_n[662].png,2026-09-16 20:54:16+00:00,16214,gor01_two_2006-6-07_16-40-19
1324,file,/umms-kdiba/Data/Output/collected_outputs/figures/_temp_individual_posteriors/2026-09-16/gor01_two_2006-6-07_16-40-19/ripple/combined/multi/,p_x_given_n[663].png,2026-09-16 20:54:16+00:00,12424,gor01_two_2006-6-07_16-40-19
1325,file,/umms-kdiba/Data/Output/collected_outputs/figures/_temp_individual_posteriors/2026-09-16/gor01_two_2006-6-07_16-40-19/ripple/combined/multi/,p_x_given_n[664].png,2026-09-16 20:54:16+00:00,6496,gor01_two_2006-6-07_16-40-19
1326,file,/umms-kdiba/Data/Output/collected_outputs/figures/_temp_individual_posteriors/2026-09-16/gor01_two_2006-6-07_16-40-19/ripple/combined/multi/,p_x_given_n[665].png,2026-09-16 20:54:16+00:00,17194,gor01_two_2006-6-07_16-40-19
1327,file,/umms-kdiba/Data/Output/collected_outputs/figures/_temp_individual_posteriors/2026-09-16/gor01_two_2006-6-07_16-40-19/ripple/combined/multi/,p_x_given_n[666].png,2026-09-16 20:54:16+00:00,18925,gor01_two_2006-6-07_16-40-19
1328,file,/umms-kdiba/Data/Output/collected_outputs/figures/_temp_individual_posteriors/2026-09-16/gor01_two_2006-6-07_16-40-19/ripple/combined/multi/,p_x_given_n[667].png,2026-09-16 20:54:16+00:00,14822,gor01_two_2006-6-07_16-40-19
1329,file,/umms-kdiba/Data/Output/collected_outputs/figures/_temp_individual_posteriors/2026-09-16/gor01_two_2006-6-07_16-40-19/ripple/combined/multi/,p_x_given_n[589].png,2026-09-16 20:54:15+00:00,10398,gor01_two_2006-6-07_16-40-19
1330,file,/umms-kdiba/Data/Output/collected_outputs/figures/_temp_individual_posteriors/2026-09-16/gor01_two_2006-6-07_16-40-19/ripple/combined/multi/,p_x_given_n[590].png,2026-09-16 20:54:15+00:00,14913,gor01_two_2006-6-07_16-40-19
1331,file,/umms-kdiba/Data/Output/collected_outputs/figures/_temp_individual_posteriors/2026-09-16/gor01_two_2006-6-07_16-40-19/ripple/combined/multi/,p_x_given_n[591].png,2026-09-16 20:54:15+00:00,6747,gor01_two_2006-6-07_16-40-19
1332,file,/umms-kdiba/Data/Output/collected_outputs/figures/_temp_individual_posteriors/2026-09-16/gor01_two_2006-6-07_16-40-19/ripple/combined/multi/,p_x_given_n[592].png,2026-09-16 20:54:15+00:00,6559,gor01_two_2006-6-07_16-40-19
1333,file,/umms-kdiba/Data/Output/collected_outputs/figures/_temp_individual_posteriors/2026-09-16/gor01_two_2006-6-07_16-40-19/ripple/combined/multi/,p_x_given_n[593].png,2026-09-16 20:54:15+00:00,20812,gor01_two_2006-6-07_16-40-19
1334,file,/umms-kdiba/Data/Output/collected_outputs/figures/_temp_individual_posteriors/2026-09-16/gor01_two_2006-6-07_16-40-19/ripple/combined/multi/,p_x_given_n[594].png,2026-09-16 20:54:15+00:00,21525,gor01_two_2006-6-07_16-40-19
1335,file,/umms-kdiba/Data/Output/collected_outputs/figures/_temp_individual_posteriors/2026-09-16/gor01_two_2006-6-07_16-40-19/ripple/combined/multi/,p_x_given_n[595].png,2026-09-16 20:54:15+00:00,14334,gor01_two_2006-6-07_16-40-19
1336,file,/umms-kdiba/Data/Output/collected_outputs/figures/_temp_individual_posteriors/2026-09-16/gor01_two_2006-6-07_16-40-19/ripple/combined/multi/,p_x_given_n[596].png,2026-09-16 20:54:15+00:00,22043,gor01_two_2006-6-07_16-40-19
1337,file,/umms-kdiba/Data/Output/collected_outputs/figures/_temp_individual_posteriors/2026-09-16/gor01_two_2006-6-07_16-40-19/ripple/combined/multi/,p_x_given_n[597].png,2026-09-16 20:54:15+00:00,9898,gor01_two_2006-6-07_16-40-19
1338,file,/umms-kdiba/Data/Output/collected_outputs/figures/_temp_individual_posteriors/2026-09-16/gor01_two_2006-6-07_16-40-19/ripple/combined/multi/,p_x_given_n[599].png,2026-09-16 20:54:15+00:00,18920,gor01_two_2006-6-07_16-40-19
1339,file,/umms-kdiba/Data/Output/collected_outputs/figures/_temp_individual_posteriors/2026-09-16/gor01_two_2006-6-07_16-40-19/ripple/combined/multi/,p_x_given_n[600].png,2026-09-16 20:54:15+00:00,13520,gor01_two_2006-6-07_16-40-19
1340,file,/umms-kdiba/Data/Output/collected_outputs/figures/_temp_individual_posteriors/2026-09-16/gor01_two_2006-6-07_16-40-19/ripple/combined/multi/,p_x_given_n[601].png,2026-09-16 20:54:15+00:00,12586,gor01_two_2006-6-07_16-40-19
1341,file,/umms-kdiba/Data/Output/collected_outputs/figures/_temp_individual_posteriors/2026-09-16/gor01_two_2006-6-07_16-40-19/ripple/combined/multi/,p_x_given_n[602].png,2026-09-16 20:54:15+00:00,10266,gor01_two_2006-6-07_16-40-19
1342,file,/umms-kdiba/Data/Output/collected_outputs/figures/_temp_individual_posteriors/2026-09-16/gor01_two_2006-6-07_16-40-19/ripple/combined/multi/,p_x_given_n[603].png,2026-09-16 20:54:15+00:00,22876,gor01_two_2006-6-07_16-40-19
1343,file,/umms-kdiba/Data/Output/collected_outputs/figures/_temp_individual_posteriors/2026-09-16/gor01_two_2006-6-07_16-40-19/ripple/combined/multi/,p_x_given_n[604].png,2026-09-16 20:54:15+00:00,13192,gor01_two_2006-6-07_16-40-19
1344,file,/umms-kdiba/Data/Output/collected_outputs/figures/_temp_individual_posteriors/2026-09-16/gor01_two_2006-6-07_16-40-19/ripple/combined/multi/,p_x_given_n[605].png,2026-09-16 20:54:15+00:00,6359,gor01_two_2006-6-07_16-40-19
1345,file,/umms-kdiba/Data/Output/collected_outputs/figures/_temp_individual_posteriors/2026-09-16/gor01_two_2006-6-07_16-40-19/ripple/combined/multi/,p_x_given_n[606].png,2026-09-16 20:54:15+00:00,15457,gor01_two_2006-6-07_16-40-19
1346,file,/umms-kdiba/Data/Output/collected_outputs/figures/_temp_individual_posteriors/2026-09-16/gor01_two_2006-6-07_16-40-19/ripple/combined/multi/,p_x_given_n[607].png,2026-09-16 20:54:15+00:00,7211,gor01_two_2006-6-07_16-40-19
1347,file,/umms-kdiba/Data/Output/collected_outputs/figures/_temp_individual_posteriors/2026-09-16/gor01_two_2006-6-07_16-40-19/ripple/combined/multi/,p_x_given_n[608].png,2026-09-16 20:54:15+00:00,25707,gor01_two_2006-6-07_16-40-19
1348,file,/umms-kdiba/Data/Output/collected_outputs/figures/_temp_individual_posteriors/2026-09-16/gor01_two_2006-6-07_16-40-19/ripple/combined/multi/,p_x_given_n[609].png,2026-09-16 20:54:15+00:00,16927,gor01_two_2006-6-07_16-40-19
1349,file,/umms-kdiba/Data/Output/collected_outputs/figures/_temp_individual_posteriors/2026-09-16/gor01_two_2006-6-07_16-40-19/ripple/combined/multi/,p_x_given_n[610].png,2026-09-16 20:54:15+00:00,18305,gor01_two_2006-6-07_16-40-19
1350,file,/umms-kdiba/Data/Output/collected_outputs/figures/_temp_individual_posteriors/2026-09-16/gor01_two_2006-6-07_16-40-19/ripple/combined/multi/,p_x_given_n[611].png,2026-09-16 20:54:15+00:00,17128,gor01_two_2006-6-07_16-40-19
1351,file,/umms-kdiba/Data/Output/collected_outputs/figures/_temp_individual_posteriors/2026-09-16/gor01_two_2006-6-07_16-40-19/ripple/combined/multi/,p_x_given_n[612].png,2026-09-16 20:54:15+00:00,19588,gor01_two_2006-6-07_16-40-19
1352,file,/umms-kdiba/Data/Output/collected_outputs/figures/_temp_individual_posteriors/2026-09-16/gor01_two_2006-6-07_16-40-19/ripple/combined/multi/,p_x_given_n[613].png,2026-09-16 20:54:15+00:00,18845,gor01_two_2006-6-07_16-40-19
1353,file,/umms-kdiba/Data/Output/collected_outputs/figures/_temp_individual_posteriors/2026-09-16/gor01_two_2006-6-07_16-40-19/ripple/combined/multi/,p_x_given_n[614].png,2026-09-16 20:54:15+00:00,21204,gor01_two_2006-6-07_16-40-19
1354,file,/umms-kdiba/Data/Output/collected_outputs/figures/_temp_individual_posteriors/2026-09-16/gor01_two_2006-6-07_16-40-19/ripple/combined/multi/,p_x_given_n[615].png,2026-09-16 20:54:15+00:00,20963,gor01_two_2006-6-07_16-40-19
1355,file,/umms-kdiba/Data/Output/collected_outputs/figures/_temp_individual_posteriors/2026-09-16/gor01_two_2006-6-07_16-40-19/ripple/combined/multi/,p_x_given_n[616].png,2026-09-16 20:54:15+00:00,14204,gor01_two_2006-6-07_16-40-19
1356,file,/umms-kdiba/Data/Output/collected_outputs/figures/_temp_individual_posteriors/2026-09-16/gor01_two_2006-6-07_16-40-19/ripple/combined/multi/,p_x_given_n[617].png,2026-09-16 20:54:15+00:00,16985,gor01_two_2006-6-07_16-40-19
1357,file,/umms-kdiba/Data/Output/collected_outputs/figures/_temp_individual_posteriors/2026-09-16/gor01_two_2006-6-07_16-40-19/ripple/combined/multi/,p_x_given_n[618].png,2026-09-16 20:54:15+00:00,10441,gor01_two_2006-6-07_16-40-19
1358,file,/umms-kdiba/Data/Output/collected_outputs/figures/_temp_individual_posteriors/2026-09-16/gor01_two_2006-6-07_16-40-19/ripple/combined/multi/,p_x_given_n[619].png,2026-09-16 20:54:15+00:00,10336,gor01_two_2006-6-07_16-40-19
1359,file,/umms-kdiba/Data/Output/collected_outputs/figures/_temp_individual_posteriors/2026-09-16/gor01_two_2006-6-07_16-40-19/ripple/combined/multi/,p_x_given_n[620].png,2026-09-16 20:54:15+00:00,16915,gor01_two_2006-6-07_16-40-19
1360,file,/umms-kdiba/Data/Output/collected_outputs/figures/_temp_individual_posteriors/2026-09-16/gor01_two_2006-6-07_16-40-19/ripple/combined/multi/,p_x_given_n[621].png,2026-09-16 20:54:15+00:00,18519,gor01_two_2006-6-07_16-40-19
1361,file,/umms-kdiba/Data/Output/collected_outputs/figures/_temp_individual_posteriors/2026-09-16/gor01_two_2006-6-07_16-40-19/ripple/combined/multi/,p_x_given_n[622].png,2026-09-16 20:54:15+00:00,12780,gor01_two_2006-6-07_16-40-19
1362,file,/umms-kdiba/Data/Output/collected_outputs/figures/_temp_individual_posteriors/2026-09-16/gor01_two_2006-6-07_16-40-19/ripple/combined/multi/,p_x_given_n[623].png,2026-09-16 20:54:15+00:00,17401,gor01_two_2006-6-07_16-40-19
1363,file,/umms-kdiba/Data/Output/collected_outputs/figures/_temp_individual_posteriors/2026-09-16/gor01_two_2006-6-07_16-40-19/ripple/combined/multi/,p_x_given_n[624].png,2026-09-16 20:54:15+00:00,15222,gor01_two_2006-6-07_16-40-19
1364,file,/umms-kdiba/Data/Output/collected_outputs/figures/_temp_individual_posteriors/2026-09-16/gor01_two_2006-6-07_16-40-19/ripple/combined/multi/,p_x_given_n[625].png,2026-09-16 20:54:15+00:00,18016,gor01_two_2006-6-07_16-40-19
1365,file,/umms-kdiba/Data/Output/collected_outputs/figures/_temp_individual_posteriors/2026-09-16/gor01_two_2006-6-07_16-40-19/ripple/combined/multi/,p_x_given_n[626].png,2026-09-16 20:54:15+00:00,16513,gor01_two_2006-6-07_16-40-19
1366,file,/umms-kdiba/Data/Output/collected_outputs/figures/_temp_individual_posteriors/2026-09-16/gor01_two_2006-6-07_16-40-19/ripple/combined/multi/,p_x_given_n[550].png,2026-09-16 20:54:14+00:00,16412,gor01_two_2006-6-07_16-40-19
1367,file,/umms-kdiba/Data/Output/collected_outputs/figures/_temp_individual_posteriors/2026-09-16/gor01_two_2006-6-07_16-40-19/ripple/combined/multi/,p_x_given_n[551].png,2026-09-16 20:54:14+00:00,14623,gor01_two_2006-6-07_16-40-19
1368,file,/umms-kdiba/Data/Output/collected_outputs/figures/_temp_individual_posteriors/2026-09-16/gor01_two_2006-6-07_16-40-19/ripple/combined/multi/,p_x_given_n[552].png,2026-09-16 20:54:14+00:00,9762,gor01_two_2006-6-07_16-40-19
1369,file,/umms-kdiba/Data/Output/collected_outputs/figures/_temp_individual_posteriors/2026-09-16/gor01_two_2006-6-07_16-40-19/ripple/combined/multi/,p_x_given_n[553].png,2026-09-16 20:54:14+00:00,13002,gor01_two_2006-6-07_16-40-19
1370,file,/umms-kdiba/Data/Output/collected_outputs/figures/_temp_individual_posteriors/2026-09-16/gor01_two_2006-6-07_16-40-19/ripple/combined/multi/,p_x_given_n[554].png,2026-09-16 20:54:14+00:00,15717,gor01_two_2006-6-07_16-40-19
1371,file,/umms-kdiba/Data/Output/collected_outputs/figures/_temp_individual_posteriors/2026-09-16/gor01_two_2006-6-07_16-40-19/ripple/combined/multi/,p_x_given_n[555].png,2026-09-16 20:54:14+00:00,17834,gor01_two_2006-6-07_16-40-19
1372,file,/umms-kdiba/Data/Output/collected_outputs/figures/_temp_individual_posteriors/2026-09-16/gor01_two_2006-6-07_16-40-19/ripple/combined/multi/,p_x_given_n[556].png,2026-09-16 20:54:14+00:00,12389,gor01_two_2006-6-07_16-40-19
1373,file,/umms-kdiba/Data/Output/collected_outputs/figures/_temp_individual_posteriors/2026-09-16/gor01_two_2006-6-07_16-40-19/ripple/combined/multi/,p_x_given_n[557].png,2026-09-16 20:54:14+00:00,5102,gor01_two_2006-6-07_16-40-19
1374,file,/umms-kdiba/Data/Output/collected_outputs/figures/_temp_individual_posteriors/2026-09-16/gor01_two_2006-6-07_16-40-19/ripple/combined/multi/,p_x_given_n[558].png,2026-09-16 20:54:14+00:00,10389,gor01_two_2006-6-07_16-40-19
1375,file,/umms-kdiba/Data/Output/collected_outputs/figures/_temp_individual_posteriors/2026-09-16/gor01_two_2006-6-07_16-40-19/ripple/combined/multi/,p_x_given_n[559].png,2026-09-16 20:54:14+00:00,16420,gor01_two_2006-6-07_16-40-19
1376,file,/umms-kdiba/Data/Output/collected_outputs/figures/_temp_individual_posteriors/2026-09-16/gor01_two_2006-6-07_16-40-19/ripple/combined/multi/,p_x_given_n[560].png,2026-09-16 20:54:14+00:00,18241,gor01_two_2006-6-07_16-40-19
1377,file,/umms-kdiba/Data/Output/collected_outputs/figures/_temp_individual_posteriors/2026-09-16/gor01_two_2006-6-07_16-40-19/ripple/combined/multi/,p_x_given_n[561].png,2026-09-16 20:54:14+00:00,17719,gor01_two_2006-6-07_16-40-19
1378,file,/umms-kdiba/Data/Output/collected_outputs/figures/_temp_individual_posteriors/2026-09-16/gor01_two_2006-6-07_16-40-19/ripple/combined/multi/,p_x_given_n[562].png,2026-09-16 20:54:14+00:00,18308,gor01_two_2006-6-07_16-40-19
1379,file,/umms-kdiba/Data/Output/collected_outputs/figures/_temp_individual_posteriors/2026-09-16/gor01_two_2006-6-07_16-40-19/ripple/combined/multi/,p_x_given_n[563].png,2026-09-16 20:54:14+00:00,3991,gor01_two_2006-6-07_16-40-19
1380,file,/umms-kdiba/Data/Output/collected_outputs/figures/_temp_individual_posteriors/2026-09-16/gor01_two_2006-6-07_16-40-19/ripple/combined/multi/,p_x_given_n[564].png,2026-09-16 20:54:14+00:00,16613,gor01_two_2006-6-07_16-40-19
1381,file,/umms-kdiba/Data/Output/collected_outputs/figures/_temp_individual_posteriors/2026-09-16/gor01_two_2006-6-07_16-40-19/ripple/combined/multi/,p_x_given_n[565].png,2026-09-16 20:54:14+00:00,20837,gor01_two_2006-6-07_16-40-19
1382,file,/umms-kdiba/Data/Output/collected_outputs/figures/_temp_individual_posteriors/2026-09-16/gor01_two_2006-6-07_16-40-19/ripple/combined/multi/,p_x_given_n[566].png,2026-09-16 20:54:14+00:00,9879,gor01_two_2006-6-07_16-40-19
1383,file,/umms-kdiba/Data/Output/collected_outputs/figures/_temp_individual_posteriors/2026-09-16/gor01_two_2006-6-07_16-40-19/ripple/combined/multi/,p_x_given_n[567].png,2026-09-16 20:54:14+00:00,22223,gor01_two_2006-6-07_16-40-19
1384,file,/umms-kdiba/Data/Output/collected_outputs/figures/_temp_individual_posteriors/2026-09-16/gor01_two_2006-6-07_16-40-19/ripple/combined/multi/,p_x_given_n[568].png,2026-09-16 20:54:14+00:00,12968,gor01_two_2006-6-07_16-40-19
1385,file,/umms-kdiba/Data/Output/collected_outputs/figures/_temp_individual_posteriors/2026-09-16/gor01_two_2006-6-07_16-40-19/ripple/combined/multi/,p_x_given_n[569].png,2026-09-16 20:54:14+00:00,16094,gor01_two_2006-6-07_16-40-19
1386,file,/umms-kdiba/Data/Output/collected_outputs/figures/_temp_individual_posteriors/2026-09-16/gor01_two_2006-6-07_16-40-19/ripple/combined/multi/,p_x_given_n[570].png,2026-09-16 20:54:14+00:00,9240,gor01_two_2006-6-07_16-40-19
1387,file,/umms-kdiba/Data/Output/collected_outputs/figures/_temp_individual_posteriors/2026-09-16/gor01_two_2006-6-07_16-40-19/ripple/combined/multi/,p_x_given_n[571].png,2026-09-16 20:54:14+00:00,16595,gor01_two_2006-6-07_16-40-19
1388,file,/umms-kdiba/Data/Output/collected_outputs/figures/_temp_individual_posteriors/2026-09-16/gor01_two_2006-6-07_16-40-19/ripple/combined/multi/,p_x_given_n[572].png,2026-09-16 20:54:14+00:00,13473,gor01_two_2006-6-07_16-40-19
1389,file,/umms-kdiba/Data/Output/collected_outputs/figures/_temp_individual_posteriors/2026-09-16/gor01_two_2006-6-07_16-40-19/ripple/combined/multi/,p_x_given_n[573].png,2026-09-16 20:54:14+00:00,16045,gor01_two_2006-6-07_16-40-19
1390,file,/umms-kdiba/Data/Output/collected_outputs/figures/_temp_individual_posteriors/2026-09-16/gor01_two_2006-6-07_16-40-19/ripple/combined/multi/,p_x_given_n[574].png,2026-09-16 20:54:14+00:00,9870,gor01_two_2006-6-07_16-40-19
1391,file,/umms-kdiba/Data/Output/collected_outputs/figures/_temp_individual_posteriors/2026-09-16/gor01_two_2006-6-07_16-40-19/ripple/combined/multi/,p_x_given_n[575].png,2026-09-16 20:54:14+00:00,14257,gor01_two_2006-6-07_16-40-19
1392,file,/umms-kdiba/Data/Output/collected_outputs/figures/_temp_individual_posteriors/2026-09-16/gor01_two_2006-6-07_16-40-19/ripple/combined/multi/,p_x_given_n[576].png,2026-09-16 20:54:14+00:00,17258,gor01_two_2006-6-07_16-40-19
1393,file,/umms-kdiba/Data/Output/collected_outputs/figures/_temp_individual_posteriors/2026-09-16/gor01_two_2006-6-07_16-40-19/ripple/combined/multi/,p_x_given_n[577].png,2026-09-16 20:54:14+00:00,20781,gor01_two_2006-6-07_16-40-19
1394,file,/umms-kdiba/Data/Output/collected_outputs/figures/_temp_individual_posteriors/2026-09-16/gor01_two_2006-6-07_16-40-19/ripple/combined/multi/,p_x_given_n[578].png,2026-09-16 20:54:14+00:00,11201,gor01_two_2006-6-07_16-40-19
1395,file,/umms-kdiba/Data/Output/collected_outputs/figures/_temp_individual_posteriors/2026-09-16/gor01_two_2006-6-07_16-40-19/ripple/combined/multi/,p_x_given_n[579].png,2026-09-16 20:54:14+00:00,21164,gor01_two_2006-6-07_16-40-19
1396,file,/umms-kdiba/Data/Output/collected_outputs/figures/_temp_individual_posteriors/2026-09-16/gor01_two_2006-6-07_16-40-19/ripple/combined/multi/,p_x_given_n[580].png,2026-09-16 20:54:14+00:00,18357,gor01_two_2006-6-07_16-40-19
1397,file,/umms-kdiba/Data/Output/collected_outputs/figures/_temp_individual_posteriors/2026-09-16/gor01_two_2006-6-07_16-40-19/ripple/combined/multi/,p_x_given_n[581].png,2026-09-16 20:54:14+00:00,17248,gor01_two_2006-6-07_16-40-19
1398,file,/umms-kdiba/Data/Output/collected_outputs/figures/_temp_individual_posteriors/2026-09-16/gor01_two_2006-6-07_16-40-19/ripple/combined/multi/,p_x_given_n[582].png,2026-09-16 20:54:14+00:00,19342,gor01_two_2006-6-07_16-40-19
1399,file,/umms-kdiba/Data/Output/collected_outputs/figures/_temp_individual_posteriors/2026-09-16/gor01_two_2006-6-07_16-40-19/ripple/combined/multi/,p_x_given_n[583].png,2026-09-16 20:54:14+00:00,17870,gor01_two_2006-6-07_16-40-19
1400,file,/umms-kdiba/Data/Output/collected_outputs/figures/_temp_individual_posteriors/2026-09-16/gor01_two_2006-6-07_16-40-19/ripple/combined/multi/,p_x_given_n[584].png,2026-09-16 20:54:14+00:00,6571,gor01_two_2006-6-07_16-40-19
1401,file,/umms-kdiba/Data/Output/collected_outputs/figures/_temp_individual_posteriors/2026-09-16/gor01_two_2006-6-07_16-40-19/ripple/combined/multi/,p_x_given_n[585].png,2026-09-16 20:54:14+00:00,18763,gor01_two_2006-6-07_16-40-19
1402,file,/umms-kdiba/Data/Output/collected_outputs/figures/_temp_individual_posteriors/2026-09-16/gor01_two_2006-6-07_16-40-19/ripple/combined/multi/,p_x_given_n[586].png,2026-09-16 20:54:14+00:00,12538,gor01_two_2006-6-07_16-40-19
1403,file,/umms-kdiba/Data/Output/collected_outputs/figures/_temp_individual_posteriors/2026-09-16/gor01_two_2006-6-07_16-40-19/ripple/combined/multi/,p_x_given_n[587].png,2026-09-16 20:54:14+00:00,3754,gor01_two_2006-6-07_16-40-19
1404,file,/umms-kdiba/Data/Output/collected_outputs/figures/_temp_individual_posteriors/2026-09-16/gor01_two_2006-6-07_16-40-19/ripple/combined/multi/,p_x_given_n[588].png,2026-09-16 20:54:14+00:00,11557,gor01_two_2006-6-07_16-40-19
1405,file,/umms-kdiba/Data/Output/collected_outputs/figures/_temp_individual_posteriors/2026-09-16/gor01_two_2006-6-07_16-40-19/ripple/combined/multi/,p_x_given_n[507].png,2026-09-16 20:54:13+00:00,16964,gor01_two_2006-6-07_16-40-19
1406,file,/umms-kdiba/Data/Output/collected_outputs/figures/_temp_individual_posteriors/2026-09-16/gor01_two_2006-6-07_16-40-19/ripple/combined/multi/,p_x_given_n[508].png,2026-09-16 20:54:13+00:00,13735,gor01_two_2006-6-07_16-40-19
1407,file,/umms-kdiba/Data/Output/collected_outputs/figures/_temp_individual_posteriors/2026-09-16/gor01_two_2006-6-07_16-40-19/ripple/combined/multi/,p_x_given_n[509].png,2026-09-16 20:54:13+00:00,4024,gor01_two_2006-6-07_16-40-19
1408,file,/umms-kdiba/Data/Output/collected_outputs/figures/_temp_individual_posteriors/2026-09-16/gor01_two_2006-6-07_16-40-19/ripple/combined/multi/,p_x_given_n[510].png,2026-09-16 20:54:13+00:00,6748,gor01_two_2006-6-07_16-40-19
1409,file,/umms-kdiba/Data/Output/collected_outputs/figures/_temp_individual_posteriors/2026-09-16/gor01_two_2006-6-07_16-40-19/ripple/combined/multi/,p_x_given_n[511].png,2026-09-16 20:54:13+00:00,15444,gor01_two_2006-6-07_16-40-19
1410,file,/umms-kdiba/Data/Output/collected_outputs/figures/_temp_individual_posteriors/2026-09-16/gor01_two_2006-6-07_16-40-19/ripple/combined/multi/,p_x_given_n[512].png,2026-09-16 20:54:13+00:00,17840,gor01_two_2006-6-07_16-40-19
1411,file,/umms-kdiba/Data/Output/collected_outputs/figures/_temp_individual_posteriors/2026-09-16/gor01_two_2006-6-07_16-40-19/ripple/combined/multi/,p_x_given_n[513].png,2026-09-16 20:54:13+00:00,18181,gor01_two_2006-6-07_16-40-19
1412,file,/umms-kdiba/Data/Output/collected_outputs/figures/_temp_individual_posteriors/2026-09-16/gor01_two_2006-6-07_16-40-19/ripple/combined/multi/,p_x_given_n[514].png,2026-09-16 20:54:13+00:00,15512,gor01_two_2006-6-07_16-40-19
1413,file,/umms-kdiba/Data/Output/collected_outputs/figures/_temp_individual_posteriors/2026-09-16/gor01_two_2006-6-07_16-40-19/ripple/combined/multi/,p_x_given_n[517].png,2026-09-16 20:54:13+00:00,15659,gor01_two_2006-6-07_16-40-19
1414,file,/umms-kdiba/Data/Output/collected_outputs/figures/_temp_individual_posteriors/2026-09-16/gor01_two_2006-6-07_16-40-19/ripple/combined/multi/,p_x_given_n[518].png,2026-09-16 20:54:13+00:00,16099,gor01_two_2006-6-07_16-40-19
1415,file,/umms-kdiba/Data/Output/collected_outputs/figures/_temp_individual_posteriors/2026-09-16/gor01_two_2006-6-07_16-40-19/ripple/combined/multi/,p_x_given_n[519].png,2026-09-16 20:54:13+00:00,3398,gor01_two_2006-6-07_16-40-19
1416,file,/umms-kdiba/Data/Output/collected_outputs/figures/_temp_individual_posteriors/2026-09-16/gor01_two_2006-6-07_16-40-19/ripple/combined/multi/,p_x_given_n[520].png,2026-09-16 20:54:13+00:00,12222,gor01_two_2006-6-07_16-40-19
1417,file,/umms-kdiba/Data/Output/collected_outputs/figures/_temp_individual_posteriors/2026-09-16/gor01_two_2006-6-07_16-40-19/ripple/combined/multi/,p_x_given_n[521].png,2026-09-16 20:54:13+00:00,21127,gor01_two_2006-6-07_16-40-19
1418,file,/umms-kdiba/Data/Output/collected_outputs/figures/_temp_individual_posteriors/2026-09-16/gor01_two_2006-6-07_16-40-19/ripple/combined/multi/,p_x_given_n[522].png,2026-09-16 20:54:13+00:00,12960,gor01_two_2006-6-07_16-40-19
1419,file,/umms-kdiba/Data/Output/collected_outputs/figures/_temp_individual_posteriors/2026-09-16/gor01_two_2006-6-07_16-40-19/ripple/combined/multi/,p_x_given_n[523].png,2026-09-16 20:54:13+00:00,7340,gor01_two_2006-6-07_16-40-19
1420,file,/umms-kdiba/Data/Output/collected_outputs/figures/_temp_individual_posteriors/2026-09-16/gor01_two_2006-6-07_16-40-19/ripple/combined/multi/,p_x_given_n[524].png,2026-09-16 20:54:13+00:00,5775,gor01_two_2006-6-07_16-40-19
1421,file,/umms-kdiba/Data/Output/collected_outputs/figures/_temp_individual_posteriors/2026-09-16/gor01_two_2006-6-07_16-40-19/ripple/combined/multi/,p_x_given_n[525].png,2026-09-16 20:54:13+00:00,8777,gor01_two_2006-6-07_16-40-19
1422,file,/umms-kdiba/Data/Output/collected_outputs/figures/_temp_individual_posteriors/2026-09-16/gor01_two_2006-6-07_16-40-19/ripple/combined/multi/,p_x_given_n[526].png,2026-09-16 20:54:13+00:00,7413,gor01_two_2006-6-07_16-40-19
1423,file,/umms-kdiba/Data/Output/collected_outputs/figures/_temp_individual_posteriors/2026-09-16/gor01_two_2006-6-07_16-40-19/ripple/combined/multi/,p_x_given_n[527].png,2026-09-16 20:54:13+00:00,11996,gor01_two_2006-6-07_16-40-19
1424,file,/umms-kdiba/Data/Output/collected_outputs/figures/_temp_individual_posteriors/2026-09-16/gor01_two_2006-6-07_16-40-19/ripple/combined/multi/,p_x_given_n[528].png,2026-09-16 20:54:13+00:00,15217,gor01_two_2006-6-07_16-40-19
1425,file,/umms-kdiba/Data/Output/collected_outputs/figures/_temp_individual_posteriors/2026-09-16/gor01_two_2006-6-07_16-40-19/ripple/combined/multi/,p_x_given_n[529].png,2026-09-16 20:54:13+00:00,14965,gor01_two_2006-6-07_16-40-19
1426,file,/umms-kdiba/Data/Output/collected_outputs/figures/_temp_individual_posteriors/2026-09-16/gor01_two_2006-6-07_16-40-19/ripple/combined/multi/,p_x_given_n[530].png,2026-09-16 20:54:13+00:00,17113,gor01_two_2006-6-07_16-40-19
1427,file,/umms-kdiba/Data/Output/collected_outputs/figures/_temp_individual_posteriors/2026-09-16/gor01_two_2006-6-07_16-40-19/ripple/combined/multi/,p_x_given_n[531].png,2026-09-16 20:54:13+00:00,18378,gor01_two_2006-6-07_16-40-19
1428,file,/umms-kdiba/Data/Output/collected_outputs/figures/_temp_individual_posteriors/2026-09-16/gor01_two_2006-6-07_16-40-19/ripple/combined/multi/,p_x_given_n[532].png,2026-09-16 20:54:13+00:00,15184,gor01_two_2006-6-07_16-40-19
1429,file,/umms-kdiba/Data/Output/collected_outputs/figures/_temp_individual_posteriors/2026-09-16/gor01_two_2006-6-07_16-40-19/ripple/combined/multi/,p_x_given_n[533].png,2026-09-16 20:54:13+00:00,17133,gor01_two_2006-6-07_16-40-19
1430,file,/umms-kdiba/Data/Output/collected_outputs/figures/_temp_individual_posteriors/2026-09-16/gor01_two_2006-6-07_16-40-19/ripple/combined/multi/,p_x_given_n[534].png,2026-09-16 20:54:13+00:00,10258,gor01_two_2006-6-07_16-40-19
1431,file,/umms-kdiba/Data/Output/collected_outputs/figures/_temp_individual_posteriors/2026-09-16/gor01_two_2006-6-07_16-40-19/ripple/combined/multi/,p_x_given_n[535].png,2026-09-16 20:54:13+00:00,15736,gor01_two_2006-6-07_16-40-19
1432,file,/umms-kdiba/Data/Output/collected_outputs/figures/_temp_individual_posteriors/2026-09-16/gor01_two_2006-6-07_16-40-19/ripple/combined/multi/,p_x_given_n[536].png,2026-09-16 20:54:13+00:00,18584,gor01_two_2006-6-07_16-40-19
1433,file,/umms-kdiba/Data/Output/collected_outputs/figures/_temp_individual_posteriors/2026-09-16/gor01_two_2006-6-07_16-40-19/ripple/combined/multi/,p_x_given_n[537].png,2026-09-16 20:54:13+00:00,10680,gor01_two_2006-6-07_16-40-19
1434,file,/umms-kdiba/Data/Output/collected_outputs/figures/_temp_individual_posteriors/2026-09-16/gor01_two_2006-6-07_16-40-19/ripple/combined/multi/,p_x_given_n[538].png,2026-09-16 20:54:13+00:00,13560,gor01_two_2006-6-07_16-40-19
1435,file,/umms-kdiba/Data/Output/collected_outputs/figures/_temp_individual_posteriors/2026-09-16/gor01_two_2006-6-07_16-40-19/ripple/combined/multi/,p_x_given_n[539].png,2026-09-16 20:54:13+00:00,17953,gor01_two_2006-6-07_16-40-19
1436,file,/umms-kdiba/Data/Output/collected_outputs/figures/_temp_individual_posteriors/2026-09-16/gor01_two_2006-6-07_16-40-19/ripple/combined/multi/,p_x_given_n[540].png,2026-09-16 20:54:13+00:00,21169,gor01_two_2006-6-07_16-40-19
1437,file,/umms-kdiba/Data/Output/collected_outputs/figures/_temp_individual_posteriors/2026-09-16/gor01_two_2006-6-07_16-40-19/ripple/combined/multi/,p_x_given_n[541].png,2026-09-16 20:54:13+00:00,15636,gor01_two_2006-6-07_16-40-19
1438,file,/umms-kdiba/Data/Output/collected_outputs/figures/_temp_individual_posteriors/2026-09-16/gor01_two_2006-6-07_16-40-19/ripple/combined/multi/,p_x_given_n[542].png,2026-09-16 20:54:13+00:00,16341,gor01_two_2006-6-07_16-40-19
1439,file,/umms-kdiba/Data/Output/collected_outputs/figures/_temp_individual_posteriors/2026-09-16/gor01_two_2006-6-07_16-40-19/ripple/combined/multi/,p_x_given_n[543].png,2026-09-16 20:54:13+00:00,22416,gor01_two_2006-6-07_16-40-19
1440,file,/umms-kdiba/Data/Output/collected_outputs/figures/_temp_individual_posteriors/2026-09-16/gor01_two_2006-6-07_16-40-19/ripple/combined/multi/,p_x_given_n[544].png,2026-09-16 20:54:13+00:00,9505,gor01_two_2006-6-07_16-40-19
1441,file,/umms-kdiba/Data/Output/collected_outputs/figures/_temp_individual_posteriors/2026-09-16/gor01_two_2006-6-07_16-40-19/ripple/combined/multi/,p_x_given_n[545].png,2026-09-16 20:54:13+00:00,6553,gor01_two_2006-6-07_16-40-19
1442,file,/umms-kdiba/Data/Output/collected_outputs/figures/_temp_individual_posteriors/2026-09-16/gor01_two_2006-6-07_16-40-19/ripple/combined/multi/,p_x_given_n[546].png,2026-09-16 20:54:13+00:00,9636,gor01_two_2006-6-07_16-40-19
1443,file,/umms-kdiba/Data/Output/collected_outputs/figures/_temp_individual_posteriors/2026-09-16/gor01_two_2006-6-07_16-40-19/ripple/combined/multi/,p_x_given_n[547].png,2026-09-16 20:54:13+00:00,4018,gor01_two_2006-6-07_16-40-19
1444,file,/umms-kdiba/Data/Output/collected_outputs/figures/_temp_individual_posteriors/2026-09-16/gor01_two_2006-6-07_16-40-19/ripple/combined/multi/,p_x_given_n[548].png,2026-09-16 20:54:13+00:00,12766,gor01_two_2006-6-07_16-40-19
1445,file,/umms-kdiba/Data/Output/collected_outputs/figures/_temp_individual_posteriors/2026-09-16/gor01_two_2006-6-07_16-40-19/ripple/combined/multi/,p_x_given_n[549].png,2026-09-16 20:54:13+00:00,9117,gor01_two_2006-6-07_16-40-19
1446,file,/umms-kdiba/Data/Output/collected_outputs/figures/_temp_individual_posteriors/2026-09-16/gor01_two_2006-6-07_16-40-19/ripple/combined/multi/,p_x_given_n[465].png,2026-09-16 20:54:12+00:00,20409,gor01_two_2006-6-07_16-40-19
1447,file,/umms-kdiba/Data/Output/collected_outputs/figures/_temp_individual_posteriors/2026-09-16/gor01_two_2006-6-07_16-40-19/ripple/combined/multi/,p_x_given_n[466].png,2026-09-16 20:54:12+00:00,16833,gor01_two_2006-6-07_16-40-19
1448,file,/umms-kdiba/Data/Output/collected_outputs/figures/_temp_individual_posteriors/2026-09-16/gor01_two_2006-6-07_16-40-19/ripple/combined/multi/,p_x_given_n[467].png,2026-09-16 20:54:12+00:00,6649,gor01_two_2006-6-07_16-40-19
1449,file,/umms-kdiba/Data/Output/collected_outputs/figures/_temp_individual_posteriors/2026-09-16/gor01_two_2006-6-07_16-40-19/ripple/combined/multi/,p_x_given_n[469].png,2026-09-16 20:54:12+00:00,7283,gor01_two_2006-6-07_16-40-19
1450,file,/umms-kdiba/Data/Output/collected_outputs/figures/_temp_individual_posteriors/2026-09-16/gor01_two_2006-6-07_16-40-19/ripple/combined/multi/,p_x_given_n[470].png,2026-09-16 20:54:12+00:00,6671,gor01_two_2006-6-07_16-40-19
1451,file,/umms-kdiba/Data/Output/collected_outputs/figures/_temp_individual_posteriors/2026-09-16/gor01_two_2006-6-07_16-40-19/ripple/combined/multi/,p_x_given_n[471].png,2026-09-16 20:54:12+00:00,19675,gor01_two_2006-6-07_16-40-19
1452,file,/umms-kdiba/Data/Output/collected_outputs/figures/_temp_individual_posteriors/2026-09-16/gor01_two_2006-6-07_16-40-19/ripple/combined/multi/,p_x_given_n[472].png,2026-09-16 20:54:12+00:00,16557,gor01_two_2006-6-07_16-40-19
1453,file,/umms-kdiba/Data/Output/collected_outputs/figures/_temp_individual_posteriors/2026-09-16/gor01_two_2006-6-07_16-40-19/ripple/combined/multi/,p_x_given_n[473].png,2026-09-16 20:54:12+00:00,7291,gor01_two_2006-6-07_16-40-19
1454,file,/umms-kdiba/Data/Output/collected_outputs/figures/_temp_individual_posteriors/2026-09-16/gor01_two_2006-6-07_16-40-19/ripple/combined/multi/,p_x_given_n[474].png,2026-09-16 20:54:12+00:00,21175,gor01_two_2006-6-07_16-40-19
1455,file,/umms-kdiba/Data/Output/collected_outputs/figures/_temp_individual_posteriors/2026-09-16/gor01_two_2006-6-07_16-40-19/ripple/combined/multi/,p_x_given_n[475].png,2026-09-16 20:54:12+00:00,15367,gor01_two_2006-6-07_16-40-19
1456,file,/umms-kdiba/Data/Output/collected_outputs/figures/_temp_individual_posteriors/2026-09-16/gor01_two_2006-6-07_16-40-19/ripple/combined/multi/,p_x_given_n[476].png,2026-09-16 20:54:12+00:00,12468,gor01_two_2006-6-07_16-40-19
1457,file,/umms-kdiba/Data/Output/collected_outputs/figures/_temp_individual_posteriors/2026-09-16/gor01_two_2006-6-07_16-40-19/ripple/combined/multi/,p_x_given_n[477].png,2026-09-16 20:54:12+00:00,21361,gor01_two_2006-6-07_16-40-19
1458,file,/umms-kdiba/Data/Output/collected_outputs/figures/_temp_individual_posteriors/2026-09-16/gor01_two_2006-6-07_16-40-19/ripple/combined/multi/,p_x_given_n[479].png,2026-09-16 20:54:12+00:00,15915,gor01_two_2006-6-07_16-40-19
1459,file,/umms-kdiba/Data/Output/collected_outputs/figures/_temp_individual_posteriors/2026-09-16/gor01_two_2006-6-07_16-40-19/ripple/combined/multi/,p_x_given_n[480].png,2026-09-16 20:54:12+00:00,6459,gor01_two_2006-6-07_16-40-19
1460,file,/umms-kdiba/Data/Output/collected_outputs/figures/_temp_individual_posteriors/2026-09-16/gor01_two_2006-6-07_16-40-19/ripple/combined/multi/,p_x_given_n[481].png,2026-09-16 20:54:12+00:00,13481,gor01_two_2006-6-07_16-40-19
1461,file,/umms-kdiba/Data/Output/collected_outputs/figures/_temp_individual_posteriors/2026-09-16/gor01_two_2006-6-07_16-40-19/ripple/combined/multi/,p_x_given_n[482].png,2026-09-16 20:54:12+00:00,3665,gor01_two_2006-6-07_16-40-19
1462,file,/umms-kdiba/Data/Output/collected_outputs/figures/_temp_individual_posteriors/2026-09-16/gor01_two_2006-6-07_16-40-19/ripple/combined/multi/,p_x_given_n[483].png,2026-09-16 20:54:12+00:00,16465,gor01_two_2006-6-07_16-40-19
1463,file,/umms-kdiba/Data/Output/collected_outputs/figures/_temp_individual_posteriors/2026-09-16/gor01_two_2006-6-07_16-40-19/ripple/combined/multi/,p_x_given_n[484].png,2026-09-16 20:54:12+00:00,12454,gor01_two_2006-6-07_16-40-19
1464,file,/umms-kdiba/Data/Output/collected_outputs/figures/_temp_individual_posteriors/2026-09-16/gor01_two_2006-6-07_16-40-19/ripple/combined/multi/,p_x_given_n[485].png,2026-09-16 20:54:12+00:00,7224,gor01_two_2006-6-07_16-40-19
1465,file,/umms-kdiba/Data/Output/collected_outputs/figures/_temp_individual_posteriors/2026-09-16/gor01_two_2006-6-07_16-40-19/ripple/combined/multi/,p_x_given_n[486].png,2026-09-16 20:54:12+00:00,5899,gor01_two_2006-6-07_16-40-19
1466,file,/umms-kdiba/Data/Output/collected_outputs/figures/_temp_individual_posteriors/2026-09-16/gor01_two_2006-6-07_16-40-19/ripple/combined/multi/,p_x_given_n[487].png,2026-09-16 20:54:12+00:00,3765,gor01_two_2006-6-07_16-40-19
1467,file,/umms-kdiba/Data/Output/collected_outputs/figures/_temp_individual_posteriors/2026-09-16/gor01_two_2006-6-07_16-40-19/ripple/combined/multi/,p_x_given_n[488].png,2026-09-16 20:54:12+00:00,21686,gor01_two_2006-6-07_16-40-19
1468,file,/umms-kdiba/Data/Output/collected_outputs/figures/_temp_individual_posteriors/2026-09-16/gor01_two_2006-6-07_16-40-19/ripple/combined/multi/,p_x_given_n[489].png,2026-09-16 20:54:12+00:00,18928,gor01_two_2006-6-07_16-40-19
1469,file,/umms-kdiba/Data/Output/collected_outputs/figures/_temp_individual_posteriors/2026-09-16/gor01_two_2006-6-07_16-40-19/ripple/combined/multi/,p_x_given_n[490].png,2026-09-16 20:54:12+00:00,17504,gor01_two_2006-6-07_16-40-19
1470,file,/umms-kdiba/Data/Output/collected_outputs/figures/_temp_individual_posteriors/2026-09-16/gor01_two_2006-6-07_16-40-19/ripple/combined/multi/,p_x_given_n[491].png,2026-09-16 20:54:12+00:00,21213,gor01_two_2006-6-07_16-40-19
1471,file,/umms-kdiba/Data/Output/collected_outputs/figures/_temp_individual_posteriors/2026-09-16/gor01_two_2006-6-07_16-40-19/ripple/combined/multi/,p_x_given_n[492].png,2026-09-16 20:54:12+00:00,21456,gor01_two_2006-6-07_16-40-19
1472,file,/umms-kdiba/Data/Output/collected_outputs/figures/_temp_individual_posteriors/2026-09-16/gor01_two_2006-6-07_16-40-19/ripple/combined/multi/,p_x_given_n[493].png,2026-09-16 20:54:12+00:00,19676,gor01_two_2006-6-07_16-40-19
1473,file,/umms-kdiba/Data/Output/collected_outputs/figures/_temp_individual_posteriors/2026-09-16/gor01_two_2006-6-07_16-40-19/ripple/combined/multi/,p_x_given_n[494].png,2026-09-16 20:54:12+00:00,23188,gor01_two_2006-6-07_16-40-19
1474,file,/umms-kdiba/Data/Output/collected_outputs/figures/_temp_individual_posteriors/2026-09-16/gor01_two_2006-6-07_16-40-19/ripple/combined/multi/,p_x_given_n[495].png,2026-09-16 20:54:12+00:00,6011,gor01_two_2006-6-07_16-40-19
1475,file,/umms-kdiba/Data/Output/collected_outputs/figures/_temp_individual_posteriors/2026-09-16/gor01_two_2006-6-07_16-40-19/ripple/combined/multi/,p_x_given_n[496].png,2026-09-16 20:54:12+00:00,3907,gor01_two_2006-6-07_16-40-19
1476,file,/umms-kdiba/Data/Output/collected_outputs/figures/_temp_individual_posteriors/2026-09-16/gor01_two_2006-6-07_16-40-19/ripple/combined/multi/,p_x_given_n[497].png,2026-09-16 20:54:12+00:00,15165,gor01_two_2006-6-07_16-40-19
1477,file,/umms-kdiba/Data/Output/collected_outputs/figures/_temp_individual_posteriors/2026-09-16/gor01_two_2006-6-07_16-40-19/ripple/combined/multi/,p_x_given_n[498].png,2026-09-16 20:54:12+00:00,3619,gor01_two_2006-6-07_16-40-19
1478,file,/umms-kdiba/Data/Output/collected_outputs/figures/_temp_individual_posteriors/2026-09-16/gor01_two_2006-6-07_16-40-19/ripple/combined/multi/,p_x_given_n[499].png,2026-09-16 20:54:12+00:00,6064,gor01_two_2006-6-07_16-40-19
1479,file,/umms-kdiba/Data/Output/collected_outputs/figures/_temp_individual_posteriors/2026-09-16/gor01_two_2006-6-07_16-40-19/ripple/combined/multi/,p_x_given_n[500].png,2026-09-16 20:54:12+00:00,11711,gor01_two_2006-6-07_16-40-19
1480,file,/umms-kdiba/Data/Output/collected_outputs/figures/_temp_individual_posteriors/2026-09-16/gor01_two_2006-6-07_16-40-19/ripple/combined/multi/,p_x_given_n[501].png,2026-09-16 20:54:12+00:00,16252,gor01_two_2006-6-07_16-40-19
1481,file,/umms-kdiba/Data/Output/collected_outputs/figures/_temp_individual_posteriors/2026-09-16/gor01_two_2006-6-07_16-40-19/ripple/combined/multi/,p_x_given_n[502].png,2026-09-16 20:54:12+00:00,14466,gor01_two_2006-6-07_16-40-19
1482,file,/umms-kdiba/Data/Output/collected_outputs/figures/_temp_individual_posteriors/2026-09-16/gor01_two_2006-6-07_16-40-19/ripple/combined/multi/,p_x_given_n[503].png,2026-09-16 20:54:12+00:00,17267,gor01_two_2006-6-07_16-40-19
1483,file,/umms-kdiba/Data/Output/collected_outputs/figures/_temp_individual_posteriors/2026-09-16/gor01_two_2006-6-07_16-40-19/ripple/combined/multi/,p_x_given_n[504].png,2026-09-16 20:54:12+00:00,17102,gor01_two_2006-6-07_16-40-19
1484,file,/umms-kdiba/Data/Output/collected_outputs/figures/_temp_individual_posteriors/2026-09-16/gor01_two_2006-6-07_16-40-19/ripple/combined/multi/,p_x_given_n[505].png,2026-09-16 20:54:12+00:00,17134,gor01_two_2006-6-07_16-40-19
1485,file,/umms-kdiba/Data/Output/collected_outputs/figures/_temp_individual_posteriors/2026-09-16/gor01_two_2006-6-07_16-40-19/ripple/combined/multi/,p_x_given_n[506].png,2026-09-16 20:54:12+00:00,6408,gor01_two_2006-6-07_16-40-19
1486,file,/umms-kdiba/Data/Output/collected_outputs/figures/_temp_individual_posteriors/2026-09-16/gor01_two_2006-6-07_16-40-19/ripple/combined/multi/,p_x_given_n[421].png,2026-09-16 20:54:11+00:00,6456,gor01_two_2006-6-07_16-40-19
1487,file,/umms-kdiba/Data/Output/collected_outputs/figures/_temp_individual_posteriors/2026-09-16/gor01_two_2006-6-07_16-40-19/ripple/combined/multi/,p_x_given_n[422].png,2026-09-16 20:54:11+00:00,3128,gor01_two_2006-6-07_16-40-19
1488,file,/umms-kdiba/Data/Output/collected_outputs/figures/_temp_individual_posteriors/2026-09-16/gor01_two_2006-6-07_16-40-19/ripple/combined/multi/,p_x_given_n[423].png,2026-09-16 20:54:11+00:00,9300,gor01_two_2006-6-07_16-40-19
1489,file,/umms-kdiba/Data/Output/collected_outputs/figures/_temp_individual_posteriors/2026-09-16/gor01_two_2006-6-07_16-40-19/ripple/combined/multi/,p_x_given_n[424].png,2026-09-16 20:54:11+00:00,10898,gor01_two_2006-6-07_16-40-19
1490,file,/umms-kdiba/Data/Output/collected_outputs/figures/_temp_individual_posteriors/2026-09-16/gor01_two_2006-6-07_16-40-19/ripple/combined/multi/,p_x_given_n[425].png,2026-09-16 20:54:11+00:00,11885,gor01_two_2006-6-07_16-40-19
1491,file,/umms-kdiba/Data/Output/collected_outputs/figures/_temp_individual_posteriors/2026-09-16/gor01_two_2006-6-07_16-40-19/ripple/combined/multi/,p_x_given_n[426].png,2026-09-16 20:54:11+00:00,17351,gor01_two_2006-6-07_16-40-19
1492,file,/umms-kdiba/Data/Output/collected_outputs/figures/_temp_individual_posteriors/2026-09-16/gor01_two_2006-6-07_16-40-19/ripple/combined/multi/,p_x_given_n[427].png,2026-09-16 20:54:11+00:00,17322,gor01_two_2006-6-07_16-40-19
1493,file,/umms-kdiba/Data/Output/collected_outputs/figures/_temp_individual_posteriors/2026-09-16/gor01_two_2006-6-07_16-40-19/ripple/combined/multi/,p_x_given_n[428].png,2026-09-16 20:54:11+00:00,15324,gor01_two_2006-6-07_16-40-19
1494,file,/umms-kdiba/Data/Output/collected_outputs/figures/_temp_individual_posteriors/2026-09-16/gor01_two_2006-6-07_16-40-19/ripple/combined/multi/,p_x_given_n[429].png,2026-09-16 20:54:11+00:00,7236,gor01_two_2006-6-07_16-40-19
1495,file,/umms-kdiba/Data/Output/collected_outputs/figures/_temp_individual_posteriors/2026-09-16/gor01_two_2006-6-07_16-40-19/ripple/combined/multi/,p_x_given_n[430].png,2026-09-16 20:54:11+00:00,18962,gor01_two_2006-6-07_16-40-19
1496,file,/umms-kdiba/Data/Output/collected_outputs/figures/_temp_individual_posteriors/2026-09-16/gor01_two_2006-6-07_16-40-19/ripple/combined/multi/,p_x_given_n[431].png,2026-09-16 20:54:11+00:00,3034,gor01_two_2006-6-07_16-40-19
1497,file,/umms-kdiba/Data/Output/collected_outputs/figures/_temp_individual_posteriors/2026-09-16/gor01_two_2006-6-07_16-40-19/ripple/combined/multi/,p_x_given_n[432].png,2026-09-16 20:54:11+00:00,13023,gor01_two_2006-6-07_16-40-19
1498,file,/umms-kdiba/Data/Output/collected_outputs/figures/_temp_individual_posteriors/2026-09-16/gor01_two_2006-6-07_16-40-19/ripple/combined/multi/,p_x_given_n[433].png,2026-09-16 20:54:11+00:00,9722,gor01_two_2006-6-07_16-40-19
1499,file,/umms-kdiba/Data/Output/collected_outputs/figures/_temp_individual_posteriors/2026-09-16/gor01_two_2006-6-07_16-40-19/ripple/combined/multi/,p_x_given_n[434].png,2026-09-16 20:54:11+00:00,17380,gor01_two_2006-6-07_16-40-19
1500,file,/umms-kdiba/Data/Output/collected_outputs/figures/_temp_individual_posteriors/2026-09-16/gor01_two_2006-6-07_16-40-19/ripple/combined/multi/,p_x_given_n[435].png,2026-09-16 20:54:11+00:00,6876,gor01_two_2006-6-07_16-40-19
1501,file,/umms-kdiba/Data/Output/collected_outputs/figures/_temp_individual_posteriors/2026-09-16/gor01_two_2006-6-07_16-40-19/ripple/combined/multi/,p_x_given_n[436].png,2026-09-16 20:54:11+00:00,4253,gor01_two_2006-6-07_16-40-19
1502,file,/umms-kdiba/Data/Output/collected_outputs/figures/_temp_individual_posteriors/2026-09-16/gor01_two_2006-6-07_16-40-19/ripple/combined/multi/,p_x_given_n[437].png,2026-09-16 20:54:11+00:00,9936,gor01_two_2006-6-07_16-40-19
1503,file,/umms-kdiba/Data/Output/collected_outputs/figures/_temp_individual_posteriors/2026-09-16/gor01_two_2006-6-07_16-40-19/ripple/combined/multi/,p_x_given_n[438].png,2026-09-16 20:54:11+00:00,22614,gor01_two_2006-6-07_16-40-19
1504,file,/umms-kdiba/Data/Output/collected_outputs/figures/_temp_individual_posteriors/2026-09-16/gor01_two_2006-6-07_16-40-19/ripple/combined/multi/,p_x_given_n[439].png,2026-09-16 20:54:11+00:00,18473,gor01_two_2006-6-07_16-40-19
1505,file,/umms-kdiba/Data/Output/collected_outputs/figures/_temp_individual_posteriors/2026-09-16/gor01_two_2006-6-07_16-40-19/ripple/combined/multi/,p_x_given_n[440].png,2026-09-16 20:54:11+00:00,8342,gor01_two_2006-6-07_16-40-19
1506,file,/umms-kdiba/Data/Output/collected_outputs/figures/_temp_individual_posteriors/2026-09-16/gor01_two_2006-6-07_16-40-19/ripple/combined/multi/,p_x_given_n[441].png,2026-09-16 20:54:11+00:00,13702,gor01_two_2006-6-07_16-40-19
1507,file,/umms-kdiba/Data/Output/collected_outputs/figures/_temp_individual_posteriors/2026-09-16/gor01_two_2006-6-07_16-40-19/ripple/combined/multi/,p_x_given_n[442].png,2026-09-16 20:54:11+00:00,9453,gor01_two_2006-6-07_16-40-19
1508,file,/umms-kdiba/Data/Output/collected_outputs/figures/_temp_individual_posteriors/2026-09-16/gor01_two_2006-6-07_16-40-19/ripple/combined/multi/,p_x_given_n[443].png,2026-09-16 20:54:11+00:00,12385,gor01_two_2006-6-07_16-40-19
1509,file,/umms-kdiba/Data/Output/collected_outputs/figures/_temp_individual_posteriors/2026-09-16/gor01_two_2006-6-07_16-40-19/ripple/combined/multi/,p_x_given_n[444].png,2026-09-16 20:54:11+00:00,6257,gor01_two_2006-6-07_16-40-19
1510,file,/umms-kdiba/Data/Output/collected_outputs/figures/_temp_individual_posteriors/2026-09-16/gor01_two_2006-6-07_16-40-19/ripple/combined/multi/,p_x_given_n[445].png,2026-09-16 20:54:11+00:00,13324,gor01_two_2006-6-07_16-40-19
1511,file,/umms-kdiba/Data/Output/collected_outputs/figures/_temp_individual_posteriors/2026-09-16/gor01_two_2006-6-07_16-40-19/ripple/combined/multi/,p_x_given_n[446].png,2026-09-16 20:54:11+00:00,14633,gor01_two_2006-6-07_16-40-19
1512,file,/umms-kdiba/Data/Output/collected_outputs/figures/_temp_individual_posteriors/2026-09-16/gor01_two_2006-6-07_16-40-19/ripple/combined/multi/,p_x_given_n[447].png,2026-09-16 20:54:11+00:00,6638,gor01_two_2006-6-07_16-40-19
1513,file,/umms-kdiba/Data/Output/collected_outputs/figures/_temp_individual_posteriors/2026-09-16/gor01_two_2006-6-07_16-40-19/ripple/combined/multi/,p_x_given_n[448].png,2026-09-16 20:54:11+00:00,11736,gor01_two_2006-6-07_16-40-19
1514,file,/umms-kdiba/Data/Output/collected_outputs/figures/_temp_individual_posteriors/2026-09-16/gor01_two_2006-6-07_16-40-19/ripple/combined/multi/,p_x_given_n[449].png,2026-09-16 20:54:11+00:00,13677,gor01_two_2006-6-07_16-40-19
1515,file,/umms-kdiba/Data/Output/collected_outputs/figures/_temp_individual_posteriors/2026-09-16/gor01_two_2006-6-07_16-40-19/ripple/combined/multi/,p_x_given_n[450].png,2026-09-16 20:54:11+00:00,21822,gor01_two_2006-6-07_16-40-19
1516,file,/umms-kdiba/Data/Output/collected_outputs/figures/_temp_individual_posteriors/2026-09-16/gor01_two_2006-6-07_16-40-19/ripple/combined/multi/,p_x_given_n[451].png,2026-09-16 20:54:11+00:00,18693,gor01_two_2006-6-07_16-40-19
1517,file,/umms-kdiba/Data/Output/collected_outputs/figures/_temp_individual_posteriors/2026-09-16/gor01_two_2006-6-07_16-40-19/ripple/combined/multi/,p_x_given_n[452].png,2026-09-16 20:54:11+00:00,20489,gor01_two_2006-6-07_16-40-19
1518,file,/umms-kdiba/Data/Output/collected_outputs/figures/_temp_individual_posteriors/2026-09-16/gor01_two_2006-6-07_16-40-19/ripple/combined/multi/,p_x_given_n[453].png,2026-09-16 20:54:11+00:00,20121,gor01_two_2006-6-07_16-40-19
1519,file,/umms-kdiba/Data/Output/collected_outputs/figures/_temp_individual_posteriors/2026-09-16/gor01_two_2006-6-07_16-40-19/ripple/combined/multi/,p_x_given_n[454].png,2026-09-16 20:54:11+00:00,14402,gor01_two_2006-6-07_16-40-19
1520,file,/umms-kdiba/Data/Output/collected_outputs/figures/_temp_individual_posteriors/2026-09-16/gor01_two_2006-6-07_16-40-19/ripple/combined/multi/,p_x_given_n[455].png,2026-09-16 20:54:11+00:00,5733,gor01_two_2006-6-07_16-40-19
1521,file,/umms-kdiba/Data/Output/collected_outputs/figures/_temp_individual_posteriors/2026-09-16/gor01_two_2006-6-07_16-40-19/ripple/combined/multi/,p_x_given_n[456].png,2026-09-16 20:54:11+00:00,6628,gor01_two_2006-6-07_16-40-19
1522,file,/umms-kdiba/Data/Output/collected_outputs/figures/_temp_individual_posteriors/2026-09-16/gor01_two_2006-6-07_16-40-19/ripple/combined/multi/,p_x_given_n[457].png,2026-09-16 20:54:11+00:00,6155,gor01_two_2006-6-07_16-40-19
1523,file,/umms-kdiba/Data/Output/collected_outputs/figures/_temp_individual_posteriors/2026-09-16/gor01_two_2006-6-07_16-40-19/ripple/combined/multi/,p_x_given_n[458].png,2026-09-16 20:54:11+00:00,14839,gor01_two_2006-6-07_16-40-19
1524,file,/umms-kdiba/Data/Output/collected_outputs/figures/_temp_individual_posteriors/2026-09-16/gor01_two_2006-6-07_16-40-19/ripple/combined/multi/,p_x_given_n[459].png,2026-09-16 20:54:11+00:00,5669,gor01_two_2006-6-07_16-40-19
1525,file,/umms-kdiba/Data/Output/collected_outputs/figures/_temp_individual_posteriors/2026-09-16/gor01_two_2006-6-07_16-40-19/ripple/combined/multi/,p_x_given_n[460].png,2026-09-16 20:54:11+00:00,13218,gor01_two_2006-6-07_16-40-19
1526,file,/umms-kdiba/Data/Output/collected_outputs/figures/_temp_individual_posteriors/2026-09-16/gor01_two_2006-6-07_16-40-19/ripple/combined/multi/,p_x_given_n[461].png,2026-09-16 20:54:11+00:00,10135,gor01_two_2006-6-07_16-40-19
1527,file,/umms-kdiba/Data/Output/collected_outputs/figures/_temp_individual_posteriors/2026-09-16/gor01_two_2006-6-07_16-40-19/ripple/combined/multi/,p_x_given_n[462].png,2026-09-16 20:54:11+00:00,3354,gor01_two_2006-6-07_16-40-19
1528,file,/umms-kdiba/Data/Output/collected_outputs/figures/_temp_individual_posteriors/2026-09-16/gor01_two_2006-6-07_16-40-19/ripple/combined/multi/,p_x_given_n[463].png,2026-09-16 20:54:11+00:00,12536,gor01_two_2006-6-07_16-40-19
1529,file,/umms-kdiba/Data/Output/collected_outputs/figures/_temp_individual_posteriors/2026-09-16/gor01_two_2006-6-07_16-40-19/ripple/combined/multi/,p_x_given_n[464].png,2026-09-16 20:54:11+00:00,16207,gor01_two_2006-6-07_16-40-19
1530,file,/umms-kdiba/Data/Output/collected_outputs/figures/_temp_individual_posteriors/2026-09-16/gor01_two_2006-6-07_16-40-19/ripple/combined/multi/,p_x_given_n[374].png,2026-09-16 20:54:10+00:00,17581,gor01_two_2006-6-07_16-40-19
1531,file,/umms-kdiba/Data/Output/collected_outputs/figures/_temp_individual_posteriors/2026-09-16/gor01_two_2006-6-07_16-40-19/ripple/combined/multi/,p_x_given_n[375].png,2026-09-16 20:54:10+00:00,3319,gor01_two_2006-6-07_16-40-19
1532,file,/umms-kdiba/Data/Output/collected_outputs/figures/_temp_individual_posteriors/2026-09-16/gor01_two_2006-6-07_16-40-19/ripple/combined/multi/,p_x_given_n[376].png,2026-09-16 20:54:10+00:00,3650,gor01_two_2006-6-07_16-40-19
1533,file,/umms-kdiba/Data/Output/collected_outputs/figures/_temp_individual_posteriors/2026-09-16/gor01_two_2006-6-07_16-40-19/ripple/combined/multi/,p_x_given_n[377].png,2026-09-16 20:54:10+00:00,11790,gor01_two_2006-6-07_16-40-19
1534,file,/umms-kdiba/Data/Output/collected_outputs/figures/_temp_individual_posteriors/2026-09-16/gor01_two_2006-6-07_16-40-19/ripple/combined/multi/,p_x_given_n[378].png,2026-09-16 20:54:10+00:00,6962,gor01_two_2006-6-07_16-40-19
1535,file,/umms-kdiba/Data/Output/collected_outputs/figures/_temp_individual_posteriors/2026-09-16/gor01_two_2006-6-07_16-40-19/ripple/combined/multi/,p_x_given_n[379].png,2026-09-16 20:54:10+00:00,14234,gor01_two_2006-6-07_16-40-19
1536,file,/umms-kdiba/Data/Output/collected_outputs/figures/_temp_individual_posteriors/2026-09-16/gor01_two_2006-6-07_16-40-19/ripple/combined/multi/,p_x_given_n[380].png,2026-09-16 20:54:10+00:00,18246,gor01_two_2006-6-07_16-40-19
1537,file,/umms-kdiba/Data/Output/collected_outputs/figures/_temp_individual_posteriors/2026-09-16/gor01_two_2006-6-07_16-40-19/ripple/combined/multi/,p_x_given_n[381].png,2026-09-16 20:54:10+00:00,17574,gor01_two_2006-6-07_16-40-19
1538,file,/umms-kdiba/Data/Output/collected_outputs/figures/_temp_individual_posteriors/2026-09-16/gor01_two_2006-6-07_16-40-19/ripple/combined/multi/,p_x_given_n[382].png,2026-09-16 20:54:10+00:00,7054,gor01_two_2006-6-07_16-40-19
1539,file,/umms-kdiba/Data/Output/collected_outputs/figures/_temp_individual_posteriors/2026-09-16/gor01_two_2006-6-07_16-40-19/ripple/combined/multi/,p_x_given_n[383].png,2026-09-16 20:54:10+00:00,18251,gor01_two_2006-6-07_16-40-19
1540,file,/umms-kdiba/Data/Output/collected_outputs/figures/_temp_individual_posteriors/2026-09-16/gor01_two_2006-6-07_16-40-19/ripple/combined/multi/,p_x_given_n[384].png,2026-09-16 20:54:10+00:00,9695,gor01_two_2006-6-07_16-40-19
1541,file,/umms-kdiba/Data/Output/collected_outputs/figures/_temp_individual_posteriors/2026-09-16/gor01_two_2006-6-07_16-40-19/ripple/combined/multi/,p_x_given_n[385].png,2026-09-16 20:54:10+00:00,9462,gor01_two_2006-6-07_16-40-19
1542,file,/umms-kdiba/Data/Output/collected_outputs/figures/_temp_individual_posteriors/2026-09-16/gor01_two_2006-6-07_16-40-19/ripple/combined/multi/,p_x_given_n[386].png,2026-09-16 20:54:10+00:00,16845,gor01_two_2006-6-07_16-40-19
1543,file,/umms-kdiba/Data/Output/collected_outputs/figures/_temp_individual_posteriors/2026-09-16/gor01_two_2006-6-07_16-40-19/ripple/combined/multi/,p_x_given_n[387].png,2026-09-16 20:54:10+00:00,6850,gor01_two_2006-6-07_16-40-19
1544,file,/umms-kdiba/Data/Output/collected_outputs/figures/_temp_individual_posteriors/2026-09-16/gor01_two_2006-6-07_16-40-19/ripple/combined/multi/,p_x_given_n[388].png,2026-09-16 20:54:10+00:00,18454,gor01_two_2006-6-07_16-40-19
1545,file,/umms-kdiba/Data/Output/collected_outputs/figures/_temp_individual_posteriors/2026-09-16/gor01_two_2006-6-07_16-40-19/ripple/combined/multi/,p_x_given_n[389].png,2026-09-16 20:54:10+00:00,13144,gor01_two_2006-6-07_16-40-19
1546,file,/umms-kdiba/Data/Output/collected_outputs/figures/_temp_individual_posteriors/2026-09-16/gor01_two_2006-6-07_16-40-19/ripple/combined/multi/,p_x_given_n[390].png,2026-09-16 20:54:10+00:00,14749,gor01_two_2006-6-07_16-40-19
1547,file,/umms-kdiba/Data/Output/collected_outputs/figures/_temp_individual_posteriors/2026-09-16/gor01_two_2006-6-07_16-40-19/ripple/combined/multi/,p_x_given_n[391].png,2026-09-16 20:54:10+00:00,16771,gor01_two_2006-6-07_16-40-19
1548,file,/umms-kdiba/Data/Output/collected_outputs/figures/_temp_individual_posteriors/2026-09-16/gor01_two_2006-6-07_16-40-19/ripple/combined/multi/,p_x_given_n[392].png,2026-09-16 20:54:10+00:00,8527,gor01_two_2006-6-07_16-40-19
1549,file,/umms-kdiba/Data/Output/collected_outputs/figures/_temp_individual_posteriors/2026-09-16/gor01_two_2006-6-07_16-40-19/ripple/combined/multi/,p_x_given_n[393].png,2026-09-16 20:54:10+00:00,9919,gor01_two_2006-6-07_16-40-19
1550,file,/umms-kdiba/Data/Output/collected_outputs/figures/_temp_individual_posteriors/2026-09-16/gor01_two_2006-6-07_16-40-19/ripple/combined/multi/,p_x_given_n[394].png,2026-09-16 20:54:10+00:00,6047,gor01_two_2006-6-07_16-40-19
1551,file,/umms-kdiba/Data/Output/collected_outputs/figures/_temp_individual_posteriors/2026-09-16/gor01_two_2006-6-07_16-40-19/ripple/combined/multi/,p_x_given_n[395].png,2026-09-16 20:54:10+00:00,17973,gor01_two_2006-6-07_16-40-19
1552,file,/umms-kdiba/Data/Output/collected_outputs/figures/_temp_individual_posteriors/2026-09-16/gor01_two_2006-6-07_16-40-19/ripple/combined/multi/,p_x_given_n[396].png,2026-09-16 20:54:10+00:00,19113,gor01_two_2006-6-07_16-40-19
1553,file,/umms-kdiba/Data/Output/collected_outputs/figures/_temp_individual_posteriors/2026-09-16/gor01_two_2006-6-07_16-40-19/ripple/combined/multi/,p_x_given_n[397].png,2026-09-16 20:54:10+00:00,20796,gor01_two_2006-6-07_16-40-19
1554,file,/umms-kdiba/Data/Output/collected_outputs/figures/_temp_individual_posteriors/2026-09-16/gor01_two_2006-6-07_16-40-19/ripple/combined/multi/,p_x_given_n[398].png,2026-09-16 20:54:10+00:00,17876,gor01_two_2006-6-07_16-40-19
1555,file,/umms-kdiba/Data/Output/collected_outputs/figures/_temp_individual_posteriors/2026-09-16/gor01_two_2006-6-07_16-40-19/ripple/combined/multi/,p_x_given_n[399].png,2026-09-16 20:54:10+00:00,14479,gor01_two_2006-6-07_16-40-19
1556,file,/umms-kdiba/Data/Output/collected_outputs/figures/_temp_individual_posteriors/2026-09-16/gor01_two_2006-6-07_16-40-19/ripple/combined/multi/,p_x_given_n[400].png,2026-09-16 20:54:10+00:00,5541,gor01_two_2006-6-07_16-40-19
1557,file,/umms-kdiba/Data/Output/collected_outputs/figures/_temp_individual_posteriors/2026-09-16/gor01_two_2006-6-07_16-40-19/ripple/combined/multi/,p_x_given_n[402].png,2026-09-16 20:54:10+00:00,23450,gor01_two_2006-6-07_16-40-19
1558,file,/umms-kdiba/Data/Output/collected_outputs/figures/_temp_individual_posteriors/2026-09-16/gor01_two_2006-6-07_16-40-19/ripple/combined/multi/,p_x_given_n[403].png,2026-09-16 20:54:10+00:00,6056,gor01_two_2006-6-07_16-40-19
1559,file,/umms-kdiba/Data/Output/collected_outputs/figures/_temp_individual_posteriors/2026-09-16/gor01_two_2006-6-07_16-40-19/ripple/combined/multi/,p_x_given_n[404].png,2026-09-16 20:54:10+00:00,3724,gor01_two_2006-6-07_16-40-19
1560,file,/umms-kdiba/Data/Output/collected_outputs/figures/_temp_individual_posteriors/2026-09-16/gor01_two_2006-6-07_16-40-19/ripple/combined/multi/,p_x_given_n[405].png,2026-09-16 20:54:10+00:00,3261,gor01_two_2006-6-07_16-40-19
1561,file,/umms-kdiba/Data/Output/collected_outputs/figures/_temp_individual_posteriors/2026-09-16/gor01_two_2006-6-07_16-40-19/ripple/combined/multi/,p_x_given_n[406].png,2026-09-16 20:54:10+00:00,6738,gor01_two_2006-6-07_16-40-19
1562,file,/umms-kdiba/Data/Output/collected_outputs/figures/_temp_individual_posteriors/2026-09-16/gor01_two_2006-6-07_16-40-19/ripple/combined/multi/,p_x_given_n[407].png,2026-09-16 20:54:10+00:00,10961,gor01_two_2006-6-07_16-40-19
1563,file,/umms-kdiba/Data/Output/collected_outputs/figures/_temp_individual_posteriors/2026-09-16/gor01_two_2006-6-07_16-40-19/ripple/combined/multi/,p_x_given_n[408].png,2026-09-16 20:54:10+00:00,17866,gor01_two_2006-6-07_16-40-19
1564,file,/umms-kdiba/Data/Output/collected_outputs/figures/_temp_individual_posteriors/2026-09-16/gor01_two_2006-6-07_16-40-19/ripple/combined/multi/,p_x_given_n[409].png,2026-09-16 20:54:10+00:00,13908,gor01_two_2006-6-07_16-40-19
1565,file,/umms-kdiba/Data/Output/collected_outputs/figures/_temp_individual_posteriors/2026-09-16/gor01_two_2006-6-07_16-40-19/ripple/combined/multi/,p_x_given_n[410].png,2026-09-16 20:54:10+00:00,16518,gor01_two_2006-6-07_16-40-19
1566,file,/umms-kdiba/Data/Output/collected_outputs/figures/_temp_individual_posteriors/2026-09-16/gor01_two_2006-6-07_16-40-19/ripple/combined/multi/,p_x_given_n[411].png,2026-09-16 20:54:10+00:00,15512,gor01_two_2006-6-07_16-40-19
1567,file,/umms-kdiba/Data/Output/collected_outputs/figures/_temp_individual_posteriors/2026-09-16/gor01_two_2006-6-07_16-40-19/ripple/combined/multi/,p_x_given_n[412].png,2026-09-16 20:54:10+00:00,6641,gor01_two_2006-6-07_16-40-19
1568,file,/umms-kdiba/Data/Output/collected_outputs/figures/_temp_individual_posteriors/2026-09-16/gor01_two_2006-6-07_16-40-19/ripple/combined/multi/,p_x_given_n[413].png,2026-09-16 20:54:10+00:00,15219,gor01_two_2006-6-07_16-40-19
1569,file,/umms-kdiba/Data/Output/collected_outputs/figures/_temp_individual_posteriors/2026-09-16/gor01_two_2006-6-07_16-40-19/ripple/combined/multi/,p_x_given_n[415].png,2026-09-16 20:54:10+00:00,5798,gor01_two_2006-6-07_16-40-19
1570,file,/umms-kdiba/Data/Output/collected_outputs/figures/_temp_individual_posteriors/2026-09-16/gor01_two_2006-6-07_16-40-19/ripple/combined/multi/,p_x_given_n[417].png,2026-09-16 20:54:10+00:00,14918,gor01_two_2006-6-07_16-40-19
1571,file,/umms-kdiba/Data/Output/collected_outputs/figures/_temp_individual_posteriors/2026-09-16/gor01_two_2006-6-07_16-40-19/ripple/combined/multi/,p_x_given_n[418].png,2026-09-16 20:54:10+00:00,9995,gor01_two_2006-6-07_16-40-19
1572,file,/umms-kdiba/Data/Output/collected_outputs/figures/_temp_individual_posteriors/2026-09-16/gor01_two_2006-6-07_16-40-19/ripple/combined/multi/,p_x_given_n[419].png,2026-09-16 20:54:10+00:00,10014,gor01_two_2006-6-07_16-40-19
1573,file,/umms-kdiba/Data/Output/collected_outputs/figures/_temp_individual_posteriors/2026-09-16/gor01_two_2006-6-07_16-40-19/ripple/combined/multi/,p_x_given_n[420].png,2026-09-16 20:54:10+00:00,19054,gor01_two_2006-6-07_16-40-19
1574,file,/umms-kdiba/Data/Output/collected_outputs/figures/_temp_individual_posteriors/2026-09-16/gor01_two_2006-6-07_16-40-19/ripple/combined/multi/,p_x_given_n[336].png,2026-09-16 20:54:09+00:00,21796,gor01_two_2006-6-07_16-40-19
1575,file,/umms-kdiba/Data/Output/collected_outputs/figures/_temp_individual_posteriors/2026-09-16/gor01_two_2006-6-07_16-40-19/ripple/combined/multi/,p_x_given_n[337].png,2026-09-16 20:54:09+00:00,16839,gor01_two_2006-6-07_16-40-19
1576,file,/umms-kdiba/Data/Output/collected_outputs/figures/_temp_individual_posteriors/2026-09-16/gor01_two_2006-6-07_16-40-19/ripple/combined/multi/,p_x_given_n[338].png,2026-09-16 20:54:09+00:00,16922,gor01_two_2006-6-07_16-40-19
1577,file,/umms-kdiba/Data/Output/collected_outputs/figures/_temp_individual_posteriors/2026-09-16/gor01_two_2006-6-07_16-40-19/ripple/combined/multi/,p_x_given_n[339].png,2026-09-16 20:54:09+00:00,14973,gor01_two_2006-6-07_16-40-19
1578,file,/umms-kdiba/Data/Output/collected_outputs/figures/_temp_individual_posteriors/2026-09-16/gor01_two_2006-6-07_16-40-19/ripple/combined/multi/,p_x_given_n[340].png,2026-09-16 20:54:09+00:00,16410,gor01_two_2006-6-07_16-40-19
1579,file,/umms-kdiba/Data/Output/collected_outputs/figures/_temp_individual_posteriors/2026-09-16/gor01_two_2006-6-07_16-40-19/ripple/combined/multi/,p_x_given_n[341].png,2026-09-16 20:54:09+00:00,11990,gor01_two_2006-6-07_16-40-19
1580,file,/umms-kdiba/Data/Output/collected_outputs/figures/_temp_individual_posteriors/2026-09-16/gor01_two_2006-6-07_16-40-19/ripple/combined/multi/,p_x_given_n[342].png,2026-09-16 20:54:09+00:00,10039,gor01_two_2006-6-07_16-40-19
1581,file,/umms-kdiba/Data/Output/collected_outputs/figures/_temp_individual_posteriors/2026-09-16/gor01_two_2006-6-07_16-40-19/ripple/combined/multi/,p_x_given_n[343].png,2026-09-16 20:54:09+00:00,6151,gor01_two_2006-6-07_16-40-19
1582,file,/umms-kdiba/Data/Output/collected_outputs/figures/_temp_individual_posteriors/2026-09-16/gor01_two_2006-6-07_16-40-19/ripple/combined/multi/,p_x_given_n[344].png,2026-09-16 20:54:09+00:00,9106,gor01_two_2006-6-07_16-40-19
1583,file,/umms-kdiba/Data/Output/collected_outputs/figures/_temp_individual_posteriors/2026-09-16/gor01_two_2006-6-07_16-40-19/ripple/combined/multi/,p_x_given_n[345].png,2026-09-16 20:54:09+00:00,14784,gor01_two_2006-6-07_16-40-19
1584,file,/umms-kdiba/Data/Output/collected_outputs/figures/_temp_individual_posteriors/2026-09-16/gor01_two_2006-6-07_16-40-19/ripple/combined/multi/,p_x_given_n[346].png,2026-09-16 20:54:09+00:00,11777,gor01_two_2006-6-07_16-40-19
1585,file,/umms-kdiba/Data/Output/collected_outputs/figures/_temp_individual_posteriors/2026-09-16/gor01_two_2006-6-07_16-40-19/ripple/combined/multi/,p_x_given_n[347].png,2026-09-16 20:54:09+00:00,19206,gor01_two_2006-6-07_16-40-19
1586,file,/umms-kdiba/Data/Output/collected_outputs/figures/_temp_individual_posteriors/2026-09-16/gor01_two_2006-6-07_16-40-19/ripple/combined/multi/,p_x_given_n[348].png,2026-09-16 20:54:09+00:00,19141,gor01_two_2006-6-07_16-40-19
1587,file,/umms-kdiba/Data/Output/collected_outputs/figures/_temp_individual_posteriors/2026-09-16/gor01_two_2006-6-07_16-40-19/ripple/combined/multi/,p_x_given_n[349].png,2026-09-16 20:54:09+00:00,9918,gor01_two_2006-6-07_16-40-19
1588,file,/umms-kdiba/Data/Output/collected_outputs/figures/_temp_individual_posteriors/2026-09-16/gor01_two_2006-6-07_16-40-19/ripple/combined/multi/,p_x_given_n[350].png,2026-09-16 20:54:09+00:00,24219,gor01_two_2006-6-07_16-40-19
1589,file,/umms-kdiba/Data/Output/collected_outputs/figures/_temp_individual_posteriors/2026-09-16/gor01_two_2006-6-07_16-40-19/ripple/combined/multi/,p_x_given_n[351].png,2026-09-16 20:54:09+00:00,16017,gor01_two_2006-6-07_16-40-19
1590,file,/umms-kdiba/Data/Output/collected_outputs/figures/_temp_individual_posteriors/2026-09-16/gor01_two_2006-6-07_16-40-19/ripple/combined/multi/,p_x_given_n[352].png,2026-09-16 20:54:09+00:00,6198,gor01_two_2006-6-07_16-40-19
1591,file,/umms-kdiba/Data/Output/collected_outputs/figures/_temp_individual_posteriors/2026-09-16/gor01_two_2006-6-07_16-40-19/ripple/combined/multi/,p_x_given_n[353].png,2026-09-16 20:54:09+00:00,16514,gor01_two_2006-6-07_16-40-19
1592,file,/umms-kdiba/Data/Output/collected_outputs/figures/_temp_individual_posteriors/2026-09-16/gor01_two_2006-6-07_16-40-19/ripple/combined/multi/,p_x_given_n[354].png,2026-09-16 20:54:09+00:00,15655,gor01_two_2006-6-07_16-40-19
1593,file,/umms-kdiba/Data/Output/collected_outputs/figures/_temp_individual_posteriors/2026-09-16/gor01_two_2006-6-07_16-40-19/ripple/combined/multi/,p_x_given_n[355].png,2026-09-16 20:54:09+00:00,14741,gor01_two_2006-6-07_16-40-19
1594,file,/umms-kdiba/Data/Output/collected_outputs/figures/_temp_individual_posteriors/2026-09-16/gor01_two_2006-6-07_16-40-19/ripple/combined/multi/,p_x_given_n[356].png,2026-09-16 20:54:09+00:00,18294,gor01_two_2006-6-07_16-40-19
1595,file,/umms-kdiba/Data/Output/collected_outputs/figures/_temp_individual_posteriors/2026-09-16/gor01_two_2006-6-07_16-40-19/ripple/combined/multi/,p_x_given_n[357].png,2026-09-16 20:54:09+00:00,20945,gor01_two_2006-6-07_16-40-19
1596,file,/umms-kdiba/Data/Output/collected_outputs/figures/_temp_individual_posteriors/2026-09-16/gor01_two_2006-6-07_16-40-19/ripple/combined/multi/,p_x_given_n[358].png,2026-09-16 20:54:09+00:00,7392,gor01_two_2006-6-07_16-40-19
1597,file,/umms-kdiba/Data/Output/collected_outputs/figures/_temp_individual_posteriors/2026-09-16/gor01_two_2006-6-07_16-40-19/ripple/combined/multi/,p_x_given_n[359].png,2026-09-16 20:54:09+00:00,6088,gor01_two_2006-6-07_16-40-19
1598,file,/umms-kdiba/Data/Output/collected_outputs/figures/_temp_individual_posteriors/2026-09-16/gor01_two_2006-6-07_16-40-19/ripple/combined/multi/,p_x_given_n[360].png,2026-09-16 20:54:09+00:00,14959,gor01_two_2006-6-07_16-40-19
1599,file,/umms-kdiba/Data/Output/collected_outputs/figures/_temp_individual_posteriors/2026-09-16/gor01_two_2006-6-07_16-40-19/ripple/combined/multi/,p_x_given_n[361].png,2026-09-16 20:54:09+00:00,8500,gor01_two_2006-6-07_16-40-19
1600,file,/umms-kdiba/Data/Output/collected_outputs/figures/_temp_individual_posteriors/2026-09-16/gor01_two_2006-6-07_16-40-19/ripple/combined/multi/,p_x_given_n[362].png,2026-09-16 20:54:09+00:00,19716,gor01_two_2006-6-07_16-40-19
1601,file,/umms-kdiba/Data/Output/collected_outputs/figures/_temp_individual_posteriors/2026-09-16/gor01_two_2006-6-07_16-40-19/ripple/combined/multi/,p_x_given_n[363].png,2026-09-16 20:54:09+00:00,11807,gor01_two_2006-6-07_16-40-19
1602,file,/umms-kdiba/Data/Output/collected_outputs/figures/_temp_individual_posteriors/2026-09-16/gor01_two_2006-6-07_16-40-19/ripple/combined/multi/,p_x_given_n[364].png,2026-09-16 20:54:09+00:00,6573,gor01_two_2006-6-07_16-40-19
1603,file,/umms-kdiba/Data/Output/collected_outputs/figures/_temp_individual_posteriors/2026-09-16/gor01_two_2006-6-07_16-40-19/ripple/combined/multi/,p_x_given_n[365].png,2026-09-16 20:54:09+00:00,20452,gor01_two_2006-6-07_16-40-19
1604,file,/umms-kdiba/Data/Output/collected_outputs/figures/_temp_individual_posteriors/2026-09-16/gor01_two_2006-6-07_16-40-19/ripple/combined/multi/,p_x_given_n[366].png,2026-09-16 20:54:09+00:00,13431,gor01_two_2006-6-07_16-40-19
1605,file,/umms-kdiba/Data/Output/collected_outputs/figures/_temp_individual_posteriors/2026-09-16/gor01_two_2006-6-07_16-40-19/ripple/combined/multi/,p_x_given_n[367].png,2026-09-16 20:54:09+00:00,13923,gor01_two_2006-6-07_16-40-19
1606,file,/umms-kdiba/Data/Output/collected_outputs/figures/_temp_individual_posteriors/2026-09-16/gor01_two_2006-6-07_16-40-19/ripple/combined/multi/,p_x_given_n[368].png,2026-09-16 20:54:09+00:00,14704,gor01_two_2006-6-07_16-40-19
1607,file,/umms-kdiba/Data/Output/collected_outputs/figures/_temp_individual_posteriors/2026-09-16/gor01_two_2006-6-07_16-40-19/ripple/combined/multi/,p_x_given_n[369].png,2026-09-16 20:54:09+00:00,9252,gor01_two_2006-6-07_16-40-19
1608,file,/umms-kdiba/Data/Output/collected_outputs/figures/_temp_individual_posteriors/2026-09-16/gor01_two_2006-6-07_16-40-19/ripple/combined/multi/,p_x_given_n[370].png,2026-09-16 20:54:09+00:00,18525,gor01_two_2006-6-07_16-40-19
1609,file,/umms-kdiba/Data/Output/collected_outputs/figures/_temp_individual_posteriors/2026-09-16/gor01_two_2006-6-07_16-40-19/ripple/combined/multi/,p_x_given_n[371].png,2026-09-16 20:54:09+00:00,15439,gor01_two_2006-6-07_16-40-19
1610,file,/umms-kdiba/Data/Output/collected_outputs/figures/_temp_individual_posteriors/2026-09-16/gor01_two_2006-6-07_16-40-19/ripple/combined/multi/,p_x_given_n[372].png,2026-09-16 20:54:09+00:00,22279,gor01_two_2006-6-07_16-40-19
1611,file,/umms-kdiba/Data/Output/collected_outputs/figures/_temp_individual_posteriors/2026-09-16/gor01_two_2006-6-07_16-40-19/ripple/combined/multi/,p_x_given_n[373].png,2026-09-16 20:54:09+00:00,3507,gor01_two_2006-6-07_16-40-19
1612,file,/umms-kdiba/Data/Output/collected_outputs/figures/_temp_individual_posteriors/2026-09-16/gor01_two_2006-6-07_16-40-19/ripple/combined/multi/,p_x_given_n[298].png,2026-09-16 20:54:08+00:00,18340,gor01_two_2006-6-07_16-40-19
1613,file,/umms-kdiba/Data/Output/collected_outputs/figures/_temp_individual_posteriors/2026-09-16/gor01_two_2006-6-07_16-40-19/ripple/combined/multi/,p_x_given_n[299].png,2026-09-16 20:54:08+00:00,17234,gor01_two_2006-6-07_16-40-19
1614,file,/umms-kdiba/Data/Output/collected_outputs/figures/_temp_individual_posteriors/2026-09-16/gor01_two_2006-6-07_16-40-19/ripple/combined/multi/,p_x_given_n[300].png,2026-09-16 20:54:08+00:00,5482,gor01_two_2006-6-07_16-40-19
1615,file,/umms-kdiba/Data/Output/collected_outputs/figures/_temp_individual_posteriors/2026-09-16/gor01_two_2006-6-07_16-40-19/ripple/combined/multi/,p_x_given_n[301].png,2026-09-16 20:54:08+00:00,14886,gor01_two_2006-6-07_16-40-19
1616,file,/umms-kdiba/Data/Output/collected_outputs/figures/_temp_individual_posteriors/2026-09-16/gor01_two_2006-6-07_16-40-19/ripple/combined/multi/,p_x_given_n[302].png,2026-09-16 20:54:08+00:00,10474,gor01_two_2006-6-07_16-40-19
1617,file,/umms-kdiba/Data/Output/collected_outputs/figures/_temp_individual_posteriors/2026-09-16/gor01_two_2006-6-07_16-40-19/ripple/combined/multi/,p_x_given_n[303].png,2026-09-16 20:54:08+00:00,3705,gor01_two_2006-6-07_16-40-19
1618,file,/umms-kdiba/Data/Output/collected_outputs/figures/_temp_individual_posteriors/2026-09-16/gor01_two_2006-6-07_16-40-19/ripple/combined/multi/,p_x_given_n[304].png,2026-09-16 20:54:08+00:00,6295,gor01_two_2006-6-07_16-40-19
1619,file,/umms-kdiba/Data/Output/collected_outputs/figures/_temp_individual_posteriors/2026-09-16/gor01_two_2006-6-07_16-40-19/ripple/combined/multi/,p_x_given_n[305].png,2026-09-16 20:54:08+00:00,19770,gor01_two_2006-6-07_16-40-19
1620,file,/umms-kdiba/Data/Output/collected_outputs/figures/_temp_individual_posteriors/2026-09-16/gor01_two_2006-6-07_16-40-19/ripple/combined/multi/,p_x_given_n[306].png,2026-09-16 20:54:08+00:00,19202,gor01_two_2006-6-07_16-40-19
1621,file,/umms-kdiba/Data/Output/collected_outputs/figures/_temp_individual_posteriors/2026-09-16/gor01_two_2006-6-07_16-40-19/ripple/combined/multi/,p_x_given_n[307].png,2026-09-16 20:54:08+00:00,3972,gor01_two_2006-6-07_16-40-19
1622,file,/umms-kdiba/Data/Output/collected_outputs/figures/_temp_individual_posteriors/2026-09-16/gor01_two_2006-6-07_16-40-19/ripple/combined/multi/,p_x_given_n[308].png,2026-09-16 20:54:08+00:00,12910,gor01_two_2006-6-07_16-40-19
1623,file,/umms-kdiba/Data/Output/collected_outputs/figures/_temp_individual_posteriors/2026-09-16/gor01_two_2006-6-07_16-40-19/ripple/combined/multi/,p_x_given_n[309].png,2026-09-16 20:54:08+00:00,15254,gor01_two_2006-6-07_16-40-19
1624,file,/umms-kdiba/Data/Output/collected_outputs/figures/_temp_individual_posteriors/2026-09-16/gor01_two_2006-6-07_16-40-19/ripple/combined/multi/,p_x_given_n[310].png,2026-09-16 20:54:08+00:00,6812,gor01_two_2006-6-07_16-40-19
1625,file,/umms-kdiba/Data/Output/collected_outputs/figures/_temp_individual_posteriors/2026-09-16/gor01_two_2006-6-07_16-40-19/ripple/combined/multi/,p_x_given_n[311].png,2026-09-16 20:54:08+00:00,17009,gor01_two_2006-6-07_16-40-19
1626,file,/umms-kdiba/Data/Output/collected_outputs/figures/_temp_individual_posteriors/2026-09-16/gor01_two_2006-6-07_16-40-19/ripple/combined/multi/,p_x_given_n[312].png,2026-09-16 20:54:08+00:00,10309,gor01_two_2006-6-07_16-40-19
1627,file,/umms-kdiba/Data/Output/collected_outputs/figures/_temp_individual_posteriors/2026-09-16/gor01_two_2006-6-07_16-40-19/ripple/combined/multi/,p_x_given_n[313].png,2026-09-16 20:54:08+00:00,8427,gor01_two_2006-6-07_16-40-19
1628,file,/umms-kdiba/Data/Output/collected_outputs/figures/_temp_individual_posteriors/2026-09-16/gor01_two_2006-6-07_16-40-19/ripple/combined/multi/,p_x_given_n[314].png,2026-09-16 20:54:08+00:00,19120,gor01_two_2006-6-07_16-40-19
1629,file,/umms-kdiba/Data/Output/collected_outputs/figures/_temp_individual_posteriors/2026-09-16/gor01_two_2006-6-07_16-40-19/ripple/combined/multi/,p_x_given_n[315].png,2026-09-16 20:54:08+00:00,9304,gor01_two_2006-6-07_16-40-19
1630,file,/umms-kdiba/Data/Output/collected_outputs/figures/_temp_individual_posteriors/2026-09-16/gor01_two_2006-6-07_16-40-19/ripple/combined/multi/,p_x_given_n[316].png,2026-09-16 20:54:08+00:00,16174,gor01_two_2006-6-07_16-40-19
1631,file,/umms-kdiba/Data/Output/collected_outputs/figures/_temp_individual_posteriors/2026-09-16/gor01_two_2006-6-07_16-40-19/ripple/combined/multi/,p_x_given_n[317].png,2026-09-16 20:54:08+00:00,14278,gor01_two_2006-6-07_16-40-19
1632,file,/umms-kdiba/Data/Output/collected_outputs/figures/_temp_individual_posteriors/2026-09-16/gor01_two_2006-6-07_16-40-19/ripple/combined/multi/,p_x_given_n[318].png,2026-09-16 20:54:08+00:00,19051,gor01_two_2006-6-07_16-40-19
1633,file,/umms-kdiba/Data/Output/collected_outputs/figures/_temp_individual_posteriors/2026-09-16/gor01_two_2006-6-07_16-40-19/ripple/combined/multi/,p_x_given_n[319].png,2026-09-16 20:54:08+00:00,21752,gor01_two_2006-6-07_16-40-19
1634,file,/umms-kdiba/Data/Output/collected_outputs/figures/_temp_individual_posteriors/2026-09-16/gor01_two_2006-6-07_16-40-19/ripple/combined/multi/,p_x_given_n[320].png,2026-09-16 20:54:08+00:00,11335,gor01_two_2006-6-07_16-40-19
1635,file,/umms-kdiba/Data/Output/collected_outputs/figures/_temp_individual_posteriors/2026-09-16/gor01_two_2006-6-07_16-40-19/ripple/combined/multi/,p_x_given_n[321].png,2026-09-16 20:54:08+00:00,18483,gor01_two_2006-6-07_16-40-19
1636,file,/umms-kdiba/Data/Output/collected_outputs/figures/_temp_individual_posteriors/2026-09-16/gor01_two_2006-6-07_16-40-19/ripple/combined/multi/,p_x_given_n[322].png,2026-09-16 20:54:08+00:00,14084,gor01_two_2006-6-07_16-40-19
1637,file,/umms-kdiba/Data/Output/collected_outputs/figures/_temp_individual_posteriors/2026-09-16/gor01_two_2006-6-07_16-40-19/ripple/combined/multi/,p_x_given_n[323].png,2026-09-16 20:54:08+00:00,10082,gor01_two_2006-6-07_16-40-19
1638,file,/umms-kdiba/Data/Output/collected_outputs/figures/_temp_individual_posteriors/2026-09-16/gor01_two_2006-6-07_16-40-19/ripple/combined/multi/,p_x_given_n[324].png,2026-09-16 20:54:08+00:00,4207,gor01_two_2006-6-07_16-40-19
1639,file,/umms-kdiba/Data/Output/collected_outputs/figures/_temp_individual_posteriors/2026-09-16/gor01_two_2006-6-07_16-40-19/ripple/combined/multi/,p_x_given_n[325].png,2026-09-16 20:54:08+00:00,9155,gor01_two_2006-6-07_16-40-19
1640,file,/umms-kdiba/Data/Output/collected_outputs/figures/_temp_individual_posteriors/2026-09-16/gor01_two_2006-6-07_16-40-19/ripple/combined/multi/,p_x_given_n[326].png,2026-09-16 20:54:08+00:00,24071,gor01_two_2006-6-07_16-40-19
1641,file,/umms-kdiba/Data/Output/collected_outputs/figures/_temp_individual_posteriors/2026-09-16/gor01_two_2006-6-07_16-40-19/ripple/combined/multi/,p_x_given_n[327].png,2026-09-16 20:54:08+00:00,14044,gor01_two_2006-6-07_16-40-19
1642,file,/umms-kdiba/Data/Output/collected_outputs/figures/_temp_individual_posteriors/2026-09-16/gor01_two_2006-6-07_16-40-19/ripple/combined/multi/,p_x_given_n[328].png,2026-09-16 20:54:08+00:00,19405,gor01_two_2006-6-07_16-40-19
1643,file,/umms-kdiba/Data/Output/collected_outputs/figures/_temp_individual_posteriors/2026-09-16/gor01_two_2006-6-07_16-40-19/ripple/combined/multi/,p_x_given_n[329].png,2026-09-16 20:54:08+00:00,23163,gor01_two_2006-6-07_16-40-19
1644,file,/umms-kdiba/Data/Output/collected_outputs/figures/_temp_individual_posteriors/2026-09-16/gor01_two_2006-6-07_16-40-19/ripple/combined/multi/,p_x_given_n[330].png,2026-09-16 20:54:08+00:00,18186,gor01_two_2006-6-07_16-40-19
1645,file,/umms-kdiba/Data/Output/collected_outputs/figures/_temp_individual_posteriors/2026-09-16/gor01_two_2006-6-07_16-40-19/ripple/combined/multi/,p_x_given_n[331].png,2026-09-16 20:54:08+00:00,5529,gor01_two_2006-6-07_16-40-19
1646,file,/umms-kdiba/Data/Output/collected_outputs/figures/_temp_individual_posteriors/2026-09-16/gor01_two_2006-6-07_16-40-19/ripple/combined/multi/,p_x_given_n[332].png,2026-09-16 20:54:08+00:00,16727,gor01_two_2006-6-07_16-40-19
1647,file,/umms-kdiba/Data/Output/collected_outputs/figures/_temp_individual_posteriors/2026-09-16/gor01_two_2006-6-07_16-40-19/ripple/combined/multi/,p_x_given_n[333].png,2026-09-16 20:54:08+00:00,21188,gor01_two_2006-6-07_16-40-19
1648,file,/umms-kdiba/Data/Output/collected_outputs/figures/_temp_individual_posteriors/2026-09-16/gor01_two_2006-6-07_16-40-19/ripple/combined/multi/,p_x_given_n[334].png,2026-09-16 20:54:08+00:00,16281,gor01_two_2006-6-07_16-40-19
1649,file,/umms-kdiba/Data/Output/collected_outputs/figures/_temp_individual_posteriors/2026-09-16/gor01_two_2006-6-07_16-40-19/ripple/combined/multi/,p_x_given_n[335].png,2026-09-16 20:54:08+00:00,18132,gor01_two_2006-6-07_16-40-19
1650,file,/umms-kdiba/Data/Output/collected_outputs/figures/_temp_individual_posteriors/2026-09-16/gor01_two_2006-6-07_16-40-19/ripple/combined/multi/,p_x_given_n[255].png,2026-09-16 20:54:07+00:00,5983,gor01_two_2006-6-07_16-40-19
1651,file,/umms-kdiba/Data/Output/collected_outputs/figures/_temp_individual_posteriors/2026-09-16/gor01_two_2006-6-07_16-40-19/ripple/combined/multi/,p_x_given_n[256].png,2026-09-16 20:54:07+00:00,10977,gor01_two_2006-6-07_16-40-19
1652,file,/umms-kdiba/Data/Output/collected_outputs/figures/_temp_individual_posteriors/2026-09-16/gor01_two_2006-6-07_16-40-19/ripple/combined/multi/,p_x_given_n[257].png,2026-09-16 20:54:07+00:00,21275,gor01_two_2006-6-07_16-40-19
1653,file,/umms-kdiba/Data/Output/collected_outputs/figures/_temp_individual_posteriors/2026-09-16/gor01_two_2006-6-07_16-40-19/ripple/combined/multi/,p_x_given_n[258].png,2026-09-16 20:54:07+00:00,9659,gor01_two_2006-6-07_16-40-19
1654,file,/umms-kdiba/Data/Output/collected_outputs/figures/_temp_individual_posteriors/2026-09-16/gor01_two_2006-6-07_16-40-19/ripple/combined/multi/,p_x_given_n[259].png,2026-09-16 20:54:07+00:00,11845,gor01_two_2006-6-07_16-40-19
1655,file,/umms-kdiba/Data/Output/collected_outputs/figures/_temp_individual_posteriors/2026-09-16/gor01_two_2006-6-07_16-40-19/ripple/combined/multi/,p_x_given_n[260].png,2026-09-16 20:54:07+00:00,20627,gor01_two_2006-6-07_16-40-19
1656,file,/umms-kdiba/Data/Output/collected_outputs/figures/_temp_individual_posteriors/2026-09-16/gor01_two_2006-6-07_16-40-19/ripple/combined/multi/,p_x_given_n[261].png,2026-09-16 20:54:07+00:00,17981,gor01_two_2006-6-07_16-40-19
1657,file,/umms-kdiba/Data/Output/collected_outputs/figures/_temp_individual_posteriors/2026-09-16/gor01_two_2006-6-07_16-40-19/ripple/combined/multi/,p_x_given_n[262].png,2026-09-16 20:54:07+00:00,20655,gor01_two_2006-6-07_16-40-19
1658,file,/umms-kdiba/Data/Output/collected_outputs/figures/_temp_individual_posteriors/2026-09-16/gor01_two_2006-6-07_16-40-19/ripple/combined/multi/,p_x_given_n[264].png,2026-09-16 20:54:07+00:00,10731,gor01_two_2006-6-07_16-40-19
1659,file,/umms-kdiba/Data/Output/collected_outputs/figures/_temp_individual_posteriors/2026-09-16/gor01_two_2006-6-07_16-40-19/ripple/combined/multi/,p_x_given_n[266].png,2026-09-16 20:54:07+00:00,4908,gor01_two_2006-6-07_16-40-19
1660,file,/umms-kdiba/Data/Output/collected_outputs/figures/_temp_individual_posteriors/2026-09-16/gor01_two_2006-6-07_16-40-19/ripple/combined/multi/,p_x_given_n[267].png,2026-09-16 20:54:07+00:00,15287,gor01_two_2006-6-07_16-40-19
1661,file,/umms-kdiba/Data/Output/collected_outputs/figures/_temp_individual_posteriors/2026-09-16/gor01_two_2006-6-07_16-40-19/ripple/combined/multi/,p_x_given_n[268].png,2026-09-16 20:54:07+00:00,20349,gor01_two_2006-6-07_16-40-19
1662,file,/umms-kdiba/Data/Output/collected_outputs/figures/_temp_individual_posteriors/2026-09-16/gor01_two_2006-6-07_16-40-19/ripple/combined/multi/,p_x_given_n[269].png,2026-09-16 20:54:07+00:00,5797,gor01_two_2006-6-07_16-40-19
1663,file,/umms-kdiba/Data/Output/collected_outputs/figures/_temp_individual_posteriors/2026-09-16/gor01_two_2006-6-07_16-40-19/ripple/combined/multi/,p_x_given_n[270].png,2026-09-16 20:54:07+00:00,14695,gor01_two_2006-6-07_16-40-19
1664,file,/umms-kdiba/Data/Output/collected_outputs/figures/_temp_individual_posteriors/2026-09-16/gor01_two_2006-6-07_16-40-19/ripple/combined/multi/,p_x_given_n[271].png,2026-09-16 20:54:07+00:00,5528,gor01_two_2006-6-07_16-40-19
1665,file,/umms-kdiba/Data/Output/collected_outputs/figures/_temp_individual_posteriors/2026-09-16/gor01_two_2006-6-07_16-40-19/ripple/combined/multi/,p_x_given_n[272].png,2026-09-16 20:54:07+00:00,13323,gor01_two_2006-6-07_16-40-19
1666,file,/umms-kdiba/Data/Output/collected_outputs/figures/_temp_individual_posteriors/2026-09-16/gor01_two_2006-6-07_16-40-19/ripple/combined/multi/,p_x_given_n[273].png,2026-09-16 20:54:07+00:00,17835,gor01_two_2006-6-07_16-40-19
1667,file,/umms-kdiba/Data/Output/collected_outputs/figures/_temp_individual_posteriors/2026-09-16/gor01_two_2006-6-07_16-40-19/ripple/combined/multi/,p_x_given_n[274].png,2026-09-16 20:54:07+00:00,17762,gor01_two_2006-6-07_16-40-19
1668,file,/umms-kdiba/Data/Output/collected_outputs/figures/_temp_individual_posteriors/2026-09-16/gor01_two_2006-6-07_16-40-19/ripple/combined/multi/,p_x_given_n[275].png,2026-09-16 20:54:07+00:00,5550,gor01_two_2006-6-07_16-40-19
1669,file,/umms-kdiba/Data/Output/collected_outputs/figures/_temp_individual_posteriors/2026-09-16/gor01_two_2006-6-07_16-40-19/ripple/combined/multi/,p_x_given_n[276].png,2026-09-16 20:54:07+00:00,21575,gor01_two_2006-6-07_16-40-19
1670,file,/umms-kdiba/Data/Output/collected_outputs/figures/_temp_individual_posteriors/2026-09-16/gor01_two_2006-6-07_16-40-19/ripple/combined/multi/,p_x_given_n[277].png,2026-09-16 20:54:07+00:00,2909,gor01_two_2006-6-07_16-40-19
1671,file,/umms-kdiba/Data/Output/collected_outputs/figures/_temp_individual_posteriors/2026-09-16/gor01_two_2006-6-07_16-40-19/ripple/combined/multi/,p_x_given_n[278].png,2026-09-16 20:54:07+00:00,13810,gor01_two_2006-6-07_16-40-19
1672,file,/umms-kdiba/Data/Output/collected_outputs/figures/_temp_individual_posteriors/2026-09-16/gor01_two_2006-6-07_16-40-19/ripple/combined/multi/,p_x_given_n[279].png,2026-09-16 20:54:07+00:00,6258,gor01_two_2006-6-07_16-40-19
1673,file,/umms-kdiba/Data/Output/collected_outputs/figures/_temp_individual_posteriors/2026-09-16/gor01_two_2006-6-07_16-40-19/ripple/combined/multi/,p_x_given_n[280].png,2026-09-16 20:54:07+00:00,6694,gor01_two_2006-6-07_16-40-19
1674,file,/umms-kdiba/Data/Output/collected_outputs/figures/_temp_individual_posteriors/2026-09-16/gor01_two_2006-6-07_16-40-19/ripple/combined/multi/,p_x_given_n[281].png,2026-09-16 20:54:07+00:00,11085,gor01_two_2006-6-07_16-40-19
1675,file,/umms-kdiba/Data/Output/collected_outputs/figures/_temp_individual_posteriors/2026-09-16/gor01_two_2006-6-07_16-40-19/ripple/combined/multi/,p_x_given_n[282].png,2026-09-16 20:54:07+00:00,12081,gor01_two_2006-6-07_16-40-19
1676,file,/umms-kdiba/Data/Output/collected_outputs/figures/_temp_individual_posteriors/2026-09-16/gor01_two_2006-6-07_16-40-19/ripple/combined/multi/,p_x_given_n[283].png,2026-09-16 20:54:07+00:00,12192,gor01_two_2006-6-07_16-40-19
1677,file,/umms-kdiba/Data/Output/collected_outputs/figures/_temp_individual_posteriors/2026-09-16/gor01_two_2006-6-07_16-40-19/ripple/combined/multi/,p_x_given_n[284].png,2026-09-16 20:54:07+00:00,13529,gor01_two_2006-6-07_16-40-19
1678,file,/umms-kdiba/Data/Output/collected_outputs/figures/_temp_individual_posteriors/2026-09-16/gor01_two_2006-6-07_16-40-19/ripple/combined/multi/,p_x_given_n[285].png,2026-09-16 20:54:07+00:00,14576,gor01_two_2006-6-07_16-40-19
1679,file,/umms-kdiba/Data/Output/collected_outputs/figures/_temp_individual_posteriors/2026-09-16/gor01_two_2006-6-07_16-40-19/ripple/combined/multi/,p_x_given_n[286].png,2026-09-16 20:54:07+00:00,4023,gor01_two_2006-6-07_16-40-19
1680,file,/umms-kdiba/Data/Output/collected_outputs/figures/_temp_individual_posteriors/2026-09-16/gor01_two_2006-6-07_16-40-19/ripple/combined/multi/,p_x_given_n[287].png,2026-09-16 20:54:07+00:00,5485,gor01_two_2006-6-07_16-40-19
1681,file,/umms-kdiba/Data/Output/collected_outputs/figures/_temp_individual_posteriors/2026-09-16/gor01_two_2006-6-07_16-40-19/ripple/combined/multi/,p_x_given_n[288].png,2026-09-16 20:54:07+00:00,12604,gor01_two_2006-6-07_16-40-19
1682,file,/umms-kdiba/Data/Output/collected_outputs/figures/_temp_individual_posteriors/2026-09-16/gor01_two_2006-6-07_16-40-19/ripple/combined/multi/,p_x_given_n[289].png,2026-09-16 20:54:07+00:00,17792,gor01_two_2006-6-07_16-40-19
1683,file,/umms-kdiba/Data/Output/collected_outputs/figures/_temp_individual_posteriors/2026-09-16/gor01_two_2006-6-07_16-40-19/ripple/combined/multi/,p_x_given_n[290].png,2026-09-16 20:54:07+00:00,16429,gor01_two_2006-6-07_16-40-19
1684,file,/umms-kdiba/Data/Output/collected_outputs/figures/_temp_individual_posteriors/2026-09-16/gor01_two_2006-6-07_16-40-19/ripple/combined/multi/,p_x_given_n[291].png,2026-09-16 20:54:07+00:00,11182,gor01_two_2006-6-07_16-40-19
1685,file,/umms-kdiba/Data/Output/collected_outputs/figures/_temp_individual_posteriors/2026-09-16/gor01_two_2006-6-07_16-40-19/ripple/combined/multi/,p_x_given_n[292].png,2026-09-16 20:54:07+00:00,17460,gor01_two_2006-6-07_16-40-19
1686,file,/umms-kdiba/Data/Output/collected_outputs/figures/_temp_individual_posteriors/2026-09-16/gor01_two_2006-6-07_16-40-19/ripple/combined/multi/,p_x_given_n[293].png,2026-09-16 20:54:07+00:00,15890,gor01_two_2006-6-07_16-40-19
1687,file,/umms-kdiba/Data/Output/collected_outputs/figures/_temp_individual_posteriors/2026-09-16/gor01_two_2006-6-07_16-40-19/ripple/combined/multi/,p_x_given_n[294].png,2026-09-16 20:54:07+00:00,5935,gor01_two_2006-6-07_16-40-19
1688,file,/umms-kdiba/Data/Output/collected_outputs/figures/_temp_individual_posteriors/2026-09-16/gor01_two_2006-6-07_16-40-19/ripple/combined/multi/,p_x_given_n[295].png,2026-09-16 20:54:07+00:00,23773,gor01_two_2006-6-07_16-40-19
1689,file,/umms-kdiba/Data/Output/collected_outputs/figures/_temp_individual_posteriors/2026-09-16/gor01_two_2006-6-07_16-40-19/ripple/combined/multi/,p_x_given_n[296].png,2026-09-16 20:54:07+00:00,19225,gor01_two_2006-6-07_16-40-19
1690,file,/umms-kdiba/Data/Output/collected_outputs/figures/_temp_individual_posteriors/2026-09-16/gor01_two_2006-6-07_16-40-19/ripple/combined/multi/,p_x_given_n[297].png,2026-09-16 20:54:07+00:00,15969,gor01_two_2006-6-07_16-40-19
1691,file,/umms-kdiba/Data/Output/collected_outputs/figures/_temp_individual_posteriors/2026-09-16/gor01_two_2006-6-07_16-40-19/ripple/combined/multi/,p_x_given_n[206].png,2026-09-16 20:54:06+00:00,18916,gor01_two_2006-6-07_16-40-19
1692,file,/umms-kdiba/Data/Output/collected_outputs/figures/_temp_individual_posteriors/2026-09-16/gor01_two_2006-6-07_16-40-19/ripple/combined/multi/,p_x_given_n[207].png,2026-09-16 20:54:06+00:00,11423,gor01_two_2006-6-07_16-40-19
1693,file,/umms-kdiba/Data/Output/collected_outputs/figures/_temp_individual_posteriors/2026-09-16/gor01_two_2006-6-07_16-40-19/ripple/combined/multi/,p_x_given_n[208].png,2026-09-16 20:54:06+00:00,3903,gor01_two_2006-6-07_16-40-19
1694,file,/umms-kdiba/Data/Output/collected_outputs/figures/_temp_individual_posteriors/2026-09-16/gor01_two_2006-6-07_16-40-19/ripple/combined/multi/,p_x_given_n[209].png,2026-09-16 20:54:06+00:00,3583,gor01_two_2006-6-07_16-40-19
1695,file,/umms-kdiba/Data/Output/collected_outputs/figures/_temp_individual_posteriors/2026-09-16/gor01_two_2006-6-07_16-40-19/ripple/combined/multi/,p_x_given_n[210].png,2026-09-16 20:54:06+00:00,9903,gor01_two_2006-6-07_16-40-19
1696,file,/umms-kdiba/Data/Output/collected_outputs/figures/_temp_individual_posteriors/2026-09-16/gor01_two_2006-6-07_16-40-19/ripple/combined/multi/,p_x_given_n[211].png,2026-09-16 20:54:06+00:00,17162,gor01_two_2006-6-07_16-40-19
1697,file,/umms-kdiba/Data/Output/collected_outputs/figures/_temp_individual_posteriors/2026-09-16/gor01_two_2006-6-07_16-40-19/ripple/combined/multi/,p_x_given_n[212].png,2026-09-16 20:54:06+00:00,11582,gor01_two_2006-6-07_16-40-19
1698,file,/umms-kdiba/Data/Output/collected_outputs/figures/_temp_individual_posteriors/2026-09-16/gor01_two_2006-6-07_16-40-19/ripple/combined/multi/,p_x_given_n[213].png,2026-09-16 20:54:06+00:00,7785,gor01_two_2006-6-07_16-40-19
1699,file,/umms-kdiba/Data/Output/collected_outputs/figures/_temp_individual_posteriors/2026-09-16/gor01_two_2006-6-07_16-40-19/ripple/combined/multi/,p_x_given_n[214].png,2026-09-16 20:54:06+00:00,9018,gor01_two_2006-6-07_16-40-19
1700,file,/umms-kdiba/Data/Output/collected_outputs/figures/_temp_individual_posteriors/2026-09-16/gor01_two_2006-6-07_16-40-19/ripple/combined/multi/,p_x_given_n[215].png,2026-09-16 20:54:06+00:00,3308,gor01_two_2006-6-07_16-40-19
1701,file,/umms-kdiba/Data/Output/collected_outputs/figures/_temp_individual_posteriors/2026-09-16/gor01_two_2006-6-07_16-40-19/ripple/combined/multi/,p_x_given_n[216].png,2026-09-16 20:54:06+00:00,13817,gor01_two_2006-6-07_16-40-19
1702,file,/umms-kdiba/Data/Output/collected_outputs/figures/_temp_individual_posteriors/2026-09-16/gor01_two_2006-6-07_16-40-19/ripple/combined/multi/,p_x_given_n[217].png,2026-09-16 20:54:06+00:00,17082,gor01_two_2006-6-07_16-40-19
1703,file,/umms-kdiba/Data/Output/collected_outputs/figures/_temp_individual_posteriors/2026-09-16/gor01_two_2006-6-07_16-40-19/ripple/combined/multi/,p_x_given_n[218].png,2026-09-16 20:54:06+00:00,10476,gor01_two_2006-6-07_16-40-19
1704,file,/umms-kdiba/Data/Output/collected_outputs/figures/_temp_individual_posteriors/2026-09-16/gor01_two_2006-6-07_16-40-19/ripple/combined/multi/,p_x_given_n[219].png,2026-09-16 20:54:06+00:00,6511,gor01_two_2006-6-07_16-40-19
1705,file,/umms-kdiba/Data/Output/collected_outputs/figures/_temp_individual_posteriors/2026-09-16/gor01_two_2006-6-07_16-40-19/ripple/combined/multi/,p_x_given_n[220].png,2026-09-16 20:54:06+00:00,14611,gor01_two_2006-6-07_16-40-19
1706,file,/umms-kdiba/Data/Output/collected_outputs/figures/_temp_individual_posteriors/2026-09-16/gor01_two_2006-6-07_16-40-19/ripple/combined/multi/,p_x_given_n[221].png,2026-09-16 20:54:06+00:00,4931,gor01_two_2006-6-07_16-40-19
1707,file,/umms-kdiba/Data/Output/collected_outputs/figures/_temp_individual_posteriors/2026-09-16/gor01_two_2006-6-07_16-40-19/ripple/combined/multi/,p_x_given_n[222].png,2026-09-16 20:54:06+00:00,17203,gor01_two_2006-6-07_16-40-19
1708,file,/umms-kdiba/Data/Output/collected_outputs/figures/_temp_individual_posteriors/2026-09-16/gor01_two_2006-6-07_16-40-19/ripple/combined/multi/,p_x_given_n[223].png,2026-09-16 20:54:06+00:00,9878,gor01_two_2006-6-07_16-40-19
1709,file,/umms-kdiba/Data/Output/collected_outputs/figures/_temp_individual_posteriors/2026-09-16/gor01_two_2006-6-07_16-40-19/ripple/combined/multi/,p_x_given_n[224].png,2026-09-16 20:54:06+00:00,9936,gor01_two_2006-6-07_16-40-19
1710,file,/umms-kdiba/Data/Output/collected_outputs/figures/_temp_individual_posteriors/2026-09-16/gor01_two_2006-6-07_16-40-19/ripple/combined/multi/,p_x_given_n[225].png,2026-09-16 20:54:06+00:00,6083,gor01_two_2006-6-07_16-40-19
1711,file,/umms-kdiba/Data/Output/collected_outputs/figures/_temp_individual_posteriors/2026-09-16/gor01_two_2006-6-07_16-40-19/ripple/combined/multi/,p_x_given_n[226].png,2026-09-16 20:54:06+00:00,8101,gor01_two_2006-6-07_16-40-19
1712,file,/umms-kdiba/Data/Output/collected_outputs/figures/_temp_individual_posteriors/2026-09-16/gor01_two_2006-6-07_16-40-19/ripple/combined/multi/,p_x_given_n[227].png,2026-09-16 20:54:06+00:00,15704,gor01_two_2006-6-07_16-40-19
1713,file,/umms-kdiba/Data/Output/collected_outputs/figures/_temp_individual_posteriors/2026-09-16/gor01_two_2006-6-07_16-40-19/ripple/combined/multi/,p_x_given_n[228].png,2026-09-16 20:54:06+00:00,9333,gor01_two_2006-6-07_16-40-19
1714,file,/umms-kdiba/Data/Output/collected_outputs/figures/_temp_individual_posteriors/2026-09-16/gor01_two_2006-6-07_16-40-19/ripple/combined/multi/,p_x_given_n[229].png,2026-09-16 20:54:06+00:00,22815,gor01_two_2006-6-07_16-40-19
1715,file,/umms-kdiba/Data/Output/collected_outputs/figures/_temp_individual_posteriors/2026-09-16/gor01_two_2006-6-07_16-40-19/ripple/combined/multi/,p_x_given_n[230].png,2026-09-16 20:54:06+00:00,6020,gor01_two_2006-6-07_16-40-19
1716,file,/umms-kdiba/Data/Output/collected_outputs/figures/_temp_individual_posteriors/2026-09-16/gor01_two_2006-6-07_16-40-19/ripple/combined/multi/,p_x_given_n[232].png,2026-09-16 20:54:06+00:00,2567,gor01_two_2006-6-07_16-40-19
1717,file,/umms-kdiba/Data/Output/collected_outputs/figures/_temp_individual_posteriors/2026-09-16/gor01_two_2006-6-07_16-40-19/ripple/combined/multi/,p_x_given_n[233].png,2026-09-16 20:54:06+00:00,19437,gor01_two_2006-6-07_16-40-19
1718,file,/umms-kdiba/Data/Output/collected_outputs/figures/_temp_individual_posteriors/2026-09-16/gor01_two_2006-6-07_16-40-19/ripple/combined/multi/,p_x_given_n[234].png,2026-09-16 20:54:06+00:00,13450,gor01_two_2006-6-07_16-40-19
1719,file,/umms-kdiba/Data/Output/collected_outputs/figures/_temp_individual_posteriors/2026-09-16/gor01_two_2006-6-07_16-40-19/ripple/combined/multi/,p_x_given_n[235].png,2026-09-16 20:54:06+00:00,22073,gor01_two_2006-6-07_16-40-19
1720,file,/umms-kdiba/Data/Output/collected_outputs/figures/_temp_individual_posteriors/2026-09-16/gor01_two_2006-6-07_16-40-19/ripple/combined/multi/,p_x_given_n[236].png,2026-09-16 20:54:06+00:00,13044,gor01_two_2006-6-07_16-40-19
1721,file,/umms-kdiba/Data/Output/collected_outputs/figures/_temp_individual_posteriors/2026-09-16/gor01_two_2006-6-07_16-40-19/ripple/combined/multi/,p_x_given_n[237].png,2026-09-16 20:54:06+00:00,17513,gor01_two_2006-6-07_16-40-19
1722,file,/umms-kdiba/Data/Output/collected_outputs/figures/_temp_individual_posteriors/2026-09-16/gor01_two_2006-6-07_16-40-19/ripple/combined/multi/,p_x_given_n[238].png,2026-09-16 20:54:06+00:00,19351,gor01_two_2006-6-07_16-40-19
1723,file,/umms-kdiba/Data/Output/collected_outputs/figures/_temp_individual_posteriors/2026-09-16/gor01_two_2006-6-07_16-40-19/ripple/combined/multi/,p_x_given_n[239].png,2026-09-16 20:54:06+00:00,9188,gor01_two_2006-6-07_16-40-19
1724,file,/umms-kdiba/Data/Output/collected_outputs/figures/_temp_individual_posteriors/2026-09-16/gor01_two_2006-6-07_16-40-19/ripple/combined/multi/,p_x_given_n[240].png,2026-09-16 20:54:06+00:00,14868,gor01_two_2006-6-07_16-40-19
1725,file,/umms-kdiba/Data/Output/collected_outputs/figures/_temp_individual_posteriors/2026-09-16/gor01_two_2006-6-07_16-40-19/ripple/combined/multi/,p_x_given_n[241].png,2026-09-16 20:54:06+00:00,4011,gor01_two_2006-6-07_16-40-19
1726,file,/umms-kdiba/Data/Output/collected_outputs/figures/_temp_individual_posteriors/2026-09-16/gor01_two_2006-6-07_16-40-19/ripple/combined/multi/,p_x_given_n[242].png,2026-09-16 20:54:06+00:00,13148,gor01_two_2006-6-07_16-40-19
1727,file,/umms-kdiba/Data/Output/collected_outputs/figures/_temp_individual_posteriors/2026-09-16/gor01_two_2006-6-07_16-40-19/ripple/combined/multi/,p_x_given_n[243].png,2026-09-16 20:54:06+00:00,5370,gor01_two_2006-6-07_16-40-19
1728,file,/umms-kdiba/Data/Output/collected_outputs/figures/_temp_individual_posteriors/2026-09-16/gor01_two_2006-6-07_16-40-19/ripple/combined/multi/,p_x_given_n[244].png,2026-09-16 20:54:06+00:00,13185,gor01_two_2006-6-07_16-40-19
1729,file,/umms-kdiba/Data/Output/collected_outputs/figures/_temp_individual_posteriors/2026-09-16/gor01_two_2006-6-07_16-40-19/ripple/combined/multi/,p_x_given_n[245].png,2026-09-16 20:54:06+00:00,9454,gor01_two_2006-6-07_16-40-19
1730,file,/umms-kdiba/Data/Output/collected_outputs/figures/_temp_individual_posteriors/2026-09-16/gor01_two_2006-6-07_16-40-19/ripple/combined/multi/,p_x_given_n[246].png,2026-09-16 20:54:06+00:00,15831,gor01_two_2006-6-07_16-40-19
1731,file,/umms-kdiba/Data/Output/collected_outputs/figures/_temp_individual_posteriors/2026-09-16/gor01_two_2006-6-07_16-40-19/ripple/combined/multi/,p_x_given_n[247].png,2026-09-16 20:54:06+00:00,6770,gor01_two_2006-6-07_16-40-19
1732,file,/umms-kdiba/Data/Output/collected_outputs/figures/_temp_individual_posteriors/2026-09-16/gor01_two_2006-6-07_16-40-19/ripple/combined/multi/,p_x_given_n[248].png,2026-09-16 20:54:06+00:00,6293,gor01_two_2006-6-07_16-40-19
1733,file,/umms-kdiba/Data/Output/collected_outputs/figures/_temp_individual_posteriors/2026-09-16/gor01_two_2006-6-07_16-40-19/ripple/combined/multi/,p_x_given_n[249].png,2026-09-16 20:54:06+00:00,15784,gor01_two_2006-6-07_16-40-19
1734,file,/umms-kdiba/Data/Output/collected_outputs/figures/_temp_individual_posteriors/2026-09-16/gor01_two_2006-6-07_16-40-19/ripple/combined/multi/,p_x_given_n[251].png,2026-09-16 20:54:06+00:00,13599,gor01_two_2006-6-07_16-40-19
1735,file,/umms-kdiba/Data/Output/collected_outputs/figures/_temp_individual_posteriors/2026-09-16/gor01_two_2006-6-07_16-40-19/ripple/combined/multi/,p_x_given_n[252].png,2026-09-16 20:54:06+00:00,3589,gor01_two_2006-6-07_16-40-19
1736,file,/umms-kdiba/Data/Output/collected_outputs/figures/_temp_individual_posteriors/2026-09-16/gor01_two_2006-6-07_16-40-19/ripple/combined/multi/,p_x_given_n[253].png,2026-09-16 20:54:06+00:00,14692,gor01_two_2006-6-07_16-40-19
1737,file,/umms-kdiba/Data/Output/collected_outputs/figures/_temp_individual_posteriors/2026-09-16/gor01_two_2006-6-07_16-40-19/ripple/combined/multi/,p_x_given_n[254].png,2026-09-16 20:54:06+00:00,7543,gor01_two_2006-6-07_16-40-19
1738,file,/umms-kdiba/Data/Output/collected_outputs/figures/_temp_individual_posteriors/2026-09-16/gor01_two_2006-6-07_16-40-19/ripple/combined/multi/,p_x_given_n[169].png,2026-09-16 20:54:05+00:00,15041,gor01_two_2006-6-07_16-40-19
1739,file,/umms-kdiba/Data/Output/collected_outputs/figures/_temp_individual_posteriors/2026-09-16/gor01_two_2006-6-07_16-40-19/ripple/combined/multi/,p_x_given_n[170].png,2026-09-16 20:54:05+00:00,11792,gor01_two_2006-6-07_16-40-19
1740,file,/umms-kdiba/Data/Output/collected_outputs/figures/_temp_individual_posteriors/2026-09-16/gor01_two_2006-6-07_16-40-19/ripple/combined/multi/,p_x_given_n[171].png,2026-09-16 20:54:05+00:00,8884,gor01_two_2006-6-07_16-40-19
1741,file,/umms-kdiba/Data/Output/collected_outputs/figures/_temp_individual_posteriors/2026-09-16/gor01_two_2006-6-07_16-40-19/ripple/combined/multi/,p_x_given_n[172].png,2026-09-16 20:54:05+00:00,16428,gor01_two_2006-6-07_16-40-19
1742,file,/umms-kdiba/Data/Output/collected_outputs/figures/_temp_individual_posteriors/2026-09-16/gor01_two_2006-6-07_16-40-19/ripple/combined/multi/,p_x_given_n[173].png,2026-09-16 20:54:05+00:00,18724,gor01_two_2006-6-07_16-40-19
1743,file,/umms-kdiba/Data/Output/collected_outputs/figures/_temp_individual_posteriors/2026-09-16/gor01_two_2006-6-07_16-40-19/ripple/combined/multi/,p_x_given_n[174].png,2026-09-16 20:54:05+00:00,14258,gor01_two_2006-6-07_16-40-19
1744,file,/umms-kdiba/Data/Output/collected_outputs/figures/_temp_individual_posteriors/2026-09-16/gor01_two_2006-6-07_16-40-19/ripple/combined/multi/,p_x_given_n[175].png,2026-09-16 20:54:05+00:00,18362,gor01_two_2006-6-07_16-40-19
1745,file,/umms-kdiba/Data/Output/collected_outputs/figures/_temp_individual_posteriors/2026-09-16/gor01_two_2006-6-07_16-40-19/ripple/combined/multi/,p_x_given_n[176].png,2026-09-16 20:54:05+00:00,15866,gor01_two_2006-6-07_16-40-19
1746,file,/umms-kdiba/Data/Output/collected_outputs/figures/_temp_individual_posteriors/2026-09-16/gor01_two_2006-6-07_16-40-19/ripple/combined/multi/,p_x_given_n[177].png,2026-09-16 20:54:05+00:00,17111,gor01_two_2006-6-07_16-40-19
1747,file,/umms-kdiba/Data/Output/collected_outputs/figures/_temp_individual_posteriors/2026-09-16/gor01_two_2006-6-07_16-40-19/ripple/combined/multi/,p_x_given_n[178].png,2026-09-16 20:54:05+00:00,12061,gor01_two_2006-6-07_16-40-19
1748,file,/umms-kdiba/Data/Output/collected_outputs/figures/_temp_individual_posteriors/2026-09-16/gor01_two_2006-6-07_16-40-19/ripple/combined/multi/,p_x_given_n[179].png,2026-09-16 20:54:05+00:00,14010,gor01_two_2006-6-07_16-40-19
1749,file,/umms-kdiba/Data/Output/collected_outputs/figures/_temp_individual_posteriors/2026-09-16/gor01_two_2006-6-07_16-40-19/ripple/combined/multi/,p_x_given_n[180].png,2026-09-16 20:54:05+00:00,17192,gor01_two_2006-6-07_16-40-19
1750,file,/umms-kdiba/Data/Output/collected_outputs/figures/_temp_individual_posteriors/2026-09-16/gor01_two_2006-6-07_16-40-19/ripple/combined/multi/,p_x_given_n[181].png,2026-09-16 20:54:05+00:00,10803,gor01_two_2006-6-07_16-40-19
1751,file,/umms-kdiba/Data/Output/collected_outputs/figures/_temp_individual_posteriors/2026-09-16/gor01_two_2006-6-07_16-40-19/ripple/combined/multi/,p_x_given_n[182].png,2026-09-16 20:54:05+00:00,12442,gor01_two_2006-6-07_16-40-19
1752,file,/umms-kdiba/Data/Output/collected_outputs/figures/_temp_individual_posteriors/2026-09-16/gor01_two_2006-6-07_16-40-19/ripple/combined/multi/,p_x_given_n[183].png,2026-09-16 20:54:05+00:00,11333,gor01_two_2006-6-07_16-40-19
1753,file,/umms-kdiba/Data/Output/collected_outputs/figures/_temp_individual_posteriors/2026-09-16/gor01_two_2006-6-07_16-40-19/ripple/combined/multi/,p_x_given_n[184].png,2026-09-16 20:54:05+00:00,15700,gor01_two_2006-6-07_16-40-19
1754,file,/umms-kdiba/Data/Output/collected_outputs/figures/_temp_individual_posteriors/2026-09-16/gor01_two_2006-6-07_16-40-19/ripple/combined/multi/,p_x_given_n[185].png,2026-09-16 20:54:05+00:00,23691,gor01_two_2006-6-07_16-40-19
1755,file,/umms-kdiba/Data/Output/collected_outputs/figures/_temp_individual_posteriors/2026-09-16/gor01_two_2006-6-07_16-40-19/ripple/combined/multi/,p_x_given_n[186].png,2026-09-16 20:54:05+00:00,10528,gor01_two_2006-6-07_16-40-19
1756,file,/umms-kdiba/Data/Output/collected_outputs/figures/_temp_individual_posteriors/2026-09-16/gor01_two_2006-6-07_16-40-19/ripple/combined/multi/,p_x_given_n[187].png,2026-09-16 20:54:05+00:00,13619,gor01_two_2006-6-07_16-40-19
1757,file,/umms-kdiba/Data/Output/collected_outputs/figures/_temp_individual_posteriors/2026-09-16/gor01_two_2006-6-07_16-40-19/ripple/combined/multi/,p_x_given_n[188].png,2026-09-16 20:54:05+00:00,17080,gor01_two_2006-6-07_16-40-19
1758,file,/umms-kdiba/Data/Output/collected_outputs/figures/_temp_individual_posteriors/2026-09-16/gor01_two_2006-6-07_16-40-19/ripple/combined/multi/,p_x_given_n[189].png,2026-09-16 20:54:05+00:00,18018,gor01_two_2006-6-07_16-40-19
1759,file,/umms-kdiba/Data/Output/collected_outputs/figures/_temp_individual_posteriors/2026-09-16/gor01_two_2006-6-07_16-40-19/ripple/combined/multi/,p_x_given_n[190].png,2026-09-16 20:54:05+00:00,14768,gor01_two_2006-6-07_16-40-19
1760,file,/umms-kdiba/Data/Output/collected_outputs/figures/_temp_individual_posteriors/2026-09-16/gor01_two_2006-6-07_16-40-19/ripple/combined/multi/,p_x_given_n[191].png,2026-09-16 20:54:05+00:00,16523,gor01_two_2006-6-07_16-40-19
1761,file,/umms-kdiba/Data/Output/collected_outputs/figures/_temp_individual_posteriors/2026-09-16/gor01_two_2006-6-07_16-40-19/ripple/combined/multi/,p_x_given_n[192].png,2026-09-16 20:54:05+00:00,10510,gor01_two_2006-6-07_16-40-19
1762,file,/umms-kdiba/Data/Output/collected_outputs/figures/_temp_individual_posteriors/2026-09-16/gor01_two_2006-6-07_16-40-19/ripple/combined/multi/,p_x_given_n[193].png,2026-09-16 20:54:05+00:00,18147,gor01_two_2006-6-07_16-40-19
1763,file,/umms-kdiba/Data/Output/collected_outputs/figures/_temp_individual_posteriors/2026-09-16/gor01_two_2006-6-07_16-40-19/ripple/combined/multi/,p_x_given_n[194].png,2026-09-16 20:54:05+00:00,17317,gor01_two_2006-6-07_16-40-19
1764,file,/umms-kdiba/Data/Output/collected_outputs/figures/_temp_individual_posteriors/2026-09-16/gor01_two_2006-6-07_16-40-19/ripple/combined/multi/,p_x_given_n[195].png,2026-09-16 20:54:05+00:00,15938,gor01_two_2006-6-07_16-40-19
1765,file,/umms-kdiba/Data/Output/collected_outputs/figures/_temp_individual_posteriors/2026-09-16/gor01_two_2006-6-07_16-40-19/ripple/combined/multi/,p_x_given_n[196].png,2026-09-16 20:54:05+00:00,16348,gor01_two_2006-6-07_16-40-19
1766,file,/umms-kdiba/Data/Output/collected_outputs/figures/_temp_individual_posteriors/2026-09-16/gor01_two_2006-6-07_16-40-19/ripple/combined/multi/,p_x_given_n[197].png,2026-09-16 20:54:05+00:00,19775,gor01_two_2006-6-07_16-40-19
1767,file,/umms-kdiba/Data/Output/collected_outputs/figures/_temp_individual_posteriors/2026-09-16/gor01_two_2006-6-07_16-40-19/ripple/combined/multi/,p_x_given_n[198].png,2026-09-16 20:54:05+00:00,23324,gor01_two_2006-6-07_16-40-19
1768,file,/umms-kdiba/Data/Output/collected_outputs/figures/_temp_individual_posteriors/2026-09-16/gor01_two_2006-6-07_16-40-19/ripple/combined/multi/,p_x_given_n[199].png,2026-09-16 20:54:05+00:00,19639,gor01_two_2006-6-07_16-40-19
1769,file,/umms-kdiba/Data/Output/collected_outputs/figures/_temp_individual_posteriors/2026-09-16/gor01_two_2006-6-07_16-40-19/ripple/combined/multi/,p_x_given_n[200].png,2026-09-16 20:54:05+00:00,18634,gor01_two_2006-6-07_16-40-19
1770,file,/umms-kdiba/Data/Output/collected_outputs/figures/_temp_individual_posteriors/2026-09-16/gor01_two_2006-6-07_16-40-19/ripple/combined/multi/,p_x_given_n[201].png,2026-09-16 20:54:05+00:00,16259,gor01_two_2006-6-07_16-40-19
1771,file,/umms-kdiba/Data/Output/collected_outputs/figures/_temp_individual_posteriors/2026-09-16/gor01_two_2006-6-07_16-40-19/ripple/combined/multi/,p_x_given_n[202].png,2026-09-16 20:54:05+00:00,20575,gor01_two_2006-6-07_16-40-19
1772,file,/umms-kdiba/Data/Output/collected_outputs/figures/_temp_individual_posteriors/2026-09-16/gor01_two_2006-6-07_16-40-19/ripple/combined/multi/,p_x_given_n[203].png,2026-09-16 20:54:05+00:00,12908,gor01_two_2006-6-07_16-40-19
1773,file,/umms-kdiba/Data/Output/collected_outputs/figures/_temp_individual_posteriors/2026-09-16/gor01_two_2006-6-07_16-40-19/ripple/combined/multi/,p_x_given_n[204].png,2026-09-16 20:54:05+00:00,6087,gor01_two_2006-6-07_16-40-19
1774,file,/umms-kdiba/Data/Output/collected_outputs/figures/_temp_individual_posteriors/2026-09-16/gor01_two_2006-6-07_16-40-19/ripple/combined/multi/,p_x_given_n[205].png,2026-09-16 20:54:05+00:00,9429,gor01_two_2006-6-07_16-40-19
1775,file,/umms-kdiba/Data/Output/collected_outputs/figures/_temp_individual_posteriors/2026-09-16/gor01_two_2006-6-07_16-40-19/ripple/combined/multi/,p_x_given_n[128].png,2026-09-16 20:54:04+00:00,5668,gor01_two_2006-6-07_16-40-19
1776,file,/umms-kdiba/Data/Output/collected_outputs/figures/_temp_individual_posteriors/2026-09-16/gor01_two_2006-6-07_16-40-19/ripple/combined/multi/,p_x_given_n[129].png,2026-09-16 20:54:04+00:00,10105,gor01_two_2006-6-07_16-40-19
1777,file,/umms-kdiba/Data/Output/collected_outputs/figures/_temp_individual_posteriors/2026-09-16/gor01_two_2006-6-07_16-40-19/ripple/combined/multi/,p_x_given_n[130].png,2026-09-16 20:54:04+00:00,3865,gor01_two_2006-6-07_16-40-19
1778,file,/umms-kdiba/Data/Output/collected_outputs/figures/_temp_individual_posteriors/2026-09-16/gor01_two_2006-6-07_16-40-19/ripple/combined/multi/,p_x_given_n[131].png,2026-09-16 20:54:04+00:00,3554,gor01_two_2006-6-07_16-40-19
1779,file,/umms-kdiba/Data/Output/collected_outputs/figures/_temp_individual_posteriors/2026-09-16/gor01_two_2006-6-07_16-40-19/ripple/combined/multi/,p_x_given_n[132].png,2026-09-16 20:54:04+00:00,11086,gor01_two_2006-6-07_16-40-19
1780,file,/umms-kdiba/Data/Output/collected_outputs/figures/_temp_individual_posteriors/2026-09-16/gor01_two_2006-6-07_16-40-19/ripple/combined/multi/,p_x_given_n[133].png,2026-09-16 20:54:04+00:00,15713,gor01_two_2006-6-07_16-40-19
1781,file,/umms-kdiba/Data/Output/collected_outputs/figures/_temp_individual_posteriors/2026-09-16/gor01_two_2006-6-07_16-40-19/ripple/combined/multi/,p_x_given_n[134].png,2026-09-16 20:54:04+00:00,18731,gor01_two_2006-6-07_16-40-19
1782,file,/umms-kdiba/Data/Output/collected_outputs/figures/_temp_individual_posteriors/2026-09-16/gor01_two_2006-6-07_16-40-19/ripple/combined/multi/,p_x_given_n[135].png,2026-09-16 20:54:04+00:00,11873,gor01_two_2006-6-07_16-40-19
1783,file,/umms-kdiba/Data/Output/collected_outputs/figures/_temp_individual_posteriors/2026-09-16/gor01_two_2006-6-07_16-40-19/ripple/combined/multi/,p_x_given_n[136].png,2026-09-16 20:54:04+00:00,17103,gor01_two_2006-6-07_16-40-19
1784,file,/umms-kdiba/Data/Output/collected_outputs/figures/_temp_individual_posteriors/2026-09-16/gor01_two_2006-6-07_16-40-19/ripple/combined/multi/,p_x_given_n[137].png,2026-09-16 20:54:04+00:00,21458,gor01_two_2006-6-07_16-40-19
1785,file,/umms-kdiba/Data/Output/collected_outputs/figures/_temp_individual_posteriors/2026-09-16/gor01_two_2006-6-07_16-40-19/ripple/combined/multi/,p_x_given_n[138].png,2026-09-16 20:54:04+00:00,23205,gor01_two_2006-6-07_16-40-19
1786,file,/umms-kdiba/Data/Output/collected_outputs/figures/_temp_individual_posteriors/2026-09-16/gor01_two_2006-6-07_16-40-19/ripple/combined/multi/,p_x_given_n[139].png,2026-09-16 20:54:04+00:00,7046,gor01_two_2006-6-07_16-40-19
1787,file,/umms-kdiba/Data/Output/collected_outputs/figures/_temp_individual_posteriors/2026-09-16/gor01_two_2006-6-07_16-40-19/ripple/combined/multi/,p_x_given_n[140].png,2026-09-16 20:54:04+00:00,8170,gor01_two_2006-6-07_16-40-19
1788,file,/umms-kdiba/Data/Output/collected_outputs/figures/_temp_individual_posteriors/2026-09-16/gor01_two_2006-6-07_16-40-19/ripple/combined/multi/,p_x_given_n[141].png,2026-09-16 20:54:04+00:00,2855,gor01_two_2006-6-07_16-40-19
1789,file,/umms-kdiba/Data/Output/collected_outputs/figures/_temp_individual_posteriors/2026-09-16/gor01_two_2006-6-07_16-40-19/ripple/combined/multi/,p_x_given_n[142].png,2026-09-16 20:54:04+00:00,8902,gor01_two_2006-6-07_16-40-19
1790,file,/umms-kdiba/Data/Output/collected_outputs/figures/_temp_individual_posteriors/2026-09-16/gor01_two_2006-6-07_16-40-19/ripple/combined/multi/,p_x_given_n[143].png,2026-09-16 20:54:04+00:00,5522,gor01_two_2006-6-07_16-40-19
1791,file,/umms-kdiba/Data/Output/collected_outputs/figures/_temp_individual_posteriors/2026-09-16/gor01_two_2006-6-07_16-40-19/ripple/combined/multi/,p_x_given_n[144].png,2026-09-16 20:54:04+00:00,11758,gor01_two_2006-6-07_16-40-19
1792,file,/umms-kdiba/Data/Output/collected_outputs/figures/_temp_individual_posteriors/2026-09-16/gor01_two_2006-6-07_16-40-19/ripple/combined/multi/,p_x_given_n[145].png,2026-09-16 20:54:04+00:00,7984,gor01_two_2006-6-07_16-40-19
1793,file,/umms-kdiba/Data/Output/collected_outputs/figures/_temp_individual_posteriors/2026-09-16/gor01_two_2006-6-07_16-40-19/ripple/combined/multi/,p_x_given_n[146].png,2026-09-16 20:54:04+00:00,22151,gor01_two_2006-6-07_16-40-19
1794,file,/umms-kdiba/Data/Output/collected_outputs/figures/_temp_individual_posteriors/2026-09-16/gor01_two_2006-6-07_16-40-19/ripple/combined/multi/,p_x_given_n[147].png,2026-09-16 20:54:04+00:00,20678,gor01_two_2006-6-07_16-40-19
1795,file,/umms-kdiba/Data/Output/collected_outputs/figures/_temp_individual_posteriors/2026-09-16/gor01_two_2006-6-07_16-40-19/ripple/combined/multi/,p_x_given_n[148].png,2026-09-16 20:54:04+00:00,4740,gor01_two_2006-6-07_16-40-19
1796,file,/umms-kdiba/Data/Output/collected_outputs/figures/_temp_individual_posteriors/2026-09-16/gor01_two_2006-6-07_16-40-19/ripple/combined/multi/,p_x_given_n[149].png,2026-09-16 20:54:04+00:00,12899,gor01_two_2006-6-07_16-40-19
1797,file,/umms-kdiba/Data/Output/collected_outputs/figures/_temp_individual_posteriors/2026-09-16/gor01_two_2006-6-07_16-40-19/ripple/combined/multi/,p_x_given_n[150].png,2026-09-16 20:54:04+00:00,17000,gor01_two_2006-6-07_16-40-19
1798,file,/umms-kdiba/Data/Output/collected_outputs/figures/_temp_individual_posteriors/2026-09-16/gor01_two_2006-6-07_16-40-19/ripple/combined/multi/,p_x_given_n[151].png,2026-09-16 20:54:04+00:00,12899,gor01_two_2006-6-07_16-40-19
1799,file,/umms-kdiba/Data/Output/collected_outputs/figures/_temp_individual_posteriors/2026-09-16/gor01_two_2006-6-07_16-40-19/ripple/combined/multi/,p_x_given_n[152].png,2026-09-16 20:54:04+00:00,18041,gor01_two_2006-6-07_16-40-19
1800,file,/umms-kdiba/Data/Output/collected_outputs/figures/_temp_individual_posteriors/2026-09-16/gor01_two_2006-6-07_16-40-19/ripple/combined/multi/,p_x_given_n[153].png,2026-09-16 20:54:04+00:00,13583,gor01_two_2006-6-07_16-40-19
1801,file,/umms-kdiba/Data/Output/collected_outputs/figures/_temp_individual_posteriors/2026-09-16/gor01_two_2006-6-07_16-40-19/ripple/combined/multi/,p_x_given_n[154].png,2026-09-16 20:54:04+00:00,8125,gor01_two_2006-6-07_16-40-19
1802,file,/umms-kdiba/Data/Output/collected_outputs/figures/_temp_individual_posteriors/2026-09-16/gor01_two_2006-6-07_16-40-19/ripple/combined/multi/,p_x_given_n[155].png,2026-09-16 20:54:04+00:00,8115,gor01_two_2006-6-07_16-40-19
1803,file,/umms-kdiba/Data/Output/collected_outputs/figures/_temp_individual_posteriors/2026-09-16/gor01_two_2006-6-07_16-40-19/ripple/combined/multi/,p_x_given_n[156].png,2026-09-16 20:54:04+00:00,12324,gor01_two_2006-6-07_16-40-19
1804,file,/umms-kdiba/Data/Output/collected_outputs/figures/_temp_individual_posteriors/2026-09-16/gor01_two_2006-6-07_16-40-19/ripple/combined/multi/,p_x_given_n[157].png,2026-09-16 20:54:04+00:00,13758,gor01_two_2006-6-07_16-40-19
1805,file,/umms-kdiba/Data/Output/collected_outputs/figures/_temp_individual_posteriors/2026-09-16/gor01_two_2006-6-07_16-40-19/ripple/combined/multi/,p_x_given_n[158].png,2026-09-16 20:54:04+00:00,17273,gor01_two_2006-6-07_16-40-19
1806,file,/umms-kdiba/Data/Output/collected_outputs/figures/_temp_individual_posteriors/2026-09-16/gor01_two_2006-6-07_16-40-19/ripple/combined/multi/,p_x_given_n[159].png,2026-09-16 20:54:04+00:00,16158,gor01_two_2006-6-07_16-40-19
1807,file,/umms-kdiba/Data/Output/collected_outputs/figures/_temp_individual_posteriors/2026-09-16/gor01_two_2006-6-07_16-40-19/ripple/combined/multi/,p_x_given_n[160].png,2026-09-16 20:54:04+00:00,19367,gor01_two_2006-6-07_16-40-19
1808,file,/umms-kdiba/Data/Output/collected_outputs/figures/_temp_individual_posteriors/2026-09-16/gor01_two_2006-6-07_16-40-19/ripple/combined/multi/,p_x_given_n[161].png,2026-09-16 20:54:04+00:00,17140,gor01_two_2006-6-07_16-40-19
1809,file,/umms-kdiba/Data/Output/collected_outputs/figures/_temp_individual_posteriors/2026-09-16/gor01_two_2006-6-07_16-40-19/ripple/combined/multi/,p_x_given_n[162].png,2026-09-16 20:54:04+00:00,5728,gor01_two_2006-6-07_16-40-19
1810,file,/umms-kdiba/Data/Output/collected_outputs/figures/_temp_individual_posteriors/2026-09-16/gor01_two_2006-6-07_16-40-19/ripple/combined/multi/,p_x_given_n[163].png,2026-09-16 20:54:04+00:00,14667,gor01_two_2006-6-07_16-40-19
1811,file,/umms-kdiba/Data/Output/collected_outputs/figures/_temp_individual_posteriors/2026-09-16/gor01_two_2006-6-07_16-40-19/ripple/combined/multi/,p_x_given_n[164].png,2026-09-16 20:54:04+00:00,12906,gor01_two_2006-6-07_16-40-19
1812,file,/umms-kdiba/Data/Output/collected_outputs/figures/_temp_individual_posteriors/2026-09-16/gor01_two_2006-6-07_16-40-19/ripple/combined/multi/,p_x_given_n[165].png,2026-09-16 20:54:04+00:00,19421,gor01_two_2006-6-07_16-40-19
1813,file,/umms-kdiba/Data/Output/collected_outputs/figures/_temp_individual_posteriors/2026-09-16/gor01_two_2006-6-07_16-40-19/ripple/combined/multi/,p_x_given_n[166].png,2026-09-16 20:54:04+00:00,9091,gor01_two_2006-6-07_16-40-19
1814,file,/umms-kdiba/Data/Output/collected_outputs/figures/_temp_individual_posteriors/2026-09-16/gor01_two_2006-6-07_16-40-19/ripple/combined/multi/,p_x_given_n[167].png,2026-09-16 20:54:04+00:00,15774,gor01_two_2006-6-07_16-40-19
1815,file,/umms-kdiba/Data/Output/collected_outputs/figures/_temp_individual_posteriors/2026-09-16/gor01_two_2006-6-07_16-40-19/ripple/combined/multi/,p_x_given_n[168].png,2026-09-16 20:54:04+00:00,16991,gor01_two_2006-6-07_16-40-19
1816,file,/umms-kdiba/Data/Output/collected_outputs/figures/_temp_individual_posteriors/2026-09-16/gor01_two_2006-6-07_16-40-19/ripple/combined/multi/,p_x_given_n[084].png,2026-09-16 20:54:03+00:00,19241,gor01_two_2006-6-07_16-40-19
1817,file,/umms-kdiba/Data/Output/collected_outputs/figures/_temp_individual_posteriors/2026-09-16/gor01_two_2006-6-07_16-40-19/ripple/combined/multi/,p_x_given_n[085].png,2026-09-16 20:54:03+00:00,4048,gor01_two_2006-6-07_16-40-19
1818,file,/umms-kdiba/Data/Output/collected_outputs/figures/_temp_individual_posteriors/2026-09-16/gor01_two_2006-6-07_16-40-19/ripple/combined/multi/,p_x_given_n[086].png,2026-09-16 20:54:03+00:00,9681,gor01_two_2006-6-07_16-40-19
1819,file,/umms-kdiba/Data/Output/collected_outputs/figures/_temp_individual_posteriors/2026-09-16/gor01_two_2006-6-07_16-40-19/ripple/combined/multi/,p_x_given_n[087].png,2026-09-16 20:54:03+00:00,10584,gor01_two_2006-6-07_16-40-19
1820,file,/umms-kdiba/Data/Output/collected_outputs/figures/_temp_individual_posteriors/2026-09-16/gor01_two_2006-6-07_16-40-19/ripple/combined/multi/,p_x_given_n[088].png,2026-09-16 20:54:03+00:00,13625,gor01_two_2006-6-07_16-40-19
1821,file,/umms-kdiba/Data/Output/collected_outputs/figures/_temp_individual_posteriors/2026-09-16/gor01_two_2006-6-07_16-40-19/ripple/combined/multi/,p_x_given_n[089].png,2026-09-16 20:54:03+00:00,6291,gor01_two_2006-6-07_16-40-19
1822,file,/umms-kdiba/Data/Output/collected_outputs/figures/_temp_individual_posteriors/2026-09-16/gor01_two_2006-6-07_16-40-19/ripple/combined/multi/,p_x_given_n[090].png,2026-09-16 20:54:03+00:00,11607,gor01_two_2006-6-07_16-40-19
1823,file,/umms-kdiba/Data/Output/collected_outputs/figures/_temp_individual_posteriors/2026-09-16/gor01_two_2006-6-07_16-40-19/ripple/combined/multi/,p_x_given_n[091].png,2026-09-16 20:54:03+00:00,10517,gor01_two_2006-6-07_16-40-19
1824,file,/umms-kdiba/Data/Output/collected_outputs/figures/_temp_individual_posteriors/2026-09-16/gor01_two_2006-6-07_16-40-19/ripple/combined/multi/,p_x_given_n[092].png,2026-09-16 20:54:03+00:00,18858,gor01_two_2006-6-07_16-40-19
1825,file,/umms-kdiba/Data/Output/collected_outputs/figures/_temp_individual_posteriors/2026-09-16/gor01_two_2006-6-07_16-40-19/ripple/combined/multi/,p_x_given_n[093].png,2026-09-16 20:54:03+00:00,17380,gor01_two_2006-6-07_16-40-19
1826,file,/umms-kdiba/Data/Output/collected_outputs/figures/_temp_individual_posteriors/2026-09-16/gor01_two_2006-6-07_16-40-19/ripple/combined/multi/,p_x_given_n[094].png,2026-09-16 20:54:03+00:00,15403,gor01_two_2006-6-07_16-40-19
1827,file,/umms-kdiba/Data/Output/collected_outputs/figures/_temp_individual_posteriors/2026-09-16/gor01_two_2006-6-07_16-40-19/ripple/combined/multi/,p_x_given_n[095].png,2026-09-16 20:54:03+00:00,18068,gor01_two_2006-6-07_16-40-19
1828,file,/umms-kdiba/Data/Output/collected_outputs/figures/_temp_individual_posteriors/2026-09-16/gor01_two_2006-6-07_16-40-19/ripple/combined/multi/,p_x_given_n[096].png,2026-09-16 20:54:03+00:00,11652,gor01_two_2006-6-07_16-40-19
1829,file,/umms-kdiba/Data/Output/collected_outputs/figures/_temp_individual_posteriors/2026-09-16/gor01_two_2006-6-07_16-40-19/ripple/combined/multi/,p_x_given_n[098].png,2026-09-16 20:54:03+00:00,17985,gor01_two_2006-6-07_16-40-19
1830,file,/umms-kdiba/Data/Output/collected_outputs/figures/_temp_individual_posteriors/2026-09-16/gor01_two_2006-6-07_16-40-19/ripple/combined/multi/,p_x_given_n[099].png,2026-09-16 20:54:03+00:00,3596,gor01_two_2006-6-07_16-40-19
1831,file,/umms-kdiba/Data/Output/collected_outputs/figures/_temp_individual_posteriors/2026-09-16/gor01_two_2006-6-07_16-40-19/ripple/combined/multi/,p_x_given_n[100].png,2026-09-16 20:54:03+00:00,12776,gor01_two_2006-6-07_16-40-19
1832,file,/umms-kdiba/Data/Output/collected_outputs/figures/_temp_individual_posteriors/2026-09-16/gor01_two_2006-6-07_16-40-19/ripple/combined/multi/,p_x_given_n[101].png,2026-09-16 20:54:03+00:00,14675,gor01_two_2006-6-07_16-40-19
1833,file,/umms-kdiba/Data/Output/collected_outputs/figures/_temp_individual_posteriors/2026-09-16/gor01_two_2006-6-07_16-40-19/ripple/combined/multi/,p_x_given_n[102].png,2026-09-16 20:54:03+00:00,11994,gor01_two_2006-6-07_16-40-19
1834,file,/umms-kdiba/Data/Output/collected_outputs/figures/_temp_individual_posteriors/2026-09-16/gor01_two_2006-6-07_16-40-19/ripple/combined/multi/,p_x_given_n[103].png,2026-09-16 20:54:03+00:00,14019,gor01_two_2006-6-07_16-40-19
1835,file,/umms-kdiba/Data/Output/collected_outputs/figures/_temp_individual_posteriors/2026-09-16/gor01_two_2006-6-07_16-40-19/ripple/combined/multi/,p_x_given_n[104].png,2026-09-16 20:54:03+00:00,22060,gor01_two_2006-6-07_16-40-19
1836,file,/umms-kdiba/Data/Output/collected_outputs/figures/_temp_individual_posteriors/2026-09-16/gor01_two_2006-6-07_16-40-19/ripple/combined/multi/,p_x_given_n[105].png,2026-09-16 20:54:03+00:00,5883,gor01_two_2006-6-07_16-40-19
1837,file,/umms-kdiba/Data/Output/collected_outputs/figures/_temp_individual_posteriors/2026-09-16/gor01_two_2006-6-07_16-40-19/ripple/combined/multi/,p_x_given_n[106].png,2026-09-16 20:54:03+00:00,20020,gor01_two_2006-6-07_16-40-19
1838,file,/umms-kdiba/Data/Output/collected_outputs/figures/_temp_individual_posteriors/2026-09-16/gor01_two_2006-6-07_16-40-19/ripple/combined/multi/,p_x_given_n[107].png,2026-09-16 20:54:03+00:00,5576,gor01_two_2006-6-07_16-40-19
1839,file,/umms-kdiba/Data/Output/collected_outputs/figures/_temp_individual_posteriors/2026-09-16/gor01_two_2006-6-07_16-40-19/ripple/combined/multi/,p_x_given_n[108].png,2026-09-16 20:54:03+00:00,3326,gor01_two_2006-6-07_16-40-19
1840,file,/umms-kdiba/Data/Output/collected_outputs/figures/_temp_individual_posteriors/2026-09-16/gor01_two_2006-6-07_16-40-19/ripple/combined/multi/,p_x_given_n[109].png,2026-09-16 20:54:03+00:00,22351,gor01_two_2006-6-07_16-40-19
1841,file,/umms-kdiba/Data/Output/collected_outputs/figures/_temp_individual_posteriors/2026-09-16/gor01_two_2006-6-07_16-40-19/ripple/combined/multi/,p_x_given_n[110].png,2026-09-16 20:54:03+00:00,12550,gor01_two_2006-6-07_16-40-19
1842,file,/umms-kdiba/Data/Output/collected_outputs/figures/_temp_individual_posteriors/2026-09-16/gor01_two_2006-6-07_16-40-19/ripple/combined/multi/,p_x_given_n[111].png,2026-09-16 20:54:03+00:00,7281,gor01_two_2006-6-07_16-40-19
1843,file,/umms-kdiba/Data/Output/collected_outputs/figures/_temp_individual_posteriors/2026-09-16/gor01_two_2006-6-07_16-40-19/ripple/combined/multi/,p_x_given_n[112].png,2026-09-16 20:54:03+00:00,14988,gor01_two_2006-6-07_16-40-19
1844,file,/umms-kdiba/Data/Output/collected_outputs/figures/_temp_individual_posteriors/2026-09-16/gor01_two_2006-6-07_16-40-19/ripple/combined/multi/,p_x_given_n[113].png,2026-09-16 20:54:03+00:00,3276,gor01_two_2006-6-07_16-40-19
1845,file,/umms-kdiba/Data/Output/collected_outputs/figures/_temp_individual_posteriors/2026-09-16/gor01_two_2006-6-07_16-40-19/ripple/combined/multi/,p_x_given_n[114].png,2026-09-16 20:54:03+00:00,5854,gor01_two_2006-6-07_16-40-19
1846,file,/umms-kdiba/Data/Output/collected_outputs/figures/_temp_individual_posteriors/2026-09-16/gor01_two_2006-6-07_16-40-19/ripple/combined/multi/,p_x_given_n[115].png,2026-09-16 20:54:03+00:00,3472,gor01_two_2006-6-07_16-40-19
1847,file,/umms-kdiba/Data/Output/collected_outputs/figures/_temp_individual_posteriors/2026-09-16/gor01_two_2006-6-07_16-40-19/ripple/combined/multi/,p_x_given_n[116].png,2026-09-16 20:54:03+00:00,18612,gor01_two_2006-6-07_16-40-19
1848,file,/umms-kdiba/Data/Output/collected_outputs/figures/_temp_individual_posteriors/2026-09-16/gor01_two_2006-6-07_16-40-19/ripple/combined/multi/,p_x_given_n[117].png,2026-09-16 20:54:03+00:00,16141,gor01_two_2006-6-07_16-40-19
1849,file,/umms-kdiba/Data/Output/collected_outputs/figures/_temp_individual_posteriors/2026-09-16/gor01_two_2006-6-07_16-40-19/ripple/combined/multi/,p_x_given_n[118].png,2026-09-16 20:54:03+00:00,9951,gor01_two_2006-6-07_16-40-19
1850,file,/umms-kdiba/Data/Output/collected_outputs/figures/_temp_individual_posteriors/2026-09-16/gor01_two_2006-6-07_16-40-19/ripple/combined/multi/,p_x_given_n[119].png,2026-09-16 20:54:03+00:00,10357,gor01_two_2006-6-07_16-40-19
1851,file,/umms-kdiba/Data/Output/collected_outputs/figures/_temp_individual_posteriors/2026-09-16/gor01_two_2006-6-07_16-40-19/ripple/combined/multi/,p_x_given_n[120].png,2026-09-16 20:54:03+00:00,19665,gor01_two_2006-6-07_16-40-19
1852,file,/umms-kdiba/Data/Output/collected_outputs/figures/_temp_individual_posteriors/2026-09-16/gor01_two_2006-6-07_16-40-19/ripple/combined/multi/,p_x_given_n[121].png,2026-09-16 20:54:03+00:00,14373,gor01_two_2006-6-07_16-40-19
1853,file,/umms-kdiba/Data/Output/collected_outputs/figures/_temp_individual_posteriors/2026-09-16/gor01_two_2006-6-07_16-40-19/ripple/combined/multi/,p_x_given_n[122].png,2026-09-16 20:54:03+00:00,11026,gor01_two_2006-6-07_16-40-19
1854,file,/umms-kdiba/Data/Output/collected_outputs/figures/_temp_individual_posteriors/2026-09-16/gor01_two_2006-6-07_16-40-19/ripple/combined/multi/,p_x_given_n[123].png,2026-09-16 20:54:03+00:00,5891,gor01_two_2006-6-07_16-40-19
1855,file,/umms-kdiba/Data/Output/collected_outputs/figures/_temp_individual_posteriors/2026-09-16/gor01_two_2006-6-07_16-40-19/ripple/combined/multi/,p_x_given_n[124].png,2026-09-16 20:54:03+00:00,8568,gor01_two_2006-6-07_16-40-19
1856,file,/umms-kdiba/Data/Output/collected_outputs/figures/_temp_individual_posteriors/2026-09-16/gor01_two_2006-6-07_16-40-19/ripple/combined/multi/,p_x_given_n[126].png,2026-09-16 20:54:03+00:00,17616,gor01_two_2006-6-07_16-40-19
1857,file,/umms-kdiba/Data/Output/collected_outputs/figures/_temp_individual_posteriors/2026-09-16/gor01_two_2006-6-07_16-40-19/ripple/combined/multi/,p_x_given_n[127].png,2026-09-16 20:54:03+00:00,18699,gor01_two_2006-6-07_16-40-19
1858,file,/umms-kdiba/Data/Output/collected_outputs/figures/_temp_individual_posteriors/2026-09-16/gor01_two_2006-6-07_16-40-19/ripple/combined/multi/,p_x_given_n[038].png,2026-09-16 20:54:02+00:00,7131,gor01_two_2006-6-07_16-40-19
1859,file,/umms-kdiba/Data/Output/collected_outputs/figures/_temp_individual_posteriors/2026-09-16/gor01_two_2006-6-07_16-40-19/ripple/combined/multi/,p_x_given_n[040].png,2026-09-16 20:54:02+00:00,7903,gor01_two_2006-6-07_16-40-19
1860,file,/umms-kdiba/Data/Output/collected_outputs/figures/_temp_individual_posteriors/2026-09-16/gor01_two_2006-6-07_16-40-19/ripple/combined/multi/,p_x_given_n[041].png,2026-09-16 20:54:02+00:00,18402,gor01_two_2006-6-07_16-40-19
1861,file,/umms-kdiba/Data/Output/collected_outputs/figures/_temp_individual_posteriors/2026-09-16/gor01_two_2006-6-07_16-40-19/ripple/combined/multi/,p_x_given_n[042].png,2026-09-16 20:54:02+00:00,23896,gor01_two_2006-6-07_16-40-19
1862,file,/umms-kdiba/Data/Output/collected_outputs/figures/_temp_individual_posteriors/2026-09-16/gor01_two_2006-6-07_16-40-19/ripple/combined/multi/,p_x_given_n[043].png,2026-09-16 20:54:02+00:00,14068,gor01_two_2006-6-07_16-40-19
1863,file,/umms-kdiba/Data/Output/collected_outputs/figures/_temp_individual_posteriors/2026-09-16/gor01_two_2006-6-07_16-40-19/ripple/combined/multi/,p_x_given_n[044].png,2026-09-16 20:54:02+00:00,15524,gor01_two_2006-6-07_16-40-19
1864,file,/umms-kdiba/Data/Output/collected_outputs/figures/_temp_individual_posteriors/2026-09-16/gor01_two_2006-6-07_16-40-19/ripple/combined/multi/,p_x_given_n[045].png,2026-09-16 20:54:02+00:00,3654,gor01_two_2006-6-07_16-40-19
1865,file,/umms-kdiba/Data/Output/collected_outputs/figures/_temp_individual_posteriors/2026-09-16/gor01_two_2006-6-07_16-40-19/ripple/combined/multi/,p_x_given_n[046].png,2026-09-16 20:54:02+00:00,6584,gor01_two_2006-6-07_16-40-19
1866,file,/umms-kdiba/Data/Output/collected_outputs/figures/_temp_individual_posteriors/2026-09-16/gor01_two_2006-6-07_16-40-19/ripple/combined/multi/,p_x_given_n[047].png,2026-09-16 20:54:02+00:00,7175,gor01_two_2006-6-07_16-40-19
1867,file,/umms-kdiba/Data/Output/collected_outputs/figures/_temp_individual_posteriors/2026-09-16/gor01_two_2006-6-07_16-40-19/ripple/combined/multi/,p_x_given_n[048].png,2026-09-16 20:54:02+00:00,17734,gor01_two_2006-6-07_16-40-19
1868,file,/umms-kdiba/Data/Output/collected_outputs/figures/_temp_individual_posteriors/2026-09-16/gor01_two_2006-6-07_16-40-19/ripple/combined/multi/,p_x_given_n[049].png,2026-09-16 20:54:02+00:00,22347,gor01_two_2006-6-07_16-40-19
1869,file,/umms-kdiba/Data/Output/collected_outputs/figures/_temp_individual_posteriors/2026-09-16/gor01_two_2006-6-07_16-40-19/ripple/combined/multi/,p_x_given_n[051].png,2026-09-16 20:54:02+00:00,15280,gor01_two_2006-6-07_16-40-19
1870,file,/umms-kdiba/Data/Output/collected_outputs/figures/_temp_individual_posteriors/2026-09-16/gor01_two_2006-6-07_16-40-19/ripple/combined/multi/,p_x_given_n[054].png,2026-09-16 20:54:02+00:00,18492,gor01_two_2006-6-07_16-40-19
1871,file,/umms-kdiba/Data/Output/collected_outputs/figures/_temp_individual_posteriors/2026-09-16/gor01_two_2006-6-07_16-40-19/ripple/combined/multi/,p_x_given_n[055].png,2026-09-16 20:54:02+00:00,19680,gor01_two_2006-6-07_16-40-19
1872,file,/umms-kdiba/Data/Output/collected_outputs/figures/_temp_individual_posteriors/2026-09-16/gor01_two_2006-6-07_16-40-19/ripple/combined/multi/,p_x_given_n[056].png,2026-09-16 20:54:02+00:00,11591,gor01_two_2006-6-07_16-40-19
1873,file,/umms-kdiba/Data/Output/collected_outputs/figures/_temp_individual_posteriors/2026-09-16/gor01_two_2006-6-07_16-40-19/ripple/combined/multi/,p_x_given_n[057].png,2026-09-16 20:54:02+00:00,16561,gor01_two_2006-6-07_16-40-19
1874,file,/umms-kdiba/Data/Output/collected_outputs/figures/_temp_individual_posteriors/2026-09-16/gor01_two_2006-6-07_16-40-19/ripple/combined/multi/,p_x_given_n[058].png,2026-09-16 20:54:02+00:00,18690,gor01_two_2006-6-07_16-40-19
1875,file,/umms-kdiba/Data/Output/collected_outputs/figures/_temp_individual_posteriors/2026-09-16/gor01_two_2006-6-07_16-40-19/ripple/combined/multi/,p_x_given_n[059].png,2026-09-16 20:54:02+00:00,6443,gor01_two_2006-6-07_16-40-19
1876,file,/umms-kdiba/Data/Output/collected_outputs/figures/_temp_individual_posteriors/2026-09-16/gor01_two_2006-6-07_16-40-19/ripple/combined/multi/,p_x_given_n[060].png,2026-09-16 20:54:02+00:00,15152,gor01_two_2006-6-07_16-40-19
1877,file,/umms-kdiba/Data/Output/collected_outputs/figures/_temp_individual_posteriors/2026-09-16/gor01_two_2006-6-07_16-40-19/ripple/combined/multi/,p_x_given_n[061].png,2026-09-16 20:54:02+00:00,13953,gor01_two_2006-6-07_16-40-19
1878,file,/umms-kdiba/Data/Output/collected_outputs/figures/_temp_individual_posteriors/2026-09-16/gor01_two_2006-6-07_16-40-19/ripple/combined/multi/,p_x_given_n[062].png,2026-09-16 20:54:02+00:00,3483,gor01_two_2006-6-07_16-40-19
1879,file,/umms-kdiba/Data/Output/collected_outputs/figures/_temp_individual_posteriors/2026-09-16/gor01_two_2006-6-07_16-40-19/ripple/combined/multi/,p_x_given_n[063].png,2026-09-16 20:54:02+00:00,3894,gor01_two_2006-6-07_16-40-19
1880,file,/umms-kdiba/Data/Output/collected_outputs/figures/_temp_individual_posteriors/2026-09-16/gor01_two_2006-6-07_16-40-19/ripple/combined/multi/,p_x_given_n[064].png,2026-09-16 20:54:02+00:00,13896,gor01_two_2006-6-07_16-40-19
1881,file,/umms-kdiba/Data/Output/collected_outputs/figures/_temp_individual_posteriors/2026-09-16/gor01_two_2006-6-07_16-40-19/ripple/combined/multi/,p_x_given_n[065].png,2026-09-16 20:54:02+00:00,7002,gor01_two_2006-6-07_16-40-19
1882,file,/umms-kdiba/Data/Output/collected_outputs/figures/_temp_individual_posteriors/2026-09-16/gor01_two_2006-6-07_16-40-19/ripple/combined/multi/,p_x_given_n[066].png,2026-09-16 20:54:02+00:00,11191,gor01_two_2006-6-07_16-40-19
1883,file,/umms-kdiba/Data/Output/collected_outputs/figures/_temp_individual_posteriors/2026-09-16/gor01_two_2006-6-07_16-40-19/ripple/combined/multi/,p_x_given_n[067].png,2026-09-16 20:54:02+00:00,18493,gor01_two_2006-6-07_16-40-19
1884,file,/umms-kdiba/Data/Output/collected_outputs/figures/_temp_individual_posteriors/2026-09-16/gor01_two_2006-6-07_16-40-19/ripple/combined/multi/,p_x_given_n[068].png,2026-09-16 20:54:02+00:00,25013,gor01_two_2006-6-07_16-40-19
1885,file,/umms-kdiba/Data/Output/collected_outputs/figures/_temp_individual_posteriors/2026-09-16/gor01_two_2006-6-07_16-40-19/ripple/combined/multi/,p_x_given_n[069].png,2026-09-16 20:54:02+00:00,20983,gor01_two_2006-6-07_16-40-19
1886,file,/umms-kdiba/Data/Output/collected_outputs/figures/_temp_individual_posteriors/2026-09-16/gor01_two_2006-6-07_16-40-19/ripple/combined/multi/,p_x_given_n[071].png,2026-09-16 20:54:02+00:00,5706,gor01_two_2006-6-07_16-40-19
1887,file,/umms-kdiba/Data/Output/collected_outputs/figures/_temp_individual_posteriors/2026-09-16/gor01_two_2006-6-07_16-40-19/ripple/combined/multi/,p_x_given_n[072].png,2026-09-16 20:54:02+00:00,10436,gor01_two_2006-6-07_16-40-19
1888,file,/umms-kdiba/Data/Output/collected_outputs/figures/_temp_individual_posteriors/2026-09-16/gor01_two_2006-6-07_16-40-19/ripple/combined/multi/,p_x_given_n[073].png,2026-09-16 20:54:02+00:00,19692,gor01_two_2006-6-07_16-40-19
1889,file,/umms-kdiba/Data/Output/collected_outputs/figures/_temp_individual_posteriors/2026-09-16/gor01_two_2006-6-07_16-40-19/ripple/combined/multi/,p_x_given_n[074].png,2026-09-16 20:54:02+00:00,10430,gor01_two_2006-6-07_16-40-19
1890,file,/umms-kdiba/Data/Output/collected_outputs/figures/_temp_individual_posteriors/2026-09-16/gor01_two_2006-6-07_16-40-19/ripple/combined/multi/,p_x_given_n[075].png,2026-09-16 20:54:02+00:00,17536,gor01_two_2006-6-07_16-40-19
1891,file,/umms-kdiba/Data/Output/collected_outputs/figures/_temp_individual_posteriors/2026-09-16/gor01_two_2006-6-07_16-40-19/ripple/combined/multi/,p_x_given_n[076].png,2026-09-16 20:54:02+00:00,17873,gor01_two_2006-6-07_16-40-19
1892,file,/umms-kdiba/Data/Output/collected_outputs/figures/_temp_individual_posteriors/2026-09-16/gor01_two_2006-6-07_16-40-19/ripple/combined/multi/,p_x_given_n[077].png,2026-09-16 20:54:02+00:00,11776,gor01_two_2006-6-07_16-40-19
1893,file,/umms-kdiba/Data/Output/collected_outputs/figures/_temp_individual_posteriors/2026-09-16/gor01_two_2006-6-07_16-40-19/ripple/combined/multi/,p_x_given_n[078].png,2026-09-16 20:54:02+00:00,6040,gor01_two_2006-6-07_16-40-19
1894,file,/umms-kdiba/Data/Output/collected_outputs/figures/_temp_individual_posteriors/2026-09-16/gor01_two_2006-6-07_16-40-19/ripple/combined/multi/,p_x_given_n[079].png,2026-09-16 20:54:02+00:00,3582,gor01_two_2006-6-07_16-40-19
1895,file,/umms-kdiba/Data/Output/collected_outputs/figures/_temp_individual_posteriors/2026-09-16/gor01_two_2006-6-07_16-40-19/ripple/combined/multi/,p_x_given_n[080].png,2026-09-16 20:54:02+00:00,10327,gor01_two_2006-6-07_16-40-19
1896,file,/umms-kdiba/Data/Output/collected_outputs/figures/_temp_individual_posteriors/2026-09-16/gor01_two_2006-6-07_16-40-19/ripple/combined/multi/,p_x_given_n[081].png,2026-09-16 20:54:02+00:00,14781,gor01_two_2006-6-07_16-40-19
1897,file,/umms-kdiba/Data/Output/collected_outputs/figures/_temp_individual_posteriors/2026-09-16/gor01_two_2006-6-07_16-40-19/ripple/combined/multi/,p_x_given_n[082].png,2026-09-16 20:54:02+00:00,23363,gor01_two_2006-6-07_16-40-19
1898,file,/umms-kdiba/Data/Output/collected_outputs/figures/_temp_individual_posteriors/2026-09-16/gor01_two_2006-6-07_16-40-19/ripple/combined/multi/,p_x_given_n[083].png,2026-09-16 20:54:02+00:00,15662,gor01_two_2006-6-07_16-40-19
1899,file,/umms-kdiba/Data/Output/collected_outputs/figures/_temp_individual_posteriors/2026-09-16/gor01_two_2006-6-07_16-40-19/ripple/combined/multi/,p_x_given_n[002].png,2026-09-16 20:54:01+00:00,15470,gor01_two_2006-6-07_16-40-19
1900,file,/umms-kdiba/Data/Output/collected_outputs/figures/_temp_individual_posteriors/2026-09-16/gor01_two_2006-6-07_16-40-19/ripple/combined/multi/,p_x_given_n[003].png,2026-09-16 20:54:01+00:00,11953,gor01_two_2006-6-07_16-40-19
1901,file,/umms-kdiba/Data/Output/collected_outputs/figures/_temp_individual_posteriors/2026-09-16/gor01_two_2006-6-07_16-40-19/ripple/combined/multi/,p_x_given_n[004].png,2026-09-16 20:54:01+00:00,11708,gor01_two_2006-6-07_16-40-19
1902,file,/umms-kdiba/Data/Output/collected_outputs/figures/_temp_individual_posteriors/2026-09-16/gor01_two_2006-6-07_16-40-19/ripple/combined/multi/,p_x_given_n[005].png,2026-09-16 20:54:01+00:00,11896,gor01_two_2006-6-07_16-40-19
1903,file,/umms-kdiba/Data/Output/collected_outputs/figures/_temp_individual_posteriors/2026-09-16/gor01_two_2006-6-07_16-40-19/ripple/combined/multi/,p_x_given_n[006].png,2026-09-16 20:54:01+00:00,15333,gor01_two_2006-6-07_16-40-19
1904,file,/umms-kdiba/Data/Output/collected_outputs/figures/_temp_individual_posteriors/2026-09-16/gor01_two_2006-6-07_16-40-19/ripple/combined/multi/,p_x_given_n[007].png,2026-09-16 20:54:01+00:00,13825,gor01_two_2006-6-07_16-40-19
1905,file,/umms-kdiba/Data/Output/collected_outputs/figures/_temp_individual_posteriors/2026-09-16/gor01_two_2006-6-07_16-40-19/ripple/combined/multi/,p_x_given_n[008].png,2026-09-16 20:54:01+00:00,18738,gor01_two_2006-6-07_16-40-19
1906,file,/umms-kdiba/Data/Output/collected_outputs/figures/_temp_individual_posteriors/2026-09-16/gor01_two_2006-6-07_16-40-19/ripple/combined/multi/,p_x_given_n[009].png,2026-09-16 20:54:01+00:00,20727,gor01_two_2006-6-07_16-40-19
1907,file,/umms-kdiba/Data/Output/collected_outputs/figures/_temp_individual_posteriors/2026-09-16/gor01_two_2006-6-07_16-40-19/ripple/combined/multi/,p_x_given_n[010].png,2026-09-16 20:54:01+00:00,5698,gor01_two_2006-6-07_16-40-19
1908,file,/umms-kdiba/Data/Output/collected_outputs/figures/_temp_individual_posteriors/2026-09-16/gor01_two_2006-6-07_16-40-19/ripple/combined/multi/,p_x_given_n[011].png,2026-09-16 20:54:01+00:00,9319,gor01_two_2006-6-07_16-40-19
1909,file,/umms-kdiba/Data/Output/collected_outputs/figures/_temp_individual_posteriors/2026-09-16/gor01_two_2006-6-07_16-40-19/ripple/combined/multi/,p_x_given_n[012].png,2026-09-16 20:54:01+00:00,6284,gor01_two_2006-6-07_16-40-19
1910,file,/umms-kdiba/Data/Output/collected_outputs/figures/_temp_individual_posteriors/2026-09-16/gor01_two_2006-6-07_16-40-19/ripple/combined/multi/,p_x_given_n[013].png,2026-09-16 20:54:01+00:00,15784,gor01_two_2006-6-07_16-40-19
1911,file,/umms-kdiba/Data/Output/collected_outputs/figures/_temp_individual_posteriors/2026-09-16/gor01_two_2006-6-07_16-40-19/ripple/combined/multi/,p_x_given_n[014].png,2026-09-16 20:54:01+00:00,5737,gor01_two_2006-6-07_16-40-19
1912,file,/umms-kdiba/Data/Output/collected_outputs/figures/_temp_individual_posteriors/2026-09-16/gor01_two_2006-6-07_16-40-19/ripple/combined/multi/,p_x_given_n[015].png,2026-09-16 20:54:01+00:00,6561,gor01_two_2006-6-07_16-40-19
1913,file,/umms-kdiba/Data/Output/collected_outputs/figures/_temp_individual_posteriors/2026-09-16/gor01_two_2006-6-07_16-40-19/ripple/combined/multi/,p_x_given_n[016].png,2026-09-16 20:54:01+00:00,13021,gor01_two_2006-6-07_16-40-19
1914,file,/umms-kdiba/Data/Output/collected_outputs/figures/_temp_individual_posteriors/2026-09-16/gor01_two_2006-6-07_16-40-19/ripple/combined/multi/,p_x_given_n[018].png,2026-09-16 20:54:01+00:00,11874,gor01_two_2006-6-07_16-40-19
1915,file,/umms-kdiba/Data/Output/collected_outputs/figures/_temp_individual_posteriors/2026-09-16/gor01_two_2006-6-07_16-40-19/ripple/combined/multi/,p_x_given_n[019].png,2026-09-16 20:54:01+00:00,8596,gor01_two_2006-6-07_16-40-19
1916,file,/umms-kdiba/Data/Output/collected_outputs/figures/_temp_individual_posteriors/2026-09-16/gor01_two_2006-6-07_16-40-19/ripple/combined/multi/,p_x_given_n[020].png,2026-09-16 20:54:01+00:00,16044,gor01_two_2006-6-07_16-40-19
1917,file,/umms-kdiba/Data/Output/collected_outputs/figures/_temp_individual_posteriors/2026-09-16/gor01_two_2006-6-07_16-40-19/ripple/combined/multi/,p_x_given_n[021].png,2026-09-16 20:54:01+00:00,9998,gor01_two_2006-6-07_16-40-19
1918,file,/umms-kdiba/Data/Output/collected_outputs/figures/_temp_individual_posteriors/2026-09-16/gor01_two_2006-6-07_16-40-19/ripple/combined/multi/,p_x_given_n[022].png,2026-09-16 20:54:01+00:00,18070,gor01_two_2006-6-07_16-40-19
1919,file,/umms-kdiba/Data/Output/collected_outputs/figures/_temp_individual_posteriors/2026-09-16/gor01_two_2006-6-07_16-40-19/ripple/combined/multi/,p_x_given_n[023].png,2026-09-16 20:54:01+00:00,7098,gor01_two_2006-6-07_16-40-19
1920,file,/umms-kdiba/Data/Output/collected_outputs/figures/_temp_individual_posteriors/2026-09-16/gor01_two_2006-6-07_16-40-19/ripple/combined/multi/,p_x_given_n[024].png,2026-09-16 20:54:01+00:00,12583,gor01_two_2006-6-07_16-40-19
1921,file,/umms-kdiba/Data/Output/collected_outputs/figures/_temp_individual_posteriors/2026-09-16/gor01_two_2006-6-07_16-40-19/ripple/combined/multi/,p_x_given_n[025].png,2026-09-16 20:54:01+00:00,20324,gor01_two_2006-6-07_16-40-19
1922,file,/umms-kdiba/Data/Output/collected_outputs/figures/_temp_individual_posteriors/2026-09-16/gor01_two_2006-6-07_16-40-19/ripple/combined/multi/,p_x_given_n[026].png,2026-09-16 20:54:01+00:00,16072,gor01_two_2006-6-07_16-40-19
1923,file,/umms-kdiba/Data/Output/collected_outputs/figures/_temp_individual_posteriors/2026-09-16/gor01_two_2006-6-07_16-40-19/ripple/combined/multi/,p_x_given_n[027].png,2026-09-16 20:54:01+00:00,18736,gor01_two_2006-6-07_16-40-19
1924,file,/umms-kdiba/Data/Output/collected_outputs/figures/_temp_individual_posteriors/2026-09-16/gor01_two_2006-6-07_16-40-19/ripple/combined/multi/,p_x_given_n[028].png,2026-09-16 20:54:01+00:00,6165,gor01_two_2006-6-07_16-40-19
1925,file,/umms-kdiba/Data/Output/collected_outputs/figures/_temp_individual_posteriors/2026-09-16/gor01_two_2006-6-07_16-40-19/ripple/combined/multi/,p_x_given_n[029].png,2026-09-16 20:54:01+00:00,17879,gor01_two_2006-6-07_16-40-19
1926,file,/umms-kdiba/Data/Output/collected_outputs/figures/_temp_individual_posteriors/2026-09-16/gor01_two_2006-6-07_16-40-19/ripple/combined/multi/,p_x_given_n[032].png,2026-09-16 20:54:01+00:00,20305,gor01_two_2006-6-07_16-40-19
1927,file,/umms-kdiba/Data/Output/collected_outputs/figures/_temp_individual_posteriors/2026-09-16/gor01_two_2006-6-07_16-40-19/ripple/combined/multi/,p_x_given_n[034].png,2026-09-16 20:54:01+00:00,19284,gor01_two_2006-6-07_16-40-19
1928,file,/umms-kdiba/Data/Output/collected_outputs/figures/_temp_individual_posteriors/2026-09-16/gor01_two_2006-6-07_16-40-19/ripple/combined/multi/,p_x_given_n[036].png,2026-09-16 20:54:01+00:00,24241,gor01_two_2006-6-07_16-40-19
1929,file,/umms-kdiba/Data/Output/collected_outputs/figures/_temp_individual_posteriors/2026-09-16/gor01_two_2006-6-07_16-40-19/ripple/combined/multi/,p_x_given_n[037].png,2026-09-16 20:54:01+00:00,20456,gor01_two_2006-6-07_16-40-19
1930,file,/umms-kdiba/Data/Output/collected_outputs/figures/_temp_individual_posteriors/2026-09-16/gor01_two_2006-6-08_21-16-25/ripple/combined/multi/,p_x_given_n[090].png,2026-09-16 23:07:12+00:00,11169,gor01_two_2006-6-08_21-16-25
1931,file,/umms-kdiba/Data/Output/collected_outputs/figures/_temp_individual_posteriors/2026-09-16/gor01_two_2006-6-08_21-16-25/ripple/combined/multi/,p_x_given_n[091].png,2026-09-16 23:07:12+00:00,2240,gor01_two_2006-6-08_21-16-25
1932,file,/umms-kdiba/Data/Output/collected_outputs/figures/_temp_individual_posteriors/2026-09-16/gor01_two_2006-6-08_21-16-25/ripple/combined/multi/,p_x_given_n[092].png,2026-09-16 23:07:12+00:00,3706,gor01_two_2006-6-08_21-16-25
1933,file,/umms-kdiba/Data/Output/collected_outputs/figures/_temp_individual_posteriors/2026-09-16/gor01_two_2006-6-08_21-16-25/ripple/combined/multi/,p_x_given_n[093].png,2026-09-16 23:07:12+00:00,9119,gor01_two_2006-6-08_21-16-25
1934,file,/umms-kdiba/Data/Output/collected_outputs/figures/_temp_individual_posteriors/2026-09-16/gor01_two_2006-6-08_21-16-25/ripple/combined/multi/,p_x_given_n[094].png,2026-09-16 23:07:12+00:00,5545,gor01_two_2006-6-08_21-16-25
1935,file,/umms-kdiba/Data/Output/collected_outputs/figures/_temp_individual_posteriors/2026-09-16/gor01_two_2006-6-08_21-16-25/ripple/combined/multi/,p_x_given_n[095].png,2026-09-16 23:07:12+00:00,3111,gor01_two_2006-6-08_21-16-25
1936,file,/umms-kdiba/Data/Output/collected_outputs/figures/_temp_individual_posteriors/2026-09-16/gor01_two_2006-6-08_21-16-25/ripple/combined/multi/,p_x_given_n[096].png,2026-09-16 23:07:12+00:00,814,gor01_two_2006-6-08_21-16-25
1937,file,/umms-kdiba/Data/Output/collected_outputs/figures/_temp_individual_posteriors/2026-09-16/gor01_two_2006-6-08_21-16-25/ripple/combined/multi/,p_x_given_n[097].png,2026-09-16 23:07:12+00:00,5883,gor01_two_2006-6-08_21-16-25
1938,file,/umms-kdiba/Data/Output/collected_outputs/figures/_temp_individual_posteriors/2026-09-16/gor01_two_2006-6-08_21-16-25/ripple/combined/multi/,p_x_given_n[098].png,2026-09-16 23:07:12+00:00,728,gor01_two_2006-6-08_21-16-25
1939,file,/umms-kdiba/Data/Output/collected_outputs/figures/_temp_individual_posteriors/2026-09-16/gor01_two_2006-6-08_21-16-25/ripple/combined/multi/,p_x_given_n[099].png,2026-09-16 23:07:12+00:00,12628,gor01_two_2006-6-08_21-16-25
1940,file,/umms-kdiba/Data/Output/collected_outputs/figures/_temp_individual_posteriors/2026-09-16/gor01_two_2006-6-08_21-16-25/ripple/combined/multi/,p_x_given_n[100].png,2026-09-16 23:07:12+00:00,2867,gor01_two_2006-6-08_21-16-25
1941,file,/umms-kdiba/Data/Output/collected_outputs/figures/_temp_individual_posteriors/2026-09-16/gor01_two_2006-6-08_21-16-25/ripple/combined/multi/,p_x_given_n[102].png,2026-09-16 23:07:12+00:00,751,gor01_two_2006-6-08_21-16-25
1942,file,/umms-kdiba/Data/Output/collected_outputs/figures/_temp_individual_posteriors/2026-09-16/gor01_two_2006-6-08_21-16-25/ripple/combined/multi/,p_x_given_n[103].png,2026-09-16 23:07:12+00:00,6815,gor01_two_2006-6-08_21-16-25
1943,file,/umms-kdiba/Data/Output/collected_outputs/figures/_temp_individual_posteriors/2026-09-16/gor01_two_2006-6-08_21-16-25/ripple/combined/multi/,p_x_given_n[104].png,2026-09-16 23:07:12+00:00,5593,gor01_two_2006-6-08_21-16-25
1944,file,/umms-kdiba/Data/Output/collected_outputs/figures/_temp_individual_posteriors/2026-09-16/gor01_two_2006-6-08_21-16-25/ripple/combined/multi/,p_x_given_n[105].png,2026-09-16 23:07:12+00:00,8644,gor01_two_2006-6-08_21-16-25
1945,file,/umms-kdiba/Data/Output/collected_outputs/figures/_temp_individual_posteriors/2026-09-16/gor01_two_2006-6-08_21-16-25/ripple/combined/multi/,p_x_given_n[106].png,2026-09-16 23:07:12+00:00,14262,gor01_two_2006-6-08_21-16-25
1946,file,/umms-kdiba/Data/Output/collected_outputs/figures/_temp_individual_posteriors/2026-09-16/gor01_two_2006-6-08_21-16-25/ripple/combined/multi/,p_x_given_n[107].png,2026-09-16 23:07:12+00:00,6607,gor01_two_2006-6-08_21-16-25
1947,file,/umms-kdiba/Data/Output/collected_outputs/figures/_temp_individual_posteriors/2026-09-16/gor01_two_2006-6-08_21-16-25/ripple/combined/multi/,p_x_given_n[108].png,2026-09-16 23:07:12+00:00,5236,gor01_two_2006-6-08_21-16-25
1948,file,/umms-kdiba/Data/Output/collected_outputs/figures/_temp_individual_posteriors/2026-09-16/gor01_two_2006-6-08_21-16-25/ripple/combined/multi/,p_x_given_n[109].png,2026-09-16 23:07:12+00:00,3846,gor01_two_2006-6-08_21-16-25
1949,file,/umms-kdiba/Data/Output/collected_outputs/figures/_temp_individual_posteriors/2026-09-16/gor01_two_2006-6-08_21-16-25/ripple/combined/multi/,p_x_given_n[110].png,2026-09-16 23:07:12+00:00,5457,gor01_two_2006-6-08_21-16-25
1950,file,/umms-kdiba/Data/Output/collected_outputs/figures/_temp_individual_posteriors/2026-09-16/gor01_two_2006-6-08_21-16-25/ripple/combined/multi/,p_x_given_n[111].png,2026-09-16 23:07:12+00:00,4550,gor01_two_2006-6-08_21-16-25
1951,file,/umms-kdiba/Data/Output/collected_outputs/figures/_temp_individual_posteriors/2026-09-16/gor01_two_2006-6-08_21-16-25/ripple/combined/multi/,p_x_given_n[112].png,2026-09-16 23:07:12+00:00,2568,gor01_two_2006-6-08_21-16-25
1952,file,/umms-kdiba/Data/Output/collected_outputs/figures/_temp_individual_posteriors/2026-09-16/gor01_two_2006-6-08_21-16-25/ripple/combined/multi/,p_x_given_n[113].png,2026-09-16 23:07:12+00:00,4897,gor01_two_2006-6-08_21-16-25
1953,file,/umms-kdiba/Data/Output/collected_outputs/figures/_temp_individual_posteriors/2026-09-16/gor01_two_2006-6-08_21-16-25/ripple/combined/multi/,p_x_given_n[114].png,2026-09-16 23:07:12+00:00,2769,gor01_two_2006-6-08_21-16-25
1954,file,/umms-kdiba/Data/Output/collected_outputs/figures/_temp_individual_posteriors/2026-09-16/gor01_two_2006-6-08_21-16-25/ripple/combined/multi/,p_x_given_n[115].png,2026-09-16 23:07:12+00:00,13957,gor01_two_2006-6-08_21-16-25
1955,file,/umms-kdiba/Data/Output/collected_outputs/figures/_temp_individual_posteriors/2026-09-16/gor01_two_2006-6-08_21-16-25/ripple/combined/multi/,p_x_given_n[116].png,2026-09-16 23:07:12+00:00,719,gor01_two_2006-6-08_21-16-25
1956,file,/umms-kdiba/Data/Output/collected_outputs/figures/_temp_individual_posteriors/2026-09-16/gor01_two_2006-6-08_21-16-25/ripple/combined/multi/,p_x_given_n[117].png,2026-09-16 23:07:12+00:00,8422,gor01_two_2006-6-08_21-16-25
1957,file,/umms-kdiba/Data/Output/collected_outputs/figures/_temp_individual_posteriors/2026-09-16/gor01_two_2006-6-08_21-16-25/ripple/combined/multi/,p_x_given_n[118].png,2026-09-16 23:07:12+00:00,2393,gor01_two_2006-6-08_21-16-25
1958,file,/umms-kdiba/Data/Output/collected_outputs/figures/_temp_individual_posteriors/2026-09-16/gor01_two_2006-6-08_21-16-25/ripple/combined/multi/,p_x_given_n[119].png,2026-09-16 23:07:12+00:00,2219,gor01_two_2006-6-08_21-16-25
1959,file,/umms-kdiba/Data/Output/collected_outputs/figures/_temp_individual_posteriors/2026-09-16/gor01_two_2006-6-08_21-16-25/ripple/combined/multi/,p_x_given_n[120].png,2026-09-16 23:07:12+00:00,5906,gor01_two_2006-6-08_21-16-25
1960,file,/umms-kdiba/Data/Output/collected_outputs/figures/_temp_individual_posteriors/2026-09-16/gor01_two_2006-6-08_21-16-25/ripple/combined/multi/,p_x_given_n[121].png,2026-09-16 23:07:12+00:00,5580,gor01_two_2006-6-08_21-16-25
1961,file,/umms-kdiba/Data/Output/collected_outputs/figures/_temp_individual_posteriors/2026-09-16/gor01_two_2006-6-08_21-16-25/ripple/combined/multi/,p_x_given_n[122].png,2026-09-16 23:07:12+00:00,5055,gor01_two_2006-6-08_21-16-25
1962,file,/umms-kdiba/Data/Output/collected_outputs/figures/_temp_individual_posteriors/2026-09-16/gor01_two_2006-6-08_21-16-25/ripple/combined/multi/,p_x_given_n[124].png,2026-09-16 23:07:12+00:00,2770,gor01_two_2006-6-08_21-16-25
1963,file,/umms-kdiba/Data/Output/collected_outputs/figures/_temp_individual_posteriors/2026-09-16/gor01_two_2006-6-08_21-16-25/ripple/combined/multi/,p_x_given_n[125].png,2026-09-16 23:07:12+00:00,3388,gor01_two_2006-6-08_21-16-25
1964,file,/umms-kdiba/Data/Output/collected_outputs/figures/_temp_individual_posteriors/2026-09-16/gor01_two_2006-6-08_21-16-25/ripple/combined/multi/,p_x_given_n[126].png,2026-09-16 23:07:12+00:00,8405,gor01_two_2006-6-08_21-16-25
1965,file,/umms-kdiba/Data/Output/collected_outputs/figures/_temp_individual_posteriors/2026-09-16/gor01_two_2006-6-08_21-16-25/ripple/combined/multi/,p_x_given_n[127].png,2026-09-16 23:07:12+00:00,2573,gor01_two_2006-6-08_21-16-25
1966,file,/umms-kdiba/Data/Output/collected_outputs/figures/_temp_individual_posteriors/2026-09-16/gor01_two_2006-6-08_21-16-25/ripple/combined/multi/,p_x_given_n[128].png,2026-09-16 23:07:12+00:00,9456,gor01_two_2006-6-08_21-16-25
1967,file,/umms-kdiba/Data/Output/collected_outputs/figures/_temp_individual_posteriors/2026-09-16/gor01_two_2006-6-08_21-16-25/ripple/combined/multi/,p_x_given_n[129].png,2026-09-16 23:07:12+00:00,4872,gor01_two_2006-6-08_21-16-25
1968,file,/umms-kdiba/Data/Output/collected_outputs/figures/_temp_individual_posteriors/2026-09-16/gor01_two_2006-6-08_21-16-25/ripple/combined/multi/,p_x_given_n[130].png,2026-09-16 23:07:12+00:00,2600,gor01_two_2006-6-08_21-16-25
1969,file,/umms-kdiba/Data/Output/collected_outputs/figures/_temp_individual_posteriors/2026-09-16/gor01_two_2006-6-08_21-16-25/ripple/combined/multi/,p_x_given_n[131].png,2026-09-16 23:07:12+00:00,8542,gor01_two_2006-6-08_21-16-25
1970,file,/umms-kdiba/Data/Output/collected_outputs/figures/_temp_individual_posteriors/2026-09-16/gor01_two_2006-6-08_21-16-25/ripple/combined/multi/,p_x_given_n[132].png,2026-09-16 23:07:12+00:00,3016,gor01_two_2006-6-08_21-16-25
1971,file,/umms-kdiba/Data/Output/collected_outputs/figures/_temp_individual_posteriors/2026-09-16/gor01_two_2006-6-08_21-16-25/ripple/combined/multi/,p_x_given_n[133].png,2026-09-16 23:07:12+00:00,2624,gor01_two_2006-6-08_21-16-25
1972,file,/umms-kdiba/Data/Output/collected_outputs/figures/_temp_individual_posteriors/2026-09-16/gor01_two_2006-6-08_21-16-25/ripple/combined/multi/,p_x_given_n[134].png,2026-09-16 23:07:12+00:00,5973,gor01_two_2006-6-08_21-16-25
1973,file,/umms-kdiba/Data/Output/collected_outputs/figures/_temp_individual_posteriors/2026-09-16/gor01_two_2006-6-08_21-16-25/ripple/combined/multi/,p_x_given_n[135].png,2026-09-16 23:07:12+00:00,701,gor01_two_2006-6-08_21-16-25
1974,file,/umms-kdiba/Data/Output/collected_outputs/figures/_temp_individual_posteriors/2026-09-16/gor01_two_2006-6-08_21-16-25/ripple/combined/multi/,p_x_given_n[136].png,2026-09-16 23:07:12+00:00,4651,gor01_two_2006-6-08_21-16-25
1975,file,/umms-kdiba/Data/Output/collected_outputs/figures/_temp_individual_posteriors/2026-09-16/gor01_two_2006-6-08_21-16-25/ripple/combined/multi/,p_x_given_n[137].png,2026-09-16 23:07:12+00:00,5562,gor01_two_2006-6-08_21-16-25
1976,file,/umms-kdiba/Data/Output/collected_outputs/figures/_temp_individual_posteriors/2026-09-16/gor01_two_2006-6-08_21-16-25/ripple/combined/multi/,p_x_given_n[138].png,2026-09-16 23:07:12+00:00,6130,gor01_two_2006-6-08_21-16-25
1977,file,/umms-kdiba/Data/Output/collected_outputs/figures/_temp_individual_posteriors/2026-09-16/gor01_two_2006-6-08_21-16-25/ripple/combined/multi/,p_x_given_n[139].png,2026-09-16 23:07:12+00:00,5004,gor01_two_2006-6-08_21-16-25
1978,file,/umms-kdiba/Data/Output/collected_outputs/figures/_temp_individual_posteriors/2026-09-16/gor01_two_2006-6-08_21-16-25/ripple/combined/multi/,p_x_given_n[140].png,2026-09-16 23:07:12+00:00,3026,gor01_two_2006-6-08_21-16-25
1979,file,/umms-kdiba/Data/Output/collected_outputs/figures/_temp_individual_posteriors/2026-09-16/gor01_two_2006-6-08_21-16-25/ripple/combined/multi/,p_x_given_n[141].png,2026-09-16 23:07:12+00:00,8719,gor01_two_2006-6-08_21-16-25
1980,file,/umms-kdiba/Data/Output/collected_outputs/figures/_temp_individual_posteriors/2026-09-16/gor01_two_2006-6-08_21-16-25/ripple/combined/multi/,p_x_given_n[142].png,2026-09-16 23:07:12+00:00,9589,gor01_two_2006-6-08_21-16-25
1981,file,/umms-kdiba/Data/Output/collected_outputs/figures/_temp_individual_posteriors/2026-09-16/gor01_two_2006-6-08_21-16-25/ripple/combined/multi/,p_x_given_n[143].png,2026-09-16 23:07:12+00:00,5969,gor01_two_2006-6-08_21-16-25
1982,file,/umms-kdiba/Data/Output/collected_outputs/figures/_temp_individual_posteriors/2026-09-16/gor01_two_2006-6-08_21-16-25/ripple/combined/multi/,p_x_given_n[144].png,2026-09-16 23:07:12+00:00,5058,gor01_two_2006-6-08_21-16-25
1983,file,/umms-kdiba/Data/Output/collected_outputs/figures/_temp_individual_posteriors/2026-09-16/gor01_two_2006-6-08_21-16-25/ripple/combined/multi/,p_x_given_n[145].png,2026-09-16 23:07:12+00:00,8887,gor01_two_2006-6-08_21-16-25
1984,file,/umms-kdiba/Data/Output/collected_outputs/figures/_temp_individual_posteriors/2026-09-16/gor01_two_2006-6-08_21-16-25/ripple/combined/multi/,p_x_given_n[146].png,2026-09-16 23:07:12+00:00,5084,gor01_two_2006-6-08_21-16-25
1985,file,/umms-kdiba/Data/Output/collected_outputs/figures/_temp_individual_posteriors/2026-09-16/gor01_two_2006-6-08_21-16-25/ripple/combined/multi/,p_x_given_n[147].png,2026-09-16 23:07:12+00:00,11715,gor01_two_2006-6-08_21-16-25
1986,file,/umms-kdiba/Data/Output/collected_outputs/figures/_temp_individual_posteriors/2026-09-16/gor01_two_2006-6-08_21-16-25/ripple/combined/multi/,p_x_given_n[148].png,2026-09-16 23:07:12+00:00,5231,gor01_two_2006-6-08_21-16-25
1987,file,/umms-kdiba/Data/Output/collected_outputs/figures/_temp_individual_posteriors/2026-09-16/gor01_two_2006-6-08_21-16-25/ripple/combined/multi/,p_x_given_n[149].png,2026-09-16 23:07:12+00:00,8008,gor01_two_2006-6-08_21-16-25
1988,file,/umms-kdiba/Data/Output/collected_outputs/figures/_temp_individual_posteriors/2026-09-16/gor01_two_2006-6-08_21-16-25/ripple/combined/multi/,p_x_given_n[150].png,2026-09-16 23:07:12+00:00,3131,gor01_two_2006-6-08_21-16-25
1989,file,/umms-kdiba/Data/Output/collected_outputs/figures/_temp_individual_posteriors/2026-09-16/gor01_two_2006-6-08_21-16-25/ripple/combined/multi/,p_x_given_n[151].png,2026-09-16 23:07:12+00:00,9372,gor01_two_2006-6-08_21-16-25
1990,file,/umms-kdiba/Data/Output/collected_outputs/figures/_temp_individual_posteriors/2026-09-16/gor01_two_2006-6-08_21-16-25/ripple/combined/multi/,p_x_given_n[152].png,2026-09-16 23:07:12+00:00,2434,gor01_two_2006-6-08_21-16-25
1991,file,/umms-kdiba/Data/Output/collected_outputs/figures/_temp_individual_posteriors/2026-09-16/gor01_two_2006-6-08_21-16-25/ripple/combined/multi/,p_x_given_n[153].png,2026-09-16 23:07:12+00:00,7451,gor01_two_2006-6-08_21-16-25
1992,file,/umms-kdiba/Data/Output/collected_outputs/figures/_temp_individual_posteriors/2026-09-16/gor01_two_2006-6-08_21-16-25/ripple/combined/multi/,p_x_given_n[154].png,2026-09-16 23:07:12+00:00,8405,gor01_two_2006-6-08_21-16-25
1993,file,/umms-kdiba/Data/Output/collected_outputs/figures/_temp_individual_posteriors/2026-09-16/gor01_two_2006-6-08_21-16-25/ripple/combined/multi/,p_x_given_n[155].png,2026-09-16 23:07:12+00:00,485,gor01_two_2006-6-08_21-16-25
1994,file,/umms-kdiba/Data/Output/collected_outputs/figures/_temp_individual_posteriors/2026-09-16/gor01_two_2006-6-08_21-16-25/ripple/combined/multi/,p_x_given_n[156].png,2026-09-16 23:07:12+00:00,9006,gor01_two_2006-6-08_21-16-25
1995,file,/umms-kdiba/Data/Output/collected_outputs/figures/_temp_individual_posteriors/2026-09-16/gor01_two_2006-6-08_21-16-25/ripple/combined/multi/,p_x_given_n[021].png,2026-09-16 23:07:11+00:00,2997,gor01_two_2006-6-08_21-16-25
1996,file,/umms-kdiba/Data/Output/collected_outputs/figures/_temp_individual_posteriors/2026-09-16/gor01_two_2006-6-08_21-16-25/ripple/combined/multi/,p_x_given_n[022].png,2026-09-16 23:07:11+00:00,710,gor01_two_2006-6-08_21-16-25
1997,file,/umms-kdiba/Data/Output/collected_outputs/figures/_temp_individual_posteriors/2026-09-16/gor01_two_2006-6-08_21-16-25/ripple/combined/multi/,p_x_given_n[023].png,2026-09-16 23:07:11+00:00,8475,gor01_two_2006-6-08_21-16-25
1998,file,/umms-kdiba/Data/Output/collected_outputs/figures/_temp_individual_posteriors/2026-09-16/gor01_two_2006-6-08_21-16-25/ripple/combined/multi/,p_x_given_n[024].png,2026-09-16 23:07:11+00:00,7839,gor01_two_2006-6-08_21-16-25
1999,file,/umms-kdiba/Data/Output/collected_outputs/figures/_temp_individual_posteriors/2026-09-16/gor01_two_2006-6-08_21-16-25/ripple/combined/multi/,p_x_given_n[025].png,2026-09-16 23:07:11+00:00,9237,gor01_two_2006-6-08_21-16-25
2000,file,/umms-kdiba/Data/Output/collected_outputs/figures/_temp_individual_posteriors/2026-09-16/gor01_two_2006-6-08_21-16-25/ripple/combined/multi/,p_x_given_n[026].png,2026-09-16 23:07:11+00:00,5978,gor01_two_2006-6-08_21-16-25
2001,file,/umms-kdiba/Data/Output/collected_outputs/figures/_temp_individual_posteriors/2026-09-16/gor01_two_2006-6-08_21-16-25/ripple/combined/multi/,p_x_given_n[027].png,2026-09-16 23:07:11+00:00,650,gor01_two_2006-6-08_21-16-25
2002,file,/umms-kdiba/Data/Output/collected_outputs/figures/_temp_individual_posteriors/2026-09-16/gor01_two_2006-6-08_21-16-25/ripple/combined/multi/,p_x_given_n[028].png,2026-09-16 23:07:11+00:00,3366,gor01_two_2006-6-08_21-16-25
2003,file,/umms-kdiba/Data/Output/collected_outputs/figures/_temp_individual_posteriors/2026-09-16/gor01_two_2006-6-08_21-16-25/ripple/combined/multi/,p_x_given_n[029].png,2026-09-16 23:07:11+00:00,825,gor01_two_2006-6-08_21-16-25
2004,file,/umms-kdiba/Data/Output/collected_outputs/figures/_temp_individual_posteriors/2026-09-16/gor01_two_2006-6-08_21-16-25/ripple/combined/multi/,p_x_given_n[030].png,2026-09-16 23:07:11+00:00,9012,gor01_two_2006-6-08_21-16-25
2005,file,/umms-kdiba/Data/Output/collected_outputs/figures/_temp_individual_posteriors/2026-09-16/gor01_two_2006-6-08_21-16-25/ripple/combined/multi/,p_x_given_n[031].png,2026-09-16 23:07:11+00:00,3244,gor01_two_2006-6-08_21-16-25
2006,file,/umms-kdiba/Data/Output/collected_outputs/figures/_temp_individual_posteriors/2026-09-16/gor01_two_2006-6-08_21-16-25/ripple/combined/multi/,p_x_given_n[032].png,2026-09-16 23:07:11+00:00,671,gor01_two_2006-6-08_21-16-25
2007,file,/umms-kdiba/Data/Output/collected_outputs/figures/_temp_individual_posteriors/2026-09-16/gor01_two_2006-6-08_21-16-25/ripple/combined/multi/,p_x_given_n[033].png,2026-09-16 23:07:11+00:00,8426,gor01_two_2006-6-08_21-16-25
2008,file,/umms-kdiba/Data/Output/collected_outputs/figures/_temp_individual_posteriors/2026-09-16/gor01_two_2006-6-08_21-16-25/ripple/combined/multi/,p_x_given_n[034].png,2026-09-16 23:07:11+00:00,6926,gor01_two_2006-6-08_21-16-25
2009,file,/umms-kdiba/Data/Output/collected_outputs/figures/_temp_individual_posteriors/2026-09-16/gor01_two_2006-6-08_21-16-25/ripple/combined/multi/,p_x_given_n[035].png,2026-09-16 23:07:11+00:00,3085,gor01_two_2006-6-08_21-16-25
2010,file,/umms-kdiba/Data/Output/collected_outputs/figures/_temp_individual_posteriors/2026-09-16/gor01_two_2006-6-08_21-16-25/ripple/combined/multi/,p_x_given_n[036].png,2026-09-16 23:07:11+00:00,9088,gor01_two_2006-6-08_21-16-25
2011,file,/umms-kdiba/Data/Output/collected_outputs/figures/_temp_individual_posteriors/2026-09-16/gor01_two_2006-6-08_21-16-25/ripple/combined/multi/,p_x_given_n[037].png,2026-09-16 23:07:11+00:00,3126,gor01_two_2006-6-08_21-16-25
2012,file,/umms-kdiba/Data/Output/collected_outputs/figures/_temp_individual_posteriors/2026-09-16/gor01_two_2006-6-08_21-16-25/ripple/combined/multi/,p_x_given_n[038].png,2026-09-16 23:07:11+00:00,3474,gor01_two_2006-6-08_21-16-25
2013,file,/umms-kdiba/Data/Output/collected_outputs/figures/_temp_individual_posteriors/2026-09-16/gor01_two_2006-6-08_21-16-25/ripple/combined/multi/,p_x_given_n[039].png,2026-09-16 23:07:11+00:00,16413,gor01_two_2006-6-08_21-16-25
2014,file,/umms-kdiba/Data/Output/collected_outputs/figures/_temp_individual_posteriors/2026-09-16/gor01_two_2006-6-08_21-16-25/ripple/combined/multi/,p_x_given_n[040].png,2026-09-16 23:07:11+00:00,10991,gor01_two_2006-6-08_21-16-25
2015,file,/umms-kdiba/Data/Output/collected_outputs/figures/_temp_individual_posteriors/2026-09-16/gor01_two_2006-6-08_21-16-25/ripple/combined/multi/,p_x_given_n[041].png,2026-09-16 23:07:11+00:00,13049,gor01_two_2006-6-08_21-16-25
2016,file,/umms-kdiba/Data/Output/collected_outputs/figures/_temp_individual_posteriors/2026-09-16/gor01_two_2006-6-08_21-16-25/ripple/combined/multi/,p_x_given_n[042].png,2026-09-16 23:07:11+00:00,8950,gor01_two_2006-6-08_21-16-25
2017,file,/umms-kdiba/Data/Output/collected_outputs/figures/_temp_individual_posteriors/2026-09-16/gor01_two_2006-6-08_21-16-25/ripple/combined/multi/,p_x_given_n[043].png,2026-09-16 23:07:11+00:00,778,gor01_two_2006-6-08_21-16-25
2018,file,/umms-kdiba/Data/Output/collected_outputs/figures/_temp_individual_posteriors/2026-09-16/gor01_two_2006-6-08_21-16-25/ripple/combined/multi/,p_x_given_n[044].png,2026-09-16 23:07:11+00:00,526,gor01_two_2006-6-08_21-16-25
2019,file,/umms-kdiba/Data/Output/collected_outputs/figures/_temp_individual_posteriors/2026-09-16/gor01_two_2006-6-08_21-16-25/ripple/combined/multi/,p_x_given_n[045].png,2026-09-16 23:07:11+00:00,6123,gor01_two_2006-6-08_21-16-25
2020,file,/umms-kdiba/Data/Output/collected_outputs/figures/_temp_individual_posteriors/2026-09-16/gor01_two_2006-6-08_21-16-25/ripple/combined/multi/,p_x_given_n[046].png,2026-09-16 23:07:11+00:00,15163,gor01_two_2006-6-08_21-16-25
2021,file,/umms-kdiba/Data/Output/collected_outputs/figures/_temp_individual_posteriors/2026-09-16/gor01_two_2006-6-08_21-16-25/ripple/combined/multi/,p_x_given_n[047].png,2026-09-16 23:07:11+00:00,3039,gor01_two_2006-6-08_21-16-25
2022,file,/umms-kdiba/Data/Output/collected_outputs/figures/_temp_individual_posteriors/2026-09-16/gor01_two_2006-6-08_21-16-25/ripple/combined/multi/,p_x_given_n[048].png,2026-09-16 23:07:11+00:00,3453,gor01_two_2006-6-08_21-16-25
2023,file,/umms-kdiba/Data/Output/collected_outputs/figures/_temp_individual_posteriors/2026-09-16/gor01_two_2006-6-08_21-16-25/ripple/combined/multi/,p_x_given_n[049].png,2026-09-16 23:07:11+00:00,9629,gor01_two_2006-6-08_21-16-25
2024,file,/umms-kdiba/Data/Output/collected_outputs/figures/_temp_individual_posteriors/2026-09-16/gor01_two_2006-6-08_21-16-25/ripple/combined/multi/,p_x_given_n[050].png,2026-09-16 23:07:11+00:00,13301,gor01_two_2006-6-08_21-16-25
2025,file,/umms-kdiba/Data/Output/collected_outputs/figures/_temp_individual_posteriors/2026-09-16/gor01_two_2006-6-08_21-16-25/ripple/combined/multi/,p_x_given_n[051].png,2026-09-16 23:07:11+00:00,9119,gor01_two_2006-6-08_21-16-25
2026,file,/umms-kdiba/Data/Output/collected_outputs/figures/_temp_individual_posteriors/2026-09-16/gor01_two_2006-6-08_21-16-25/ripple/combined/multi/,p_x_given_n[052].png,2026-09-16 23:07:11+00:00,4349,gor01_two_2006-6-08_21-16-25
2027,file,/umms-kdiba/Data/Output/collected_outputs/figures/_temp_individual_posteriors/2026-09-16/gor01_two_2006-6-08_21-16-25/ripple/combined/multi/,p_x_given_n[053].png,2026-09-16 23:07:11+00:00,5679,gor01_two_2006-6-08_21-16-25
2028,file,/umms-kdiba/Data/Output/collected_outputs/figures/_temp_individual_posteriors/2026-09-16/gor01_two_2006-6-08_21-16-25/ripple/combined/multi/,p_x_given_n[054].png,2026-09-16 23:07:11+00:00,5933,gor01_two_2006-6-08_21-16-25
2029,file,/umms-kdiba/Data/Output/collected_outputs/figures/_temp_individual_posteriors/2026-09-16/gor01_two_2006-6-08_21-16-25/ripple/combined/multi/,p_x_given_n[055].png,2026-09-16 23:07:11+00:00,10413,gor01_two_2006-6-08_21-16-25
2030,file,/umms-kdiba/Data/Output/collected_outputs/figures/_temp_individual_posteriors/2026-09-16/gor01_two_2006-6-08_21-16-25/ripple/combined/multi/,p_x_given_n[056].png,2026-09-16 23:07:11+00:00,4861,gor01_two_2006-6-08_21-16-25
2031,file,/umms-kdiba/Data/Output/collected_outputs/figures/_temp_individual_posteriors/2026-09-16/gor01_two_2006-6-08_21-16-25/ripple/combined/multi/,p_x_given_n[057].png,2026-09-16 23:07:11+00:00,8078,gor01_two_2006-6-08_21-16-25
2032,file,/umms-kdiba/Data/Output/collected_outputs/figures/_temp_individual_posteriors/2026-09-16/gor01_two_2006-6-08_21-16-25/ripple/combined/multi/,p_x_given_n[058].png,2026-09-16 23:07:11+00:00,3432,gor01_two_2006-6-08_21-16-25
2033,file,/umms-kdiba/Data/Output/collected_outputs/figures/_temp_individual_posteriors/2026-09-16/gor01_two_2006-6-08_21-16-25/ripple/combined/multi/,p_x_given_n[059].png,2026-09-16 23:07:11+00:00,9081,gor01_two_2006-6-08_21-16-25
2034,file,/umms-kdiba/Data/Output/collected_outputs/figures/_temp_individual_posteriors/2026-09-16/gor01_two_2006-6-08_21-16-25/ripple/combined/multi/,p_x_given_n[060].png,2026-09-16 23:07:11+00:00,687,gor01_two_2006-6-08_21-16-25
2035,file,/umms-kdiba/Data/Output/collected_outputs/figures/_temp_individual_posteriors/2026-09-16/gor01_two_2006-6-08_21-16-25/ripple/combined/multi/,p_x_given_n[061].png,2026-09-16 23:07:11+00:00,759,gor01_two_2006-6-08_21-16-25
2036,file,/umms-kdiba/Data/Output/collected_outputs/figures/_temp_individual_posteriors/2026-09-16/gor01_two_2006-6-08_21-16-25/ripple/combined/multi/,p_x_given_n[062].png,2026-09-16 23:07:11+00:00,9820,gor01_two_2006-6-08_21-16-25
2037,file,/umms-kdiba/Data/Output/collected_outputs/figures/_temp_individual_posteriors/2026-09-16/gor01_two_2006-6-08_21-16-25/ripple/combined/multi/,p_x_given_n[063].png,2026-09-16 23:07:11+00:00,12073,gor01_two_2006-6-08_21-16-25
2038,file,/umms-kdiba/Data/Output/collected_outputs/figures/_temp_individual_posteriors/2026-09-16/gor01_two_2006-6-08_21-16-25/ripple/combined/multi/,p_x_given_n[064].png,2026-09-16 23:07:11+00:00,555,gor01_two_2006-6-08_21-16-25
2039,file,/umms-kdiba/Data/Output/collected_outputs/figures/_temp_individual_posteriors/2026-09-16/gor01_two_2006-6-08_21-16-25/ripple/combined/multi/,p_x_given_n[065].png,2026-09-16 23:07:11+00:00,9077,gor01_two_2006-6-08_21-16-25
2040,file,/umms-kdiba/Data/Output/collected_outputs/figures/_temp_individual_posteriors/2026-09-16/gor01_two_2006-6-08_21-16-25/ripple/combined/multi/,p_x_given_n[066].png,2026-09-16 23:07:11+00:00,8100,gor01_two_2006-6-08_21-16-25
2041,file,/umms-kdiba/Data/Output/collected_outputs/figures/_temp_individual_posteriors/2026-09-16/gor01_two_2006-6-08_21-16-25/ripple/combined/multi/,p_x_given_n[067].png,2026-09-16 23:07:11+00:00,4857,gor01_two_2006-6-08_21-16-25
2042,file,/umms-kdiba/Data/Output/collected_outputs/figures/_temp_individual_posteriors/2026-09-16/gor01_two_2006-6-08_21-16-25/ripple/combined/multi/,p_x_given_n[068].png,2026-09-16 23:07:11+00:00,9011,gor01_two_2006-6-08_21-16-25
2043,file,/umms-kdiba/Data/Output/collected_outputs/figures/_temp_individual_posteriors/2026-09-16/gor01_two_2006-6-08_21-16-25/ripple/combined/multi/,p_x_given_n[069].png,2026-09-16 23:07:11+00:00,4881,gor01_two_2006-6-08_21-16-25
2044,file,/umms-kdiba/Data/Output/collected_outputs/figures/_temp_individual_posteriors/2026-09-16/gor01_two_2006-6-08_21-16-25/ripple/combined/multi/,p_x_given_n[070].png,2026-09-16 23:07:11+00:00,5255,gor01_two_2006-6-08_21-16-25
2045,file,/umms-kdiba/Data/Output/collected_outputs/figures/_temp_individual_posteriors/2026-09-16/gor01_two_2006-6-08_21-16-25/ripple/combined/multi/,p_x_given_n[071].png,2026-09-16 23:07:11+00:00,2879,gor01_two_2006-6-08_21-16-25
2046,file,/umms-kdiba/Data/Output/collected_outputs/figures/_temp_individual_posteriors/2026-09-16/gor01_two_2006-6-08_21-16-25/ripple/combined/multi/,p_x_given_n[072].png,2026-09-16 23:07:11+00:00,3170,gor01_two_2006-6-08_21-16-25
2047,file,/umms-kdiba/Data/Output/collected_outputs/figures/_temp_individual_posteriors/2026-09-16/gor01_two_2006-6-08_21-16-25/ripple/combined/multi/,p_x_given_n[073].png,2026-09-16 23:07:11+00:00,5560,gor01_two_2006-6-08_21-16-25
2048,file,/umms-kdiba/Data/Output/collected_outputs/figures/_temp_individual_posteriors/2026-09-16/gor01_two_2006-6-08_21-16-25/ripple/combined/multi/,p_x_given_n[074].png,2026-09-16 23:07:11+00:00,11561,gor01_two_2006-6-08_21-16-25
2049,file,/umms-kdiba/Data/Output/collected_outputs/figures/_temp_individual_posteriors/2026-09-16/gor01_two_2006-6-08_21-16-25/ripple/combined/multi/,p_x_given_n[075].png,2026-09-16 23:07:11+00:00,6206,gor01_two_2006-6-08_21-16-25
2050,file,/umms-kdiba/Data/Output/collected_outputs/figures/_temp_individual_posteriors/2026-09-16/gor01_two_2006-6-08_21-16-25/ripple/combined/multi/,p_x_given_n[076].png,2026-09-16 23:07:11+00:00,9019,gor01_two_2006-6-08_21-16-25
2051,file,/umms-kdiba/Data/Output/collected_outputs/figures/_temp_individual_posteriors/2026-09-16/gor01_two_2006-6-08_21-16-25/ripple/combined/multi/,p_x_given_n[077].png,2026-09-16 23:07:11+00:00,3299,gor01_two_2006-6-08_21-16-25
2052,file,/umms-kdiba/Data/Output/collected_outputs/figures/_temp_individual_posteriors/2026-09-16/gor01_two_2006-6-08_21-16-25/ripple/combined/multi/,p_x_given_n[078].png,2026-09-16 23:07:11+00:00,2608,gor01_two_2006-6-08_21-16-25
2053,file,/umms-kdiba/Data/Output/collected_outputs/figures/_temp_individual_posteriors/2026-09-16/gor01_two_2006-6-08_21-16-25/ripple/combined/multi/,p_x_given_n[079].png,2026-09-16 23:07:11+00:00,2891,gor01_two_2006-6-08_21-16-25
2054,file,/umms-kdiba/Data/Output/collected_outputs/figures/_temp_individual_posteriors/2026-09-16/gor01_two_2006-6-08_21-16-25/ripple/combined/multi/,p_x_given_n[080].png,2026-09-16 23:07:11+00:00,3469,gor01_two_2006-6-08_21-16-25
2055,file,/umms-kdiba/Data/Output/collected_outputs/figures/_temp_individual_posteriors/2026-09-16/gor01_two_2006-6-08_21-16-25/ripple/combined/multi/,p_x_given_n[081].png,2026-09-16 23:07:11+00:00,7669,gor01_two_2006-6-08_21-16-25
2056,file,/umms-kdiba/Data/Output/collected_outputs/figures/_temp_individual_posteriors/2026-09-16/gor01_two_2006-6-08_21-16-25/ripple/combined/multi/,p_x_given_n[083].png,2026-09-16 23:07:11+00:00,9000,gor01_two_2006-6-08_21-16-25
2057,file,/umms-kdiba/Data/Output/collected_outputs/figures/_temp_individual_posteriors/2026-09-16/gor01_two_2006-6-08_21-16-25/ripple/combined/multi/,p_x_given_n[084].png,2026-09-16 23:07:11+00:00,5038,gor01_two_2006-6-08_21-16-25
2058,file,/umms-kdiba/Data/Output/collected_outputs/figures/_temp_individual_posteriors/2026-09-16/gor01_two_2006-6-08_21-16-25/ripple/combined/multi/,p_x_given_n[085].png,2026-09-16 23:07:11+00:00,6473,gor01_two_2006-6-08_21-16-25
2059,file,/umms-kdiba/Data/Output/collected_outputs/figures/_temp_individual_posteriors/2026-09-16/gor01_two_2006-6-08_21-16-25/ripple/combined/multi/,p_x_given_n[086].png,2026-09-16 23:07:11+00:00,2902,gor01_two_2006-6-08_21-16-25
2060,file,/umms-kdiba/Data/Output/collected_outputs/figures/_temp_individual_posteriors/2026-09-16/gor01_two_2006-6-08_21-16-25/ripple/combined/multi/,p_x_given_n[087].png,2026-09-16 23:07:11+00:00,6057,gor01_two_2006-6-08_21-16-25
2061,file,/umms-kdiba/Data/Output/collected_outputs/figures/_temp_individual_posteriors/2026-09-16/gor01_two_2006-6-08_21-16-25/ripple/combined/multi/,p_x_given_n[089].png,2026-09-16 23:07:11+00:00,6461,gor01_two_2006-6-08_21-16-25
2062,file,/umms-kdiba/Data/Output/collected_outputs/figures/_temp_individual_posteriors/2026-09-16/gor01_two_2006-6-08_21-16-25/ripple/combined/multi/,p_x_given_n[000].png,2026-09-16 23:07:10+00:00,9285,gor01_two_2006-6-08_21-16-25
2063,file,/umms-kdiba/Data/Output/collected_outputs/figures/_temp_individual_posteriors/2026-09-16/gor01_two_2006-6-08_21-16-25/ripple/combined/multi/,p_x_given_n[001].png,2026-09-16 23:07:10+00:00,6642,gor01_two_2006-6-08_21-16-25
2064,file,/umms-kdiba/Data/Output/collected_outputs/figures/_temp_individual_posteriors/2026-09-16/gor01_two_2006-6-08_21-16-25/ripple/combined/multi/,p_x_given_n[002].png,2026-09-16 23:07:10+00:00,3392,gor01_two_2006-6-08_21-16-25
2065,file,/umms-kdiba/Data/Output/collected_outputs/figures/_temp_individual_posteriors/2026-09-16/gor01_two_2006-6-08_21-16-25/ripple/combined/multi/,p_x_given_n[003].png,2026-09-16 23:07:10+00:00,13886,gor01_two_2006-6-08_21-16-25
2066,file,/umms-kdiba/Data/Output/collected_outputs/figures/_temp_individual_posteriors/2026-09-16/gor01_two_2006-6-08_21-16-25/ripple/combined/multi/,p_x_given_n[004].png,2026-09-16 23:07:10+00:00,8110,gor01_two_2006-6-08_21-16-25
2067,file,/umms-kdiba/Data/Output/collected_outputs/figures/_temp_individual_posteriors/2026-09-16/gor01_two_2006-6-08_21-16-25/ripple/combined/multi/,p_x_given_n[005].png,2026-09-16 23:07:10+00:00,2941,gor01_two_2006-6-08_21-16-25
2068,file,/umms-kdiba/Data/Output/collected_outputs/figures/_temp_individual_posteriors/2026-09-16/gor01_two_2006-6-08_21-16-25/ripple/combined/multi/,p_x_given_n[006].png,2026-09-16 23:07:10+00:00,4850,gor01_two_2006-6-08_21-16-25
2069,file,/umms-kdiba/Data/Output/collected_outputs/figures/_temp_individual_posteriors/2026-09-16/gor01_two_2006-6-08_21-16-25/ripple/combined/multi/,p_x_given_n[007].png,2026-09-16 23:07:10+00:00,10396,gor01_two_2006-6-08_21-16-25
2070,file,/umms-kdiba/Data/Output/collected_outputs/figures/_temp_individual_posteriors/2026-09-16/gor01_two_2006-6-08_21-16-25/ripple/combined/multi/,p_x_given_n[008].png,2026-09-16 23:07:10+00:00,13622,gor01_two_2006-6-08_21-16-25
2071,file,/umms-kdiba/Data/Output/collected_outputs/figures/_temp_individual_posteriors/2026-09-16/gor01_two_2006-6-08_21-16-25/ripple/combined/multi/,p_x_given_n[009].png,2026-09-16 23:07:10+00:00,3620,gor01_two_2006-6-08_21-16-25
2072,file,/umms-kdiba/Data/Output/collected_outputs/figures/_temp_individual_posteriors/2026-09-16/gor01_two_2006-6-08_21-16-25/ripple/combined/multi/,p_x_given_n[010].png,2026-09-16 23:07:10+00:00,5901,gor01_two_2006-6-08_21-16-25
2073,file,/umms-kdiba/Data/Output/collected_outputs/figures/_temp_individual_posteriors/2026-09-16/gor01_two_2006-6-08_21-16-25/ripple/combined/multi/,p_x_given_n[011].png,2026-09-16 23:07:10+00:00,10690,gor01_two_2006-6-08_21-16-25
2074,file,/umms-kdiba/Data/Output/collected_outputs/figures/_temp_individual_posteriors/2026-09-16/gor01_two_2006-6-08_21-16-25/ripple/combined/multi/,p_x_given_n[012].png,2026-09-16 23:07:10+00:00,8882,gor01_two_2006-6-08_21-16-25
2075,file,/umms-kdiba/Data/Output/collected_outputs/figures/_temp_individual_posteriors/2026-09-16/gor01_two_2006-6-08_21-16-25/ripple/combined/multi/,p_x_given_n[013].png,2026-09-16 23:07:10+00:00,4662,gor01_two_2006-6-08_21-16-25
2076,file,/umms-kdiba/Data/Output/collected_outputs/figures/_temp_individual_posteriors/2026-09-16/gor01_two_2006-6-08_21-16-25/ripple/combined/multi/,p_x_given_n[014].png,2026-09-16 23:07:10+00:00,3524,gor01_two_2006-6-08_21-16-25
2077,file,/umms-kdiba/Data/Output/collected_outputs/figures/_temp_individual_posteriors/2026-09-16/gor01_two_2006-6-08_21-16-25/ripple/combined/multi/,p_x_given_n[015].png,2026-09-16 23:07:10+00:00,827,gor01_two_2006-6-08_21-16-25
2078,file,/umms-kdiba/Data/Output/collected_outputs/figures/_temp_individual_posteriors/2026-09-16/gor01_two_2006-6-08_21-16-25/ripple/combined/multi/,p_x_given_n[016].png,2026-09-16 23:07:10+00:00,5404,gor01_two_2006-6-08_21-16-25
2079,file,/umms-kdiba/Data/Output/collected_outputs/figures/_temp_individual_posteriors/2026-09-16/gor01_two_2006-6-08_21-16-25/ripple/combined/multi/,p_x_given_n[017].png,2026-09-16 23:07:10+00:00,12001,gor01_two_2006-6-08_21-16-25
2080,file,/umms-kdiba/Data/Output/collected_outputs/figures/_temp_individual_posteriors/2026-09-16/gor01_two_2006-6-08_21-16-25/ripple/combined/multi/,p_x_given_n[018].png,2026-09-16 23:07:10+00:00,4337,gor01_two_2006-6-08_21-16-25
2081,file,/umms-kdiba/Data/Output/collected_outputs/figures/_temp_individual_posteriors/2026-09-16/gor01_two_2006-6-08_21-16-25/ripple/combined/multi/,p_x_given_n[019].png,2026-09-16 23:07:10+00:00,6183,gor01_two_2006-6-08_21-16-25
2082,file,/umms-kdiba/Data/Output/collected_outputs/figures/_temp_individual_posteriors/2026-09-16/gor01_two_2006-6-08_21-16-25/ripple/combined/multi/,p_x_given_n[020].png,2026-09-16 23:07:10+00:00,5734,gor01_two_2006-6-08_21-16-25
2083,file,/umms-kdiba/Data/Output/collected_outputs/figures/_temp_individual_posteriors/2026-09-16/gor01_two_2006-6-09_22-24-40/ripple/combined/multi/,p_x_given_n[703].png,2026-09-16 21:03:21+00:00,11742,gor01_two_2006-6-09_22-24-40
2084,file,/umms-kdiba/Data/Output/collected_outputs/figures/_temp_individual_posteriors/2026-09-16/gor01_two_2006-6-09_22-24-40/ripple/combined/multi/,p_x_given_n[704].png,2026-09-16 21:03:21+00:00,3483,gor01_two_2006-6-09_22-24-40
2085,file,/umms-kdiba/Data/Output/collected_outputs/figures/_temp_individual_posteriors/2026-09-16/gor01_two_2006-6-09_22-24-40/ripple/combined/multi/,p_x_given_n[705].png,2026-09-16 21:03:21+00:00,4413,gor01_two_2006-6-09_22-24-40
2086,file,/umms-kdiba/Data/Output/collected_outputs/figures/_temp_individual_posteriors/2026-09-16/gor01_two_2006-6-09_22-24-40/ripple/combined/multi/,p_x_given_n[706].png,2026-09-16 21:03:21+00:00,8513,gor01_two_2006-6-09_22-24-40
2087,file,/umms-kdiba/Data/Output/collected_outputs/figures/_temp_individual_posteriors/2026-09-16/gor01_two_2006-6-09_22-24-40/ripple/combined/multi/,p_x_given_n[707].png,2026-09-16 21:03:21+00:00,12414,gor01_two_2006-6-09_22-24-40
2088,file,/umms-kdiba/Data/Output/collected_outputs/figures/_temp_individual_posteriors/2026-09-16/gor01_two_2006-6-09_22-24-40/ripple/combined/multi/,p_x_given_n[708].png,2026-09-16 21:03:21+00:00,14885,gor01_two_2006-6-09_22-24-40
2089,file,/umms-kdiba/Data/Output/collected_outputs/figures/_temp_individual_posteriors/2026-09-16/gor01_two_2006-6-09_22-24-40/ripple/combined/multi/,p_x_given_n[709].png,2026-09-16 21:03:21+00:00,17517,gor01_two_2006-6-09_22-24-40
2090,file,/umms-kdiba/Data/Output/collected_outputs/figures/_temp_individual_posteriors/2026-09-16/gor01_two_2006-6-09_22-24-40/ripple/combined/multi/,p_x_given_n[710].png,2026-09-16 21:03:21+00:00,13051,gor01_two_2006-6-09_22-24-40
2091,file,/umms-kdiba/Data/Output/collected_outputs/figures/_temp_individual_posteriors/2026-09-16/gor01_two_2006-6-09_22-24-40/ripple/combined/multi/,p_x_given_n[711].png,2026-09-16 21:03:21+00:00,10571,gor01_two_2006-6-09_22-24-40
2092,file,/umms-kdiba/Data/Output/collected_outputs/figures/_temp_individual_posteriors/2026-09-16/gor01_two_2006-6-09_22-24-40/ripple/combined/multi/,p_x_given_n[712].png,2026-09-16 21:03:21+00:00,6937,gor01_two_2006-6-09_22-24-40
2093,file,/umms-kdiba/Data/Output/collected_outputs/figures/_temp_individual_posteriors/2026-09-16/gor01_two_2006-6-09_22-24-40/ripple/combined/multi/,p_x_given_n[713].png,2026-09-16 21:03:21+00:00,18135,gor01_two_2006-6-09_22-24-40
2094,file,/umms-kdiba/Data/Output/collected_outputs/figures/_temp_individual_posteriors/2026-09-16/gor01_two_2006-6-09_22-24-40/ripple/combined/multi/,p_x_given_n[714].png,2026-09-16 21:03:21+00:00,13447,gor01_two_2006-6-09_22-24-40
2095,file,/umms-kdiba/Data/Output/collected_outputs/figures/_temp_individual_posteriors/2026-09-16/gor01_two_2006-6-09_22-24-40/ripple/combined/multi/,p_x_given_n[715].png,2026-09-16 21:03:21+00:00,11278,gor01_two_2006-6-09_22-24-40
2096,file,/umms-kdiba/Data/Output/collected_outputs/figures/_temp_individual_posteriors/2026-09-16/gor01_two_2006-6-09_22-24-40/ripple/combined/multi/,p_x_given_n[716].png,2026-09-16 21:03:21+00:00,9242,gor01_two_2006-6-09_22-24-40
2097,file,/umms-kdiba/Data/Output/collected_outputs/figures/_temp_individual_posteriors/2026-09-16/gor01_two_2006-6-09_22-24-40/ripple/combined/multi/,p_x_given_n[717].png,2026-09-16 21:03:21+00:00,11120,gor01_two_2006-6-09_22-24-40
2098,file,/umms-kdiba/Data/Output/collected_outputs/figures/_temp_individual_posteriors/2026-09-16/gor01_two_2006-6-09_22-24-40/ripple/combined/multi/,p_x_given_n[718].png,2026-09-16 21:03:21+00:00,15368,gor01_two_2006-6-09_22-24-40
2099,file,/umms-kdiba/Data/Output/collected_outputs/figures/_temp_individual_posteriors/2026-09-16/gor01_two_2006-6-09_22-24-40/ripple/combined/multi/,p_x_given_n[719].png,2026-09-16 21:03:21+00:00,15239,gor01_two_2006-6-09_22-24-40
2100,file,/umms-kdiba/Data/Output/collected_outputs/figures/_temp_individual_posteriors/2026-09-16/gor01_two_2006-6-09_22-24-40/ripple/combined/multi/,p_x_given_n[720].png,2026-09-16 21:03:21+00:00,7237,gor01_two_2006-6-09_22-24-40
2101,file,/umms-kdiba/Data/Output/collected_outputs/figures/_temp_individual_posteriors/2026-09-16/gor01_two_2006-6-09_22-24-40/ripple/combined/multi/,p_x_given_n[721].png,2026-09-16 21:03:21+00:00,15752,gor01_two_2006-6-09_22-24-40
2102,file,/umms-kdiba/Data/Output/collected_outputs/figures/_temp_individual_posteriors/2026-09-16/gor01_two_2006-6-09_22-24-40/ripple/combined/multi/,p_x_given_n[722].png,2026-09-16 21:03:21+00:00,6471,gor01_two_2006-6-09_22-24-40
2103,file,/umms-kdiba/Data/Output/collected_outputs/figures/_temp_individual_posteriors/2026-09-16/gor01_two_2006-6-09_22-24-40/ripple/combined/multi/,p_x_given_n[723].png,2026-09-16 21:03:21+00:00,16606,gor01_two_2006-6-09_22-24-40
2104,file,/umms-kdiba/Data/Output/collected_outputs/figures/_temp_individual_posteriors/2026-09-16/gor01_two_2006-6-09_22-24-40/ripple/combined/multi/,p_x_given_n[724].png,2026-09-16 21:03:21+00:00,13413,gor01_two_2006-6-09_22-24-40
2105,file,/umms-kdiba/Data/Output/collected_outputs/figures/_temp_individual_posteriors/2026-09-16/gor01_two_2006-6-09_22-24-40/ripple/combined/multi/,p_x_given_n[725].png,2026-09-16 21:03:21+00:00,10253,gor01_two_2006-6-09_22-24-40
2106,file,/umms-kdiba/Data/Output/collected_outputs/figures/_temp_individual_posteriors/2026-09-16/gor01_two_2006-6-09_22-24-40/ripple/combined/multi/,p_x_given_n[726].png,2026-09-16 21:03:21+00:00,14595,gor01_two_2006-6-09_22-24-40
2107,file,/umms-kdiba/Data/Output/collected_outputs/figures/_temp_individual_posteriors/2026-09-16/gor01_two_2006-6-09_22-24-40/ripple/combined/multi/,p_x_given_n[727].png,2026-09-16 21:03:21+00:00,15959,gor01_two_2006-6-09_22-24-40
2108,file,/umms-kdiba/Data/Output/collected_outputs/figures/_temp_individual_posteriors/2026-09-16/gor01_two_2006-6-09_22-24-40/ripple/combined/multi/,p_x_given_n[729].png,2026-09-16 21:03:21+00:00,5556,gor01_two_2006-6-09_22-24-40
2109,file,/umms-kdiba/Data/Output/collected_outputs/figures/_temp_individual_posteriors/2026-09-16/gor01_two_2006-6-09_22-24-40/ripple/combined/multi/,p_x_given_n[730].png,2026-09-16 21:03:21+00:00,6857,gor01_two_2006-6-09_22-24-40
2110,file,/umms-kdiba/Data/Output/collected_outputs/figures/_temp_individual_posteriors/2026-09-16/gor01_two_2006-6-09_22-24-40/ripple/combined/multi/,p_x_given_n[731].png,2026-09-16 21:03:21+00:00,17760,gor01_two_2006-6-09_22-24-40
2111,file,/umms-kdiba/Data/Output/collected_outputs/figures/_temp_individual_posteriors/2026-09-16/gor01_two_2006-6-09_22-24-40/ripple/combined/multi/,p_x_given_n[658].png,2026-09-16 21:03:20+00:00,21469,gor01_two_2006-6-09_22-24-40
2112,file,/umms-kdiba/Data/Output/collected_outputs/figures/_temp_individual_posteriors/2026-09-16/gor01_two_2006-6-09_22-24-40/ripple/combined/multi/,p_x_given_n[659].png,2026-09-16 21:03:20+00:00,15315,gor01_two_2006-6-09_22-24-40
2113,file,/umms-kdiba/Data/Output/collected_outputs/figures/_temp_individual_posteriors/2026-09-16/gor01_two_2006-6-09_22-24-40/ripple/combined/multi/,p_x_given_n[660].png,2026-09-16 21:03:20+00:00,6189,gor01_two_2006-6-09_22-24-40
2114,file,/umms-kdiba/Data/Output/collected_outputs/figures/_temp_individual_posteriors/2026-09-16/gor01_two_2006-6-09_22-24-40/ripple/combined/multi/,p_x_given_n[661].png,2026-09-16 21:03:20+00:00,2961,gor01_two_2006-6-09_22-24-40
2115,file,/umms-kdiba/Data/Output/collected_outputs/figures/_temp_individual_posteriors/2026-09-16/gor01_two_2006-6-09_22-24-40/ripple/combined/multi/,p_x_given_n[662].png,2026-09-16 21:03:20+00:00,17391,gor01_two_2006-6-09_22-24-40
2116,file,/umms-kdiba/Data/Output/collected_outputs/figures/_temp_individual_posteriors/2026-09-16/gor01_two_2006-6-09_22-24-40/ripple/combined/multi/,p_x_given_n[663].png,2026-09-16 21:03:20+00:00,16015,gor01_two_2006-6-09_22-24-40
2117,file,/umms-kdiba/Data/Output/collected_outputs/figures/_temp_individual_posteriors/2026-09-16/gor01_two_2006-6-09_22-24-40/ripple/combined/multi/,p_x_given_n[664].png,2026-09-16 21:03:20+00:00,3868,gor01_two_2006-6-09_22-24-40
2118,file,/umms-kdiba/Data/Output/collected_outputs/figures/_temp_individual_posteriors/2026-09-16/gor01_two_2006-6-09_22-24-40/ripple/combined/multi/,p_x_given_n[665].png,2026-09-16 21:03:20+00:00,20266,gor01_two_2006-6-09_22-24-40
2119,file,/umms-kdiba/Data/Output/collected_outputs/figures/_temp_individual_posteriors/2026-09-16/gor01_two_2006-6-09_22-24-40/ripple/combined/multi/,p_x_given_n[666].png,2026-09-16 21:03:20+00:00,15672,gor01_two_2006-6-09_22-24-40
2120,file,/umms-kdiba/Data/Output/collected_outputs/figures/_temp_individual_posteriors/2026-09-16/gor01_two_2006-6-09_22-24-40/ripple/combined/multi/,p_x_given_n[667].png,2026-09-16 21:03:20+00:00,16636,gor01_two_2006-6-09_22-24-40
2121,file,/umms-kdiba/Data/Output/collected_outputs/figures/_temp_individual_posteriors/2026-09-16/gor01_two_2006-6-09_22-24-40/ripple/combined/multi/,p_x_given_n[668].png,2026-09-16 21:03:20+00:00,17790,gor01_two_2006-6-09_22-24-40
2122,file,/umms-kdiba/Data/Output/collected_outputs/figures/_temp_individual_posteriors/2026-09-16/gor01_two_2006-6-09_22-24-40/ripple/combined/multi/,p_x_given_n[669].png,2026-09-16 21:03:20+00:00,19969,gor01_two_2006-6-09_22-24-40
2123,file,/umms-kdiba/Data/Output/collected_outputs/figures/_temp_individual_posteriors/2026-09-16/gor01_two_2006-6-09_22-24-40/ripple/combined/multi/,p_x_given_n[670].png,2026-09-16 21:03:20+00:00,20209,gor01_two_2006-6-09_22-24-40
2124,file,/umms-kdiba/Data/Output/collected_outputs/figures/_temp_individual_posteriors/2026-09-16/gor01_two_2006-6-09_22-24-40/ripple/combined/multi/,p_x_given_n[671].png,2026-09-16 21:03:20+00:00,13815,gor01_two_2006-6-09_22-24-40
2125,file,/umms-kdiba/Data/Output/collected_outputs/figures/_temp_individual_posteriors/2026-09-16/gor01_two_2006-6-09_22-24-40/ripple/combined/multi/,p_x_given_n[672].png,2026-09-16 21:03:20+00:00,17851,gor01_two_2006-6-09_22-24-40
2126,file,/umms-kdiba/Data/Output/collected_outputs/figures/_temp_individual_posteriors/2026-09-16/gor01_two_2006-6-09_22-24-40/ripple/combined/multi/,p_x_given_n[673].png,2026-09-16 21:03:20+00:00,13057,gor01_two_2006-6-09_22-24-40
2127,file,/umms-kdiba/Data/Output/collected_outputs/figures/_temp_individual_posteriors/2026-09-16/gor01_two_2006-6-09_22-24-40/ripple/combined/multi/,p_x_given_n[674].png,2026-09-16 21:03:20+00:00,5415,gor01_two_2006-6-09_22-24-40
2128,file,/umms-kdiba/Data/Output/collected_outputs/figures/_temp_individual_posteriors/2026-09-16/gor01_two_2006-6-09_22-24-40/ripple/combined/multi/,p_x_given_n[675].png,2026-09-16 21:03:20+00:00,6373,gor01_two_2006-6-09_22-24-40
2129,file,/umms-kdiba/Data/Output/collected_outputs/figures/_temp_individual_posteriors/2026-09-16/gor01_two_2006-6-09_22-24-40/ripple/combined/multi/,p_x_given_n[676].png,2026-09-16 21:03:20+00:00,12520,gor01_two_2006-6-09_22-24-40
2130,file,/umms-kdiba/Data/Output/collected_outputs/figures/_temp_individual_posteriors/2026-09-16/gor01_two_2006-6-09_22-24-40/ripple/combined/multi/,p_x_given_n[677].png,2026-09-16 21:03:20+00:00,3798,gor01_two_2006-6-09_22-24-40
2131,file,/umms-kdiba/Data/Output/collected_outputs/figures/_temp_individual_posteriors/2026-09-16/gor01_two_2006-6-09_22-24-40/ripple/combined/multi/,p_x_given_n[678].png,2026-09-16 21:03:20+00:00,18320,gor01_two_2006-6-09_22-24-40
2132,file,/umms-kdiba/Data/Output/collected_outputs/figures/_temp_individual_posteriors/2026-09-16/gor01_two_2006-6-09_22-24-40/ripple/combined/multi/,p_x_given_n[679].png,2026-09-16 21:03:20+00:00,6039,gor01_two_2006-6-09_22-24-40
2133,file,/umms-kdiba/Data/Output/collected_outputs/figures/_temp_individual_posteriors/2026-09-16/gor01_two_2006-6-09_22-24-40/ripple/combined/multi/,p_x_given_n[680].png,2026-09-16 21:03:20+00:00,7222,gor01_two_2006-6-09_22-24-40
2134,file,/umms-kdiba/Data/Output/collected_outputs/figures/_temp_individual_posteriors/2026-09-16/gor01_two_2006-6-09_22-24-40/ripple/combined/multi/,p_x_given_n[681].png,2026-09-16 21:03:20+00:00,15525,gor01_two_2006-6-09_22-24-40
2135,file,/umms-kdiba/Data/Output/collected_outputs/figures/_temp_individual_posteriors/2026-09-16/gor01_two_2006-6-09_22-24-40/ripple/combined/multi/,p_x_given_n[682].png,2026-09-16 21:03:20+00:00,12091,gor01_two_2006-6-09_22-24-40
2136,file,/umms-kdiba/Data/Output/collected_outputs/figures/_temp_individual_posteriors/2026-09-16/gor01_two_2006-6-09_22-24-40/ripple/combined/multi/,p_x_given_n[683].png,2026-09-16 21:03:20+00:00,15671,gor01_two_2006-6-09_22-24-40
2137,file,/umms-kdiba/Data/Output/collected_outputs/figures/_temp_individual_posteriors/2026-09-16/gor01_two_2006-6-09_22-24-40/ripple/combined/multi/,p_x_given_n[684].png,2026-09-16 21:03:20+00:00,3826,gor01_two_2006-6-09_22-24-40
2138,file,/umms-kdiba/Data/Output/collected_outputs/figures/_temp_individual_posteriors/2026-09-16/gor01_two_2006-6-09_22-24-40/ripple/combined/multi/,p_x_given_n[685].png,2026-09-16 21:03:20+00:00,16116,gor01_two_2006-6-09_22-24-40
2139,file,/umms-kdiba/Data/Output/collected_outputs/figures/_temp_individual_posteriors/2026-09-16/gor01_two_2006-6-09_22-24-40/ripple/combined/multi/,p_x_given_n[686].png,2026-09-16 21:03:20+00:00,12681,gor01_two_2006-6-09_22-24-40
2140,file,/umms-kdiba/Data/Output/collected_outputs/figures/_temp_individual_posteriors/2026-09-16/gor01_two_2006-6-09_22-24-40/ripple/combined/multi/,p_x_given_n[687].png,2026-09-16 21:03:20+00:00,6903,gor01_two_2006-6-09_22-24-40
2141,file,/umms-kdiba/Data/Output/collected_outputs/figures/_temp_individual_posteriors/2026-09-16/gor01_two_2006-6-09_22-24-40/ripple/combined/multi/,p_x_given_n[688].png,2026-09-16 21:03:20+00:00,10108,gor01_two_2006-6-09_22-24-40
2142,file,/umms-kdiba/Data/Output/collected_outputs/figures/_temp_individual_posteriors/2026-09-16/gor01_two_2006-6-09_22-24-40/ripple/combined/multi/,p_x_given_n[689].png,2026-09-16 21:03:20+00:00,4159,gor01_two_2006-6-09_22-24-40
2143,file,/umms-kdiba/Data/Output/collected_outputs/figures/_temp_individual_posteriors/2026-09-16/gor01_two_2006-6-09_22-24-40/ripple/combined/multi/,p_x_given_n[690].png,2026-09-16 21:03:20+00:00,13834,gor01_two_2006-6-09_22-24-40
2144,file,/umms-kdiba/Data/Output/collected_outputs/figures/_temp_individual_posteriors/2026-09-16/gor01_two_2006-6-09_22-24-40/ripple/combined/multi/,p_x_given_n[691].png,2026-09-16 21:03:20+00:00,15240,gor01_two_2006-6-09_22-24-40
2145,file,/umms-kdiba/Data/Output/collected_outputs/figures/_temp_individual_posteriors/2026-09-16/gor01_two_2006-6-09_22-24-40/ripple/combined/multi/,p_x_given_n[692].png,2026-09-16 21:03:20+00:00,10641,gor01_two_2006-6-09_22-24-40
2146,file,/umms-kdiba/Data/Output/collected_outputs/figures/_temp_individual_posteriors/2026-09-16/gor01_two_2006-6-09_22-24-40/ripple/combined/multi/,p_x_given_n[693].png,2026-09-16 21:03:20+00:00,21759,gor01_two_2006-6-09_22-24-40
2147,file,/umms-kdiba/Data/Output/collected_outputs/figures/_temp_individual_posteriors/2026-09-16/gor01_two_2006-6-09_22-24-40/ripple/combined/multi/,p_x_given_n[694].png,2026-09-16 21:03:20+00:00,6154,gor01_two_2006-6-09_22-24-40
2148,file,/umms-kdiba/Data/Output/collected_outputs/figures/_temp_individual_posteriors/2026-09-16/gor01_two_2006-6-09_22-24-40/ripple/combined/multi/,p_x_given_n[695].png,2026-09-16 21:03:20+00:00,15947,gor01_two_2006-6-09_22-24-40
2149,file,/umms-kdiba/Data/Output/collected_outputs/figures/_temp_individual_posteriors/2026-09-16/gor01_two_2006-6-09_22-24-40/ripple/combined/multi/,p_x_given_n[696].png,2026-09-16 21:03:20+00:00,10927,gor01_two_2006-6-09_22-24-40
2150,file,/umms-kdiba/Data/Output/collected_outputs/figures/_temp_individual_posteriors/2026-09-16/gor01_two_2006-6-09_22-24-40/ripple/combined/multi/,p_x_given_n[697].png,2026-09-16 21:03:20+00:00,17000,gor01_two_2006-6-09_22-24-40
2151,file,/umms-kdiba/Data/Output/collected_outputs/figures/_temp_individual_posteriors/2026-09-16/gor01_two_2006-6-09_22-24-40/ripple/combined/multi/,p_x_given_n[698].png,2026-09-16 21:03:20+00:00,20604,gor01_two_2006-6-09_22-24-40
2152,file,/umms-kdiba/Data/Output/collected_outputs/figures/_temp_individual_posteriors/2026-09-16/gor01_two_2006-6-09_22-24-40/ripple/combined/multi/,p_x_given_n[699].png,2026-09-16 21:03:20+00:00,10891,gor01_two_2006-6-09_22-24-40
2153,file,/umms-kdiba/Data/Output/collected_outputs/figures/_temp_individual_posteriors/2026-09-16/gor01_two_2006-6-09_22-24-40/ripple/combined/multi/,p_x_given_n[700].png,2026-09-16 21:03:20+00:00,10428,gor01_two_2006-6-09_22-24-40
2154,file,/umms-kdiba/Data/Output/collected_outputs/figures/_temp_individual_posteriors/2026-09-16/gor01_two_2006-6-09_22-24-40/ripple/combined/multi/,p_x_given_n[701].png,2026-09-16 21:03:20+00:00,3760,gor01_two_2006-6-09_22-24-40
2155,file,/umms-kdiba/Data/Output/collected_outputs/figures/_temp_individual_posteriors/2026-09-16/gor01_two_2006-6-09_22-24-40/ripple/combined/multi/,p_x_given_n[702].png,2026-09-16 21:03:20+00:00,21110,gor01_two_2006-6-09_22-24-40
2156,file,/umms-kdiba/Data/Output/collected_outputs/figures/_temp_individual_posteriors/2026-09-16/gor01_two_2006-6-09_22-24-40/ripple/combined/multi/,p_x_given_n[607].png,2026-09-16 21:03:19+00:00,14998,gor01_two_2006-6-09_22-24-40
2157,file,/umms-kdiba/Data/Output/collected_outputs/figures/_temp_individual_posteriors/2026-09-16/gor01_two_2006-6-09_22-24-40/ripple/combined/multi/,p_x_given_n[608].png,2026-09-16 21:03:19+00:00,7731,gor01_two_2006-6-09_22-24-40
2158,file,/umms-kdiba/Data/Output/collected_outputs/figures/_temp_individual_posteriors/2026-09-16/gor01_two_2006-6-09_22-24-40/ripple/combined/multi/,p_x_given_n[609].png,2026-09-16 21:03:19+00:00,17507,gor01_two_2006-6-09_22-24-40
2159,file,/umms-kdiba/Data/Output/collected_outputs/figures/_temp_individual_posteriors/2026-09-16/gor01_two_2006-6-09_22-24-40/ripple/combined/multi/,p_x_given_n[610].png,2026-09-16 21:03:19+00:00,6606,gor01_two_2006-6-09_22-24-40
2160,file,/umms-kdiba/Data/Output/collected_outputs/figures/_temp_individual_posteriors/2026-09-16/gor01_two_2006-6-09_22-24-40/ripple/combined/multi/,p_x_given_n[611].png,2026-09-16 21:03:19+00:00,3445,gor01_two_2006-6-09_22-24-40
2161,file,/umms-kdiba/Data/Output/collected_outputs/figures/_temp_individual_posteriors/2026-09-16/gor01_two_2006-6-09_22-24-40/ripple/combined/multi/,p_x_given_n[612].png,2026-09-16 21:03:19+00:00,3300,gor01_two_2006-6-09_22-24-40
2162,file,/umms-kdiba/Data/Output/collected_outputs/figures/_temp_individual_posteriors/2026-09-16/gor01_two_2006-6-09_22-24-40/ripple/combined/multi/,p_x_given_n[613].png,2026-09-16 21:03:19+00:00,6515,gor01_two_2006-6-09_22-24-40
2163,file,/umms-kdiba/Data/Output/collected_outputs/figures/_temp_individual_posteriors/2026-09-16/gor01_two_2006-6-09_22-24-40/ripple/combined/multi/,p_x_given_n[614].png,2026-09-16 21:03:19+00:00,11547,gor01_two_2006-6-09_22-24-40
2164,file,/umms-kdiba/Data/Output/collected_outputs/figures/_temp_individual_posteriors/2026-09-16/gor01_two_2006-6-09_22-24-40/ripple/combined/multi/,p_x_given_n[615].png,2026-09-16 21:03:19+00:00,7315,gor01_two_2006-6-09_22-24-40
2165,file,/umms-kdiba/Data/Output/collected_outputs/figures/_temp_individual_posteriors/2026-09-16/gor01_two_2006-6-09_22-24-40/ripple/combined/multi/,p_x_given_n[616].png,2026-09-16 21:03:19+00:00,8083,gor01_two_2006-6-09_22-24-40
2166,file,/umms-kdiba/Data/Output/collected_outputs/figures/_temp_individual_posteriors/2026-09-16/gor01_two_2006-6-09_22-24-40/ripple/combined/multi/,p_x_given_n[617].png,2026-09-16 21:03:19+00:00,8654,gor01_two_2006-6-09_22-24-40
2167,file,/umms-kdiba/Data/Output/collected_outputs/figures/_temp_individual_posteriors/2026-09-16/gor01_two_2006-6-09_22-24-40/ripple/combined/multi/,p_x_given_n[618].png,2026-09-16 21:03:19+00:00,17435,gor01_two_2006-6-09_22-24-40
2168,file,/umms-kdiba/Data/Output/collected_outputs/figures/_temp_individual_posteriors/2026-09-16/gor01_two_2006-6-09_22-24-40/ripple/combined/multi/,p_x_given_n[619].png,2026-09-16 21:03:19+00:00,17557,gor01_two_2006-6-09_22-24-40
2169,file,/umms-kdiba/Data/Output/collected_outputs/figures/_temp_individual_posteriors/2026-09-16/gor01_two_2006-6-09_22-24-40/ripple/combined/multi/,p_x_given_n[620].png,2026-09-16 21:03:19+00:00,10245,gor01_two_2006-6-09_22-24-40
2170,file,/umms-kdiba/Data/Output/collected_outputs/figures/_temp_individual_posteriors/2026-09-16/gor01_two_2006-6-09_22-24-40/ripple/combined/multi/,p_x_given_n[621].png,2026-09-16 21:03:19+00:00,10984,gor01_two_2006-6-09_22-24-40
2171,file,/umms-kdiba/Data/Output/collected_outputs/figures/_temp_individual_posteriors/2026-09-16/gor01_two_2006-6-09_22-24-40/ripple/combined/multi/,p_x_given_n[622].png,2026-09-16 21:03:19+00:00,4202,gor01_two_2006-6-09_22-24-40
2172,file,/umms-kdiba/Data/Output/collected_outputs/figures/_temp_individual_posteriors/2026-09-16/gor01_two_2006-6-09_22-24-40/ripple/combined/multi/,p_x_given_n[623].png,2026-09-16 21:03:19+00:00,6832,gor01_two_2006-6-09_22-24-40
2173,file,/umms-kdiba/Data/Output/collected_outputs/figures/_temp_individual_posteriors/2026-09-16/gor01_two_2006-6-09_22-24-40/ripple/combined/multi/,p_x_given_n[624].png,2026-09-16 21:03:19+00:00,18183,gor01_two_2006-6-09_22-24-40
2174,file,/umms-kdiba/Data/Output/collected_outputs/figures/_temp_individual_posteriors/2026-09-16/gor01_two_2006-6-09_22-24-40/ripple/combined/multi/,p_x_given_n[625].png,2026-09-16 21:03:19+00:00,13379,gor01_two_2006-6-09_22-24-40
2175,file,/umms-kdiba/Data/Output/collected_outputs/figures/_temp_individual_posteriors/2026-09-16/gor01_two_2006-6-09_22-24-40/ripple/combined/multi/,p_x_given_n[626].png,2026-09-16 21:03:19+00:00,13574,gor01_two_2006-6-09_22-24-40
2176,file,/umms-kdiba/Data/Output/collected_outputs/figures/_temp_individual_posteriors/2026-09-16/gor01_two_2006-6-09_22-24-40/ripple/combined/multi/,p_x_given_n[627].png,2026-09-16 21:03:19+00:00,15816,gor01_two_2006-6-09_22-24-40
2177,file,/umms-kdiba/Data/Output/collected_outputs/figures/_temp_individual_posteriors/2026-09-16/gor01_two_2006-6-09_22-24-40/ripple/combined/multi/,p_x_given_n[628].png,2026-09-16 21:03:19+00:00,17145,gor01_two_2006-6-09_22-24-40
2178,file,/umms-kdiba/Data/Output/collected_outputs/figures/_temp_individual_posteriors/2026-09-16/gor01_two_2006-6-09_22-24-40/ripple/combined/multi/,p_x_given_n[629].png,2026-09-16 21:03:19+00:00,18281,gor01_two_2006-6-09_22-24-40
2179,file,/umms-kdiba/Data/Output/collected_outputs/figures/_temp_individual_posteriors/2026-09-16/gor01_two_2006-6-09_22-24-40/ripple/combined/multi/,p_x_given_n[630].png,2026-09-16 21:03:19+00:00,3225,gor01_two_2006-6-09_22-24-40
2180,file,/umms-kdiba/Data/Output/collected_outputs/figures/_temp_individual_posteriors/2026-09-16/gor01_two_2006-6-09_22-24-40/ripple/combined/multi/,p_x_given_n[631].png,2026-09-16 21:03:19+00:00,8376,gor01_two_2006-6-09_22-24-40
2181,file,/umms-kdiba/Data/Output/collected_outputs/figures/_temp_individual_posteriors/2026-09-16/gor01_two_2006-6-09_22-24-40/ripple/combined/multi/,p_x_given_n[632].png,2026-09-16 21:03:19+00:00,19833,gor01_two_2006-6-09_22-24-40
2182,file,/umms-kdiba/Data/Output/collected_outputs/figures/_temp_individual_posteriors/2026-09-16/gor01_two_2006-6-09_22-24-40/ripple/combined/multi/,p_x_given_n[633].png,2026-09-16 21:03:19+00:00,19920,gor01_two_2006-6-09_22-24-40
2183,file,/umms-kdiba/Data/Output/collected_outputs/figures/_temp_individual_posteriors/2026-09-16/gor01_two_2006-6-09_22-24-40/ripple/combined/multi/,p_x_given_n[634].png,2026-09-16 21:03:19+00:00,10112,gor01_two_2006-6-09_22-24-40
2184,file,/umms-kdiba/Data/Output/collected_outputs/figures/_temp_individual_posteriors/2026-09-16/gor01_two_2006-6-09_22-24-40/ripple/combined/multi/,p_x_given_n[635].png,2026-09-16 21:03:19+00:00,4179,gor01_two_2006-6-09_22-24-40
2185,file,/umms-kdiba/Data/Output/collected_outputs/figures/_temp_individual_posteriors/2026-09-16/gor01_two_2006-6-09_22-24-40/ripple/combined/multi/,p_x_given_n[636].png,2026-09-16 21:03:19+00:00,16994,gor01_two_2006-6-09_22-24-40
2186,file,/umms-kdiba/Data/Output/collected_outputs/figures/_temp_individual_posteriors/2026-09-16/gor01_two_2006-6-09_22-24-40/ripple/combined/multi/,p_x_given_n[637].png,2026-09-16 21:03:19+00:00,12730,gor01_two_2006-6-09_22-24-40
2187,file,/umms-kdiba/Data/Output/collected_outputs/figures/_temp_individual_posteriors/2026-09-16/gor01_two_2006-6-09_22-24-40/ripple/combined/multi/,p_x_given_n[638].png,2026-09-16 21:03:19+00:00,19939,gor01_two_2006-6-09_22-24-40
2188,file,/umms-kdiba/Data/Output/collected_outputs/figures/_temp_individual_posteriors/2026-09-16/gor01_two_2006-6-09_22-24-40/ripple/combined/multi/,p_x_given_n[639].png,2026-09-16 21:03:19+00:00,9605,gor01_two_2006-6-09_22-24-40
2189,file,/umms-kdiba/Data/Output/collected_outputs/figures/_temp_individual_posteriors/2026-09-16/gor01_two_2006-6-09_22-24-40/ripple/combined/multi/,p_x_given_n[641].png,2026-09-16 21:03:19+00:00,3676,gor01_two_2006-6-09_22-24-40
2190,file,/umms-kdiba/Data/Output/collected_outputs/figures/_temp_individual_posteriors/2026-09-16/gor01_two_2006-6-09_22-24-40/ripple/combined/multi/,p_x_given_n[642].png,2026-09-16 21:03:19+00:00,12506,gor01_two_2006-6-09_22-24-40
2191,file,/umms-kdiba/Data/Output/collected_outputs/figures/_temp_individual_posteriors/2026-09-16/gor01_two_2006-6-09_22-24-40/ripple/combined/multi/,p_x_given_n[643].png,2026-09-16 21:03:19+00:00,14040,gor01_two_2006-6-09_22-24-40
2192,file,/umms-kdiba/Data/Output/collected_outputs/figures/_temp_individual_posteriors/2026-09-16/gor01_two_2006-6-09_22-24-40/ripple/combined/multi/,p_x_given_n[644].png,2026-09-16 21:03:19+00:00,6823,gor01_two_2006-6-09_22-24-40
2193,file,/umms-kdiba/Data/Output/collected_outputs/figures/_temp_individual_posteriors/2026-09-16/gor01_two_2006-6-09_22-24-40/ripple/combined/multi/,p_x_given_n[645].png,2026-09-16 21:03:19+00:00,3760,gor01_two_2006-6-09_22-24-40
2194,file,/umms-kdiba/Data/Output/collected_outputs/figures/_temp_individual_posteriors/2026-09-16/gor01_two_2006-6-09_22-24-40/ripple/combined/multi/,p_x_given_n[646].png,2026-09-16 21:03:19+00:00,6774,gor01_two_2006-6-09_22-24-40
2195,file,/umms-kdiba/Data/Output/collected_outputs/figures/_temp_individual_posteriors/2026-09-16/gor01_two_2006-6-09_22-24-40/ripple/combined/multi/,p_x_given_n[647].png,2026-09-16 21:03:19+00:00,3578,gor01_two_2006-6-09_22-24-40
2196,file,/umms-kdiba/Data/Output/collected_outputs/figures/_temp_individual_posteriors/2026-09-16/gor01_two_2006-6-09_22-24-40/ripple/combined/multi/,p_x_given_n[648].png,2026-09-16 21:03:19+00:00,11697,gor01_two_2006-6-09_22-24-40
2197,file,/umms-kdiba/Data/Output/collected_outputs/figures/_temp_individual_posteriors/2026-09-16/gor01_two_2006-6-09_22-24-40/ripple/combined/multi/,p_x_given_n[649].png,2026-09-16 21:03:19+00:00,11104,gor01_two_2006-6-09_22-24-40
2198,file,/umms-kdiba/Data/Output/collected_outputs/figures/_temp_individual_posteriors/2026-09-16/gor01_two_2006-6-09_22-24-40/ripple/combined/multi/,p_x_given_n[650].png,2026-09-16 21:03:19+00:00,12436,gor01_two_2006-6-09_22-24-40
2199,file,/umms-kdiba/Data/Output/collected_outputs/figures/_temp_individual_posteriors/2026-09-16/gor01_two_2006-6-09_22-24-40/ripple/combined/multi/,p_x_given_n[651].png,2026-09-16 21:03:19+00:00,8662,gor01_two_2006-6-09_22-24-40
2200,file,/umms-kdiba/Data/Output/collected_outputs/figures/_temp_individual_posteriors/2026-09-16/gor01_two_2006-6-09_22-24-40/ripple/combined/multi/,p_x_given_n[652].png,2026-09-16 21:03:19+00:00,16168,gor01_two_2006-6-09_22-24-40
2201,file,/umms-kdiba/Data/Output/collected_outputs/figures/_temp_individual_posteriors/2026-09-16/gor01_two_2006-6-09_22-24-40/ripple/combined/multi/,p_x_given_n[653].png,2026-09-16 21:03:19+00:00,17909,gor01_two_2006-6-09_22-24-40
2202,file,/umms-kdiba/Data/Output/collected_outputs/figures/_temp_individual_posteriors/2026-09-16/gor01_two_2006-6-09_22-24-40/ripple/combined/multi/,p_x_given_n[654].png,2026-09-16 21:03:19+00:00,16333,gor01_two_2006-6-09_22-24-40
2203,file,/umms-kdiba/Data/Output/collected_outputs/figures/_temp_individual_posteriors/2026-09-16/gor01_two_2006-6-09_22-24-40/ripple/combined/multi/,p_x_given_n[655].png,2026-09-16 21:03:19+00:00,6387,gor01_two_2006-6-09_22-24-40
2204,file,/umms-kdiba/Data/Output/collected_outputs/figures/_temp_individual_posteriors/2026-09-16/gor01_two_2006-6-09_22-24-40/ripple/combined/multi/,p_x_given_n[656].png,2026-09-16 21:03:19+00:00,6805,gor01_two_2006-6-09_22-24-40
2205,file,/umms-kdiba/Data/Output/collected_outputs/figures/_temp_individual_posteriors/2026-09-16/gor01_two_2006-6-09_22-24-40/ripple/combined/multi/,p_x_given_n[657].png,2026-09-16 21:03:19+00:00,22767,gor01_two_2006-6-09_22-24-40
2206,file,/umms-kdiba/Data/Output/collected_outputs/figures/_temp_individual_posteriors/2026-09-16/gor01_two_2006-6-09_22-24-40/ripple/combined/multi/,p_x_given_n[560].png,2026-09-16 21:03:18+00:00,16332,gor01_two_2006-6-09_22-24-40
2207,file,/umms-kdiba/Data/Output/collected_outputs/figures/_temp_individual_posteriors/2026-09-16/gor01_two_2006-6-09_22-24-40/ripple/combined/multi/,p_x_given_n[561].png,2026-09-16 21:03:18+00:00,11890,gor01_two_2006-6-09_22-24-40
2208,file,/umms-kdiba/Data/Output/collected_outputs/figures/_temp_individual_posteriors/2026-09-16/gor01_two_2006-6-09_22-24-40/ripple/combined/multi/,p_x_given_n[562].png,2026-09-16 21:03:18+00:00,14152,gor01_two_2006-6-09_22-24-40
2209,file,/umms-kdiba/Data/Output/collected_outputs/figures/_temp_individual_posteriors/2026-09-16/gor01_two_2006-6-09_22-24-40/ripple/combined/multi/,p_x_given_n[563].png,2026-09-16 21:03:18+00:00,6119,gor01_two_2006-6-09_22-24-40
2210,file,/umms-kdiba/Data/Output/collected_outputs/figures/_temp_individual_posteriors/2026-09-16/gor01_two_2006-6-09_22-24-40/ripple/combined/multi/,p_x_given_n[564].png,2026-09-16 21:03:18+00:00,9667,gor01_two_2006-6-09_22-24-40
2211,file,/umms-kdiba/Data/Output/collected_outputs/figures/_temp_individual_posteriors/2026-09-16/gor01_two_2006-6-09_22-24-40/ripple/combined/multi/,p_x_given_n[565].png,2026-09-16 21:03:18+00:00,20491,gor01_two_2006-6-09_22-24-40
2212,file,/umms-kdiba/Data/Output/collected_outputs/figures/_temp_individual_posteriors/2026-09-16/gor01_two_2006-6-09_22-24-40/ripple/combined/multi/,p_x_given_n[566].png,2026-09-16 21:03:18+00:00,4037,gor01_two_2006-6-09_22-24-40
2213,file,/umms-kdiba/Data/Output/collected_outputs/figures/_temp_individual_posteriors/2026-09-16/gor01_two_2006-6-09_22-24-40/ripple/combined/multi/,p_x_given_n[567].png,2026-09-16 21:03:18+00:00,16219,gor01_two_2006-6-09_22-24-40
2214,file,/umms-kdiba/Data/Output/collected_outputs/figures/_temp_individual_posteriors/2026-09-16/gor01_two_2006-6-09_22-24-40/ripple/combined/multi/,p_x_given_n[568].png,2026-09-16 21:03:18+00:00,21146,gor01_two_2006-6-09_22-24-40
2215,file,/umms-kdiba/Data/Output/collected_outputs/figures/_temp_individual_posteriors/2026-09-16/gor01_two_2006-6-09_22-24-40/ripple/combined/multi/,p_x_given_n[570].png,2026-09-16 21:03:18+00:00,3725,gor01_two_2006-6-09_22-24-40
2216,file,/umms-kdiba/Data/Output/collected_outputs/figures/_temp_individual_posteriors/2026-09-16/gor01_two_2006-6-09_22-24-40/ripple/combined/multi/,p_x_given_n[571].png,2026-09-16 21:03:18+00:00,14480,gor01_two_2006-6-09_22-24-40
2217,file,/umms-kdiba/Data/Output/collected_outputs/figures/_temp_individual_posteriors/2026-09-16/gor01_two_2006-6-09_22-24-40/ripple/combined/multi/,p_x_given_n[572].png,2026-09-16 21:03:18+00:00,16567,gor01_two_2006-6-09_22-24-40
2218,file,/umms-kdiba/Data/Output/collected_outputs/figures/_temp_individual_posteriors/2026-09-16/gor01_two_2006-6-09_22-24-40/ripple/combined/multi/,p_x_given_n[573].png,2026-09-16 21:03:18+00:00,6731,gor01_two_2006-6-09_22-24-40
2219,file,/umms-kdiba/Data/Output/collected_outputs/figures/_temp_individual_posteriors/2026-09-16/gor01_two_2006-6-09_22-24-40/ripple/combined/multi/,p_x_given_n[574].png,2026-09-16 21:03:18+00:00,2707,gor01_two_2006-6-09_22-24-40
2220,file,/umms-kdiba/Data/Output/collected_outputs/figures/_temp_individual_posteriors/2026-09-16/gor01_two_2006-6-09_22-24-40/ripple/combined/multi/,p_x_given_n[575].png,2026-09-16 21:03:18+00:00,10204,gor01_two_2006-6-09_22-24-40
2221,file,/umms-kdiba/Data/Output/collected_outputs/figures/_temp_individual_posteriors/2026-09-16/gor01_two_2006-6-09_22-24-40/ripple/combined/multi/,p_x_given_n[576].png,2026-09-16 21:03:18+00:00,16930,gor01_two_2006-6-09_22-24-40
2222,file,/umms-kdiba/Data/Output/collected_outputs/figures/_temp_individual_posteriors/2026-09-16/gor01_two_2006-6-09_22-24-40/ripple/combined/multi/,p_x_given_n[577].png,2026-09-16 21:03:18+00:00,9260,gor01_two_2006-6-09_22-24-40
2223,file,/umms-kdiba/Data/Output/collected_outputs/figures/_temp_individual_posteriors/2026-09-16/gor01_two_2006-6-09_22-24-40/ripple/combined/multi/,p_x_given_n[578].png,2026-09-16 21:03:18+00:00,16154,gor01_two_2006-6-09_22-24-40
2224,file,/umms-kdiba/Data/Output/collected_outputs/figures/_temp_individual_posteriors/2026-09-16/gor01_two_2006-6-09_22-24-40/ripple/combined/multi/,p_x_given_n[579].png,2026-09-16 21:03:18+00:00,13743,gor01_two_2006-6-09_22-24-40
2225,file,/umms-kdiba/Data/Output/collected_outputs/figures/_temp_individual_posteriors/2026-09-16/gor01_two_2006-6-09_22-24-40/ripple/combined/multi/,p_x_given_n[580].png,2026-09-16 21:03:18+00:00,3483,gor01_two_2006-6-09_22-24-40
2226,file,/umms-kdiba/Data/Output/collected_outputs/figures/_temp_individual_posteriors/2026-09-16/gor01_two_2006-6-09_22-24-40/ripple/combined/multi/,p_x_given_n[581].png,2026-09-16 21:03:18+00:00,11110,gor01_two_2006-6-09_22-24-40
2227,file,/umms-kdiba/Data/Output/collected_outputs/figures/_temp_individual_posteriors/2026-09-16/gor01_two_2006-6-09_22-24-40/ripple/combined/multi/,p_x_given_n[582].png,2026-09-16 21:03:18+00:00,13562,gor01_two_2006-6-09_22-24-40
2228,file,/umms-kdiba/Data/Output/collected_outputs/figures/_temp_individual_posteriors/2026-09-16/gor01_two_2006-6-09_22-24-40/ripple/combined/multi/,p_x_given_n[583].png,2026-09-16 21:03:18+00:00,3201,gor01_two_2006-6-09_22-24-40
2229,file,/umms-kdiba/Data/Output/collected_outputs/figures/_temp_individual_posteriors/2026-09-16/gor01_two_2006-6-09_22-24-40/ripple/combined/multi/,p_x_given_n[584].png,2026-09-16 21:03:18+00:00,16880,gor01_two_2006-6-09_22-24-40
2230,file,/umms-kdiba/Data/Output/collected_outputs/figures/_temp_individual_posteriors/2026-09-16/gor01_two_2006-6-09_22-24-40/ripple/combined/multi/,p_x_given_n[585].png,2026-09-16 21:03:18+00:00,8690,gor01_two_2006-6-09_22-24-40
2231,file,/umms-kdiba/Data/Output/collected_outputs/figures/_temp_individual_posteriors/2026-09-16/gor01_two_2006-6-09_22-24-40/ripple/combined/multi/,p_x_given_n[586].png,2026-09-16 21:03:18+00:00,17370,gor01_two_2006-6-09_22-24-40
2232,file,/umms-kdiba/Data/Output/collected_outputs/figures/_temp_individual_posteriors/2026-09-16/gor01_two_2006-6-09_22-24-40/ripple/combined/multi/,p_x_given_n[587].png,2026-09-16 21:03:18+00:00,7275,gor01_two_2006-6-09_22-24-40
2233,file,/umms-kdiba/Data/Output/collected_outputs/figures/_temp_individual_posteriors/2026-09-16/gor01_two_2006-6-09_22-24-40/ripple/combined/multi/,p_x_given_n[588].png,2026-09-16 21:03:18+00:00,15747,gor01_two_2006-6-09_22-24-40
2234,file,/umms-kdiba/Data/Output/collected_outputs/figures/_temp_individual_posteriors/2026-09-16/gor01_two_2006-6-09_22-24-40/ripple/combined/multi/,p_x_given_n[589].png,2026-09-16 21:03:18+00:00,15777,gor01_two_2006-6-09_22-24-40
2235,file,/umms-kdiba/Data/Output/collected_outputs/figures/_temp_individual_posteriors/2026-09-16/gor01_two_2006-6-09_22-24-40/ripple/combined/multi/,p_x_given_n[590].png,2026-09-16 21:03:18+00:00,12186,gor01_two_2006-6-09_22-24-40
2236,file,/umms-kdiba/Data/Output/collected_outputs/figures/_temp_individual_posteriors/2026-09-16/gor01_two_2006-6-09_22-24-40/ripple/combined/multi/,p_x_given_n[591].png,2026-09-16 21:03:18+00:00,17496,gor01_two_2006-6-09_22-24-40
2237,file,/umms-kdiba/Data/Output/collected_outputs/figures/_temp_individual_posteriors/2026-09-16/gor01_two_2006-6-09_22-24-40/ripple/combined/multi/,p_x_given_n[592].png,2026-09-16 21:03:18+00:00,21162,gor01_two_2006-6-09_22-24-40
2238,file,/umms-kdiba/Data/Output/collected_outputs/figures/_temp_individual_posteriors/2026-09-16/gor01_two_2006-6-09_22-24-40/ripple/combined/multi/,p_x_given_n[593].png,2026-09-16 21:03:18+00:00,3136,gor01_two_2006-6-09_22-24-40
2239,file,/umms-kdiba/Data/Output/collected_outputs/figures/_temp_individual_posteriors/2026-09-16/gor01_two_2006-6-09_22-24-40/ripple/combined/multi/,p_x_given_n[594].png,2026-09-16 21:03:18+00:00,15173,gor01_two_2006-6-09_22-24-40
2240,file,/umms-kdiba/Data/Output/collected_outputs/figures/_temp_individual_posteriors/2026-09-16/gor01_two_2006-6-09_22-24-40/ripple/combined/multi/,p_x_given_n[595].png,2026-09-16 21:03:18+00:00,6421,gor01_two_2006-6-09_22-24-40
2241,file,/umms-kdiba/Data/Output/collected_outputs/figures/_temp_individual_posteriors/2026-09-16/gor01_two_2006-6-09_22-24-40/ripple/combined/multi/,p_x_given_n[596].png,2026-09-16 21:03:18+00:00,3317,gor01_two_2006-6-09_22-24-40
2242,file,/umms-kdiba/Data/Output/collected_outputs/figures/_temp_individual_posteriors/2026-09-16/gor01_two_2006-6-09_22-24-40/ripple/combined/multi/,p_x_given_n[597].png,2026-09-16 21:03:18+00:00,18140,gor01_two_2006-6-09_22-24-40
2243,file,/umms-kdiba/Data/Output/collected_outputs/figures/_temp_individual_posteriors/2026-09-16/gor01_two_2006-6-09_22-24-40/ripple/combined/multi/,p_x_given_n[598].png,2026-09-16 21:03:18+00:00,21287,gor01_two_2006-6-09_22-24-40
2244,file,/umms-kdiba/Data/Output/collected_outputs/figures/_temp_individual_posteriors/2026-09-16/gor01_two_2006-6-09_22-24-40/ripple/combined/multi/,p_x_given_n[599].png,2026-09-16 21:03:18+00:00,15287,gor01_two_2006-6-09_22-24-40
2245,file,/umms-kdiba/Data/Output/collected_outputs/figures/_temp_individual_posteriors/2026-09-16/gor01_two_2006-6-09_22-24-40/ripple/combined/multi/,p_x_given_n[600].png,2026-09-16 21:03:18+00:00,16519,gor01_two_2006-6-09_22-24-40
2246,file,/umms-kdiba/Data/Output/collected_outputs/figures/_temp_individual_posteriors/2026-09-16/gor01_two_2006-6-09_22-24-40/ripple/combined/multi/,p_x_given_n[601].png,2026-09-16 21:03:18+00:00,4018,gor01_two_2006-6-09_22-24-40
2247,file,/umms-kdiba/Data/Output/collected_outputs/figures/_temp_individual_posteriors/2026-09-16/gor01_two_2006-6-09_22-24-40/ripple/combined/multi/,p_x_given_n[602].png,2026-09-16 21:03:18+00:00,16225,gor01_two_2006-6-09_22-24-40
2248,file,/umms-kdiba/Data/Output/collected_outputs/figures/_temp_individual_posteriors/2026-09-16/gor01_two_2006-6-09_22-24-40/ripple/combined/multi/,p_x_given_n[604].png,2026-09-16 21:03:18+00:00,4438,gor01_two_2006-6-09_22-24-40
2249,file,/umms-kdiba/Data/Output/collected_outputs/figures/_temp_individual_posteriors/2026-09-16/gor01_two_2006-6-09_22-24-40/ripple/combined/multi/,p_x_given_n[605].png,2026-09-16 21:03:18+00:00,24549,gor01_two_2006-6-09_22-24-40
2250,file,/umms-kdiba/Data/Output/collected_outputs/figures/_temp_individual_posteriors/2026-09-16/gor01_two_2006-6-09_22-24-40/ripple/combined/multi/,p_x_given_n[606].png,2026-09-16 21:03:18+00:00,18267,gor01_two_2006-6-09_22-24-40
2251,file,/umms-kdiba/Data/Output/collected_outputs/figures/_temp_individual_posteriors/2026-09-16/gor01_two_2006-6-09_22-24-40/ripple/combined/multi/,p_x_given_n[511].png,2026-09-16 21:03:17+00:00,12496,gor01_two_2006-6-09_22-24-40
2252,file,/umms-kdiba/Data/Output/collected_outputs/figures/_temp_individual_posteriors/2026-09-16/gor01_two_2006-6-09_22-24-40/ripple/combined/multi/,p_x_given_n[512].png,2026-09-16 21:03:17+00:00,16248,gor01_two_2006-6-09_22-24-40
2253,file,/umms-kdiba/Data/Output/collected_outputs/figures/_temp_individual_posteriors/2026-09-16/gor01_two_2006-6-09_22-24-40/ripple/combined/multi/,p_x_given_n[513].png,2026-09-16 21:03:17+00:00,20694,gor01_two_2006-6-09_22-24-40
2254,file,/umms-kdiba/Data/Output/collected_outputs/figures/_temp_individual_posteriors/2026-09-16/gor01_two_2006-6-09_22-24-40/ripple/combined/multi/,p_x_given_n[514].png,2026-09-16 21:03:17+00:00,18061,gor01_two_2006-6-09_22-24-40
2255,file,/umms-kdiba/Data/Output/collected_outputs/figures/_temp_individual_posteriors/2026-09-16/gor01_two_2006-6-09_22-24-40/ripple/combined/multi/,p_x_given_n[515].png,2026-09-16 21:03:17+00:00,18153,gor01_two_2006-6-09_22-24-40
2256,file,/umms-kdiba/Data/Output/collected_outputs/figures/_temp_individual_posteriors/2026-09-16/gor01_two_2006-6-09_22-24-40/ripple/combined/multi/,p_x_given_n[516].png,2026-09-16 21:03:17+00:00,17268,gor01_two_2006-6-09_22-24-40
2257,file,/umms-kdiba/Data/Output/collected_outputs/figures/_temp_individual_posteriors/2026-09-16/gor01_two_2006-6-09_22-24-40/ripple/combined/multi/,p_x_given_n[517].png,2026-09-16 21:03:17+00:00,12027,gor01_two_2006-6-09_22-24-40
2258,file,/umms-kdiba/Data/Output/collected_outputs/figures/_temp_individual_posteriors/2026-09-16/gor01_two_2006-6-09_22-24-40/ripple/combined/multi/,p_x_given_n[518].png,2026-09-16 21:03:17+00:00,10407,gor01_two_2006-6-09_22-24-40
2259,file,/umms-kdiba/Data/Output/collected_outputs/figures/_temp_individual_posteriors/2026-09-16/gor01_two_2006-6-09_22-24-40/ripple/combined/multi/,p_x_given_n[519].png,2026-09-16 21:03:17+00:00,14782,gor01_two_2006-6-09_22-24-40
2260,file,/umms-kdiba/Data/Output/collected_outputs/figures/_temp_individual_posteriors/2026-09-16/gor01_two_2006-6-09_22-24-40/ripple/combined/multi/,p_x_given_n[520].png,2026-09-16 21:03:17+00:00,7869,gor01_two_2006-6-09_22-24-40
2261,file,/umms-kdiba/Data/Output/collected_outputs/figures/_temp_individual_posteriors/2026-09-16/gor01_two_2006-6-09_22-24-40/ripple/combined/multi/,p_x_given_n[521].png,2026-09-16 21:03:17+00:00,12392,gor01_two_2006-6-09_22-24-40
2262,file,/umms-kdiba/Data/Output/collected_outputs/figures/_temp_individual_posteriors/2026-09-16/gor01_two_2006-6-09_22-24-40/ripple/combined/multi/,p_x_given_n[522].png,2026-09-16 21:03:17+00:00,13724,gor01_two_2006-6-09_22-24-40
2263,file,/umms-kdiba/Data/Output/collected_outputs/figures/_temp_individual_posteriors/2026-09-16/gor01_two_2006-6-09_22-24-40/ripple/combined/multi/,p_x_given_n[523].png,2026-09-16 21:03:17+00:00,3709,gor01_two_2006-6-09_22-24-40
2264,file,/umms-kdiba/Data/Output/collected_outputs/figures/_temp_individual_posteriors/2026-09-16/gor01_two_2006-6-09_22-24-40/ripple/combined/multi/,p_x_given_n[524].png,2026-09-16 21:03:17+00:00,10069,gor01_two_2006-6-09_22-24-40
2265,file,/umms-kdiba/Data/Output/collected_outputs/figures/_temp_individual_posteriors/2026-09-16/gor01_two_2006-6-09_22-24-40/ripple/combined/multi/,p_x_given_n[525].png,2026-09-16 21:03:17+00:00,6385,gor01_two_2006-6-09_22-24-40
2266,file,/umms-kdiba/Data/Output/collected_outputs/figures/_temp_individual_posteriors/2026-09-16/gor01_two_2006-6-09_22-24-40/ripple/combined/multi/,p_x_given_n[526].png,2026-09-16 21:03:17+00:00,7184,gor01_two_2006-6-09_22-24-40
2267,file,/umms-kdiba/Data/Output/collected_outputs/figures/_temp_individual_posteriors/2026-09-16/gor01_two_2006-6-09_22-24-40/ripple/combined/multi/,p_x_given_n[527].png,2026-09-16 21:03:17+00:00,10748,gor01_two_2006-6-09_22-24-40
2268,file,/umms-kdiba/Data/Output/collected_outputs/figures/_temp_individual_posteriors/2026-09-16/gor01_two_2006-6-09_22-24-40/ripple/combined/multi/,p_x_given_n[528].png,2026-09-16 21:03:17+00:00,13215,gor01_two_2006-6-09_22-24-40
2269,file,/umms-kdiba/Data/Output/collected_outputs/figures/_temp_individual_posteriors/2026-09-16/gor01_two_2006-6-09_22-24-40/ripple/combined/multi/,p_x_given_n[529].png,2026-09-16 21:03:17+00:00,14335,gor01_two_2006-6-09_22-24-40
2270,file,/umms-kdiba/Data/Output/collected_outputs/figures/_temp_individual_posteriors/2026-09-16/gor01_two_2006-6-09_22-24-40/ripple/combined/multi/,p_x_given_n[530].png,2026-09-16 21:03:17+00:00,15536,gor01_two_2006-6-09_22-24-40
2271,file,/umms-kdiba/Data/Output/collected_outputs/figures/_temp_individual_posteriors/2026-09-16/gor01_two_2006-6-09_22-24-40/ripple/combined/multi/,p_x_given_n[531].png,2026-09-16 21:03:17+00:00,12341,gor01_two_2006-6-09_22-24-40
2272,file,/umms-kdiba/Data/Output/collected_outputs/figures/_temp_individual_posteriors/2026-09-16/gor01_two_2006-6-09_22-24-40/ripple/combined/multi/,p_x_given_n[533].png,2026-09-16 21:03:17+00:00,15100,gor01_two_2006-6-09_22-24-40
2273,file,/umms-kdiba/Data/Output/collected_outputs/figures/_temp_individual_posteriors/2026-09-16/gor01_two_2006-6-09_22-24-40/ripple/combined/multi/,p_x_given_n[534].png,2026-09-16 21:03:17+00:00,16039,gor01_two_2006-6-09_22-24-40
2274,file,/umms-kdiba/Data/Output/collected_outputs/figures/_temp_individual_posteriors/2026-09-16/gor01_two_2006-6-09_22-24-40/ripple/combined/multi/,p_x_given_n[535].png,2026-09-16 21:03:17+00:00,10974,gor01_two_2006-6-09_22-24-40
2275,file,/umms-kdiba/Data/Output/collected_outputs/figures/_temp_individual_posteriors/2026-09-16/gor01_two_2006-6-09_22-24-40/ripple/combined/multi/,p_x_given_n[536].png,2026-09-16 21:03:17+00:00,14808,gor01_two_2006-6-09_22-24-40
2276,file,/umms-kdiba/Data/Output/collected_outputs/figures/_temp_individual_posteriors/2026-09-16/gor01_two_2006-6-09_22-24-40/ripple/combined/multi/,p_x_given_n[537].png,2026-09-16 21:03:17+00:00,9275,gor01_two_2006-6-09_22-24-40
2277,file,/umms-kdiba/Data/Output/collected_outputs/figures/_temp_individual_posteriors/2026-09-16/gor01_two_2006-6-09_22-24-40/ripple/combined/multi/,p_x_given_n[538].png,2026-09-16 21:03:17+00:00,24192,gor01_two_2006-6-09_22-24-40
2278,file,/umms-kdiba/Data/Output/collected_outputs/figures/_temp_individual_posteriors/2026-09-16/gor01_two_2006-6-09_22-24-40/ripple/combined/multi/,p_x_given_n[539].png,2026-09-16 21:03:17+00:00,8395,gor01_two_2006-6-09_22-24-40
2279,file,/umms-kdiba/Data/Output/collected_outputs/figures/_temp_individual_posteriors/2026-09-16/gor01_two_2006-6-09_22-24-40/ripple/combined/multi/,p_x_given_n[540].png,2026-09-16 21:03:17+00:00,16738,gor01_two_2006-6-09_22-24-40
2280,file,/umms-kdiba/Data/Output/collected_outputs/figures/_temp_individual_posteriors/2026-09-16/gor01_two_2006-6-09_22-24-40/ripple/combined/multi/,p_x_given_n[541].png,2026-09-16 21:03:17+00:00,17586,gor01_two_2006-6-09_22-24-40
2281,file,/umms-kdiba/Data/Output/collected_outputs/figures/_temp_individual_posteriors/2026-09-16/gor01_two_2006-6-09_22-24-40/ripple/combined/multi/,p_x_given_n[542].png,2026-09-16 21:03:17+00:00,6829,gor01_two_2006-6-09_22-24-40
2282,file,/umms-kdiba/Data/Output/collected_outputs/figures/_temp_individual_posteriors/2026-09-16/gor01_two_2006-6-09_22-24-40/ripple/combined/multi/,p_x_given_n[543].png,2026-09-16 21:03:17+00:00,12574,gor01_two_2006-6-09_22-24-40
2283,file,/umms-kdiba/Data/Output/collected_outputs/figures/_temp_individual_posteriors/2026-09-16/gor01_two_2006-6-09_22-24-40/ripple/combined/multi/,p_x_given_n[544].png,2026-09-16 21:03:17+00:00,13052,gor01_two_2006-6-09_22-24-40
2284,file,/umms-kdiba/Data/Output/collected_outputs/figures/_temp_individual_posteriors/2026-09-16/gor01_two_2006-6-09_22-24-40/ripple/combined/multi/,p_x_given_n[545].png,2026-09-16 21:03:17+00:00,16946,gor01_two_2006-6-09_22-24-40
2285,file,/umms-kdiba/Data/Output/collected_outputs/figures/_temp_individual_posteriors/2026-09-16/gor01_two_2006-6-09_22-24-40/ripple/combined/multi/,p_x_given_n[546].png,2026-09-16 21:03:17+00:00,14969,gor01_two_2006-6-09_22-24-40
2286,file,/umms-kdiba/Data/Output/collected_outputs/figures/_temp_individual_posteriors/2026-09-16/gor01_two_2006-6-09_22-24-40/ripple/combined/multi/,p_x_given_n[547].png,2026-09-16 21:03:17+00:00,16919,gor01_two_2006-6-09_22-24-40
2287,file,/umms-kdiba/Data/Output/collected_outputs/figures/_temp_individual_posteriors/2026-09-16/gor01_two_2006-6-09_22-24-40/ripple/combined/multi/,p_x_given_n[548].png,2026-09-16 21:03:17+00:00,7241,gor01_two_2006-6-09_22-24-40
2288,file,/umms-kdiba/Data/Output/collected_outputs/figures/_temp_individual_posteriors/2026-09-16/gor01_two_2006-6-09_22-24-40/ripple/combined/multi/,p_x_given_n[549].png,2026-09-16 21:03:17+00:00,8467,gor01_two_2006-6-09_22-24-40
2289,file,/umms-kdiba/Data/Output/collected_outputs/figures/_temp_individual_posteriors/2026-09-16/gor01_two_2006-6-09_22-24-40/ripple/combined/multi/,p_x_given_n[550].png,2026-09-16 21:03:17+00:00,6209,gor01_two_2006-6-09_22-24-40
2290,file,/umms-kdiba/Data/Output/collected_outputs/figures/_temp_individual_posteriors/2026-09-16/gor01_two_2006-6-09_22-24-40/ripple/combined/multi/,p_x_given_n[551].png,2026-09-16 21:03:17+00:00,3758,gor01_two_2006-6-09_22-24-40
2291,file,/umms-kdiba/Data/Output/collected_outputs/figures/_temp_individual_posteriors/2026-09-16/gor01_two_2006-6-09_22-24-40/ripple/combined/multi/,p_x_given_n[552].png,2026-09-16 21:03:17+00:00,18127,gor01_two_2006-6-09_22-24-40
2292,file,/umms-kdiba/Data/Output/collected_outputs/figures/_temp_individual_posteriors/2026-09-16/gor01_two_2006-6-09_22-24-40/ripple/combined/multi/,p_x_given_n[553].png,2026-09-16 21:03:17+00:00,12996,gor01_two_2006-6-09_22-24-40
2293,file,/umms-kdiba/Data/Output/collected_outputs/figures/_temp_individual_posteriors/2026-09-16/gor01_two_2006-6-09_22-24-40/ripple/combined/multi/,p_x_given_n[554].png,2026-09-16 21:03:17+00:00,6501,gor01_two_2006-6-09_22-24-40
2294,file,/umms-kdiba/Data/Output/collected_outputs/figures/_temp_individual_posteriors/2026-09-16/gor01_two_2006-6-09_22-24-40/ripple/combined/multi/,p_x_given_n[555].png,2026-09-16 21:03:17+00:00,8960,gor01_two_2006-6-09_22-24-40
2295,file,/umms-kdiba/Data/Output/collected_outputs/figures/_temp_individual_posteriors/2026-09-16/gor01_two_2006-6-09_22-24-40/ripple/combined/multi/,p_x_given_n[558].png,2026-09-16 21:03:17+00:00,12330,gor01_two_2006-6-09_22-24-40
2296,file,/umms-kdiba/Data/Output/collected_outputs/figures/_temp_individual_posteriors/2026-09-16/gor01_two_2006-6-09_22-24-40/ripple/combined/multi/,p_x_given_n[559].png,2026-09-16 21:03:17+00:00,10385,gor01_two_2006-6-09_22-24-40
2297,file,/umms-kdiba/Data/Output/collected_outputs/figures/_temp_individual_posteriors/2026-09-16/gor01_two_2006-6-09_22-24-40/ripple/combined/multi/,p_x_given_n[465].png,2026-09-16 21:03:16+00:00,9721,gor01_two_2006-6-09_22-24-40
2298,file,/umms-kdiba/Data/Output/collected_outputs/figures/_temp_individual_posteriors/2026-09-16/gor01_two_2006-6-09_22-24-40/ripple/combined/multi/,p_x_given_n[466].png,2026-09-16 21:03:16+00:00,16838,gor01_two_2006-6-09_22-24-40
2299,file,/umms-kdiba/Data/Output/collected_outputs/figures/_temp_individual_posteriors/2026-09-16/gor01_two_2006-6-09_22-24-40/ripple/combined/multi/,p_x_given_n[467].png,2026-09-16 21:03:16+00:00,6646,gor01_two_2006-6-09_22-24-40
2300,file,/umms-kdiba/Data/Output/collected_outputs/figures/_temp_individual_posteriors/2026-09-16/gor01_two_2006-6-09_22-24-40/ripple/combined/multi/,p_x_given_n[468].png,2026-09-16 21:03:16+00:00,15512,gor01_two_2006-6-09_22-24-40
2301,file,/umms-kdiba/Data/Output/collected_outputs/figures/_temp_individual_posteriors/2026-09-16/gor01_two_2006-6-09_22-24-40/ripple/combined/multi/,p_x_given_n[469].png,2026-09-16 21:03:16+00:00,18085,gor01_two_2006-6-09_22-24-40
2302,file,/umms-kdiba/Data/Output/collected_outputs/figures/_temp_individual_posteriors/2026-09-16/gor01_two_2006-6-09_22-24-40/ripple/combined/multi/,p_x_given_n[470].png,2026-09-16 21:03:16+00:00,9761,gor01_two_2006-6-09_22-24-40
2303,file,/umms-kdiba/Data/Output/collected_outputs/figures/_temp_individual_posteriors/2026-09-16/gor01_two_2006-6-09_22-24-40/ripple/combined/multi/,p_x_given_n[471].png,2026-09-16 21:03:16+00:00,18796,gor01_two_2006-6-09_22-24-40
2304,file,/umms-kdiba/Data/Output/collected_outputs/figures/_temp_individual_posteriors/2026-09-16/gor01_two_2006-6-09_22-24-40/ripple/combined/multi/,p_x_given_n[472].png,2026-09-16 21:03:16+00:00,12173,gor01_two_2006-6-09_22-24-40
2305,file,/umms-kdiba/Data/Output/collected_outputs/figures/_temp_individual_posteriors/2026-09-16/gor01_two_2006-6-09_22-24-40/ripple/combined/multi/,p_x_given_n[474].png,2026-09-16 21:03:16+00:00,16665,gor01_two_2006-6-09_22-24-40
2306,file,/umms-kdiba/Data/Output/collected_outputs/figures/_temp_individual_posteriors/2026-09-16/gor01_two_2006-6-09_22-24-40/ripple/combined/multi/,p_x_given_n[475].png,2026-09-16 21:03:16+00:00,3756,gor01_two_2006-6-09_22-24-40
2307,file,/umms-kdiba/Data/Output/collected_outputs/figures/_temp_individual_posteriors/2026-09-16/gor01_two_2006-6-09_22-24-40/ripple/combined/multi/,p_x_given_n[476].png,2026-09-16 21:03:16+00:00,17375,gor01_two_2006-6-09_22-24-40
2308,file,/umms-kdiba/Data/Output/collected_outputs/figures/_temp_individual_posteriors/2026-09-16/gor01_two_2006-6-09_22-24-40/ripple/combined/multi/,p_x_given_n[477].png,2026-09-16 21:03:16+00:00,11314,gor01_two_2006-6-09_22-24-40
2309,file,/umms-kdiba/Data/Output/collected_outputs/figures/_temp_individual_posteriors/2026-09-16/gor01_two_2006-6-09_22-24-40/ripple/combined/multi/,p_x_given_n[478].png,2026-09-16 21:03:16+00:00,15983,gor01_two_2006-6-09_22-24-40
2310,file,/umms-kdiba/Data/Output/collected_outputs/figures/_temp_individual_posteriors/2026-09-16/gor01_two_2006-6-09_22-24-40/ripple/combined/multi/,p_x_given_n[479].png,2026-09-16 21:03:16+00:00,10102,gor01_two_2006-6-09_22-24-40
2311,file,/umms-kdiba/Data/Output/collected_outputs/figures/_temp_individual_posteriors/2026-09-16/gor01_two_2006-6-09_22-24-40/ripple/combined/multi/,p_x_given_n[480].png,2026-09-16 21:03:16+00:00,13111,gor01_two_2006-6-09_22-24-40
2312,file,/umms-kdiba/Data/Output/collected_outputs/figures/_temp_individual_posteriors/2026-09-16/gor01_two_2006-6-09_22-24-40/ripple/combined/multi/,p_x_given_n[481].png,2026-09-16 21:03:16+00:00,6290,gor01_two_2006-6-09_22-24-40
2313,file,/umms-kdiba/Data/Output/collected_outputs/figures/_temp_individual_posteriors/2026-09-16/gor01_two_2006-6-09_22-24-40/ripple/combined/multi/,p_x_given_n[482].png,2026-09-16 21:03:16+00:00,6726,gor01_two_2006-6-09_22-24-40
2314,file,/umms-kdiba/Data/Output/collected_outputs/figures/_temp_individual_posteriors/2026-09-16/gor01_two_2006-6-09_22-24-40/ripple/combined/multi/,p_x_given_n[483].png,2026-09-16 21:03:16+00:00,16156,gor01_two_2006-6-09_22-24-40
2315,file,/umms-kdiba/Data/Output/collected_outputs/figures/_temp_individual_posteriors/2026-09-16/gor01_two_2006-6-09_22-24-40/ripple/combined/multi/,p_x_given_n[484].png,2026-09-16 21:03:16+00:00,12789,gor01_two_2006-6-09_22-24-40
2316,file,/umms-kdiba/Data/Output/collected_outputs/figures/_temp_individual_posteriors/2026-09-16/gor01_two_2006-6-09_22-24-40/ripple/combined/multi/,p_x_given_n[485].png,2026-09-16 21:03:16+00:00,18296,gor01_two_2006-6-09_22-24-40
2317,file,/umms-kdiba/Data/Output/collected_outputs/figures/_temp_individual_posteriors/2026-09-16/gor01_two_2006-6-09_22-24-40/ripple/combined/multi/,p_x_given_n[486].png,2026-09-16 21:03:16+00:00,18255,gor01_two_2006-6-09_22-24-40
2318,file,/umms-kdiba/Data/Output/collected_outputs/figures/_temp_individual_posteriors/2026-09-16/gor01_two_2006-6-09_22-24-40/ripple/combined/multi/,p_x_given_n[487].png,2026-09-16 21:03:16+00:00,17457,gor01_two_2006-6-09_22-24-40
2319,file,/umms-kdiba/Data/Output/collected_outputs/figures/_temp_individual_posteriors/2026-09-16/gor01_two_2006-6-09_22-24-40/ripple/combined/multi/,p_x_given_n[488].png,2026-09-16 21:03:16+00:00,16990,gor01_two_2006-6-09_22-24-40
2320,file,/umms-kdiba/Data/Output/collected_outputs/figures/_temp_individual_posteriors/2026-09-16/gor01_two_2006-6-09_22-24-40/ripple/combined/multi/,p_x_given_n[490].png,2026-09-16 21:03:16+00:00,12503,gor01_two_2006-6-09_22-24-40
2321,file,/umms-kdiba/Data/Output/collected_outputs/figures/_temp_individual_posteriors/2026-09-16/gor01_two_2006-6-09_22-24-40/ripple/combined/multi/,p_x_given_n[491].png,2026-09-16 21:03:16+00:00,9013,gor01_two_2006-6-09_22-24-40
2322,file,/umms-kdiba/Data/Output/collected_outputs/figures/_temp_individual_posteriors/2026-09-16/gor01_two_2006-6-09_22-24-40/ripple/combined/multi/,p_x_given_n[492].png,2026-09-16 21:03:16+00:00,16752,gor01_two_2006-6-09_22-24-40
2323,file,/umms-kdiba/Data/Output/collected_outputs/figures/_temp_individual_posteriors/2026-09-16/gor01_two_2006-6-09_22-24-40/ripple/combined/multi/,p_x_given_n[494].png,2026-09-16 21:03:16+00:00,11633,gor01_two_2006-6-09_22-24-40
2324,file,/umms-kdiba/Data/Output/collected_outputs/figures/_temp_individual_posteriors/2026-09-16/gor01_two_2006-6-09_22-24-40/ripple/combined/multi/,p_x_given_n[495].png,2026-09-16 21:03:16+00:00,20976,gor01_two_2006-6-09_22-24-40
2325,file,/umms-kdiba/Data/Output/collected_outputs/figures/_temp_individual_posteriors/2026-09-16/gor01_two_2006-6-09_22-24-40/ripple/combined/multi/,p_x_given_n[496].png,2026-09-16 21:03:16+00:00,15220,gor01_two_2006-6-09_22-24-40
2326,file,/umms-kdiba/Data/Output/collected_outputs/figures/_temp_individual_posteriors/2026-09-16/gor01_two_2006-6-09_22-24-40/ripple/combined/multi/,p_x_given_n[497].png,2026-09-16 21:03:16+00:00,10775,gor01_two_2006-6-09_22-24-40
2327,file,/umms-kdiba/Data/Output/collected_outputs/figures/_temp_individual_posteriors/2026-09-16/gor01_two_2006-6-09_22-24-40/ripple/combined/multi/,p_x_given_n[498].png,2026-09-16 21:03:16+00:00,7863,gor01_two_2006-6-09_22-24-40
2328,file,/umms-kdiba/Data/Output/collected_outputs/figures/_temp_individual_posteriors/2026-09-16/gor01_two_2006-6-09_22-24-40/ripple/combined/multi/,p_x_given_n[499].png,2026-09-16 21:03:16+00:00,16623,gor01_two_2006-6-09_22-24-40
2329,file,/umms-kdiba/Data/Output/collected_outputs/figures/_temp_individual_posteriors/2026-09-16/gor01_two_2006-6-09_22-24-40/ripple/combined/multi/,p_x_given_n[500].png,2026-09-16 21:03:16+00:00,13499,gor01_two_2006-6-09_22-24-40
2330,file,/umms-kdiba/Data/Output/collected_outputs/figures/_temp_individual_posteriors/2026-09-16/gor01_two_2006-6-09_22-24-40/ripple/combined/multi/,p_x_given_n[501].png,2026-09-16 21:03:16+00:00,19889,gor01_two_2006-6-09_22-24-40
2331,file,/umms-kdiba/Data/Output/collected_outputs/figures/_temp_individual_posteriors/2026-09-16/gor01_two_2006-6-09_22-24-40/ripple/combined/multi/,p_x_given_n[502].png,2026-09-16 21:03:16+00:00,14122,gor01_two_2006-6-09_22-24-40
2332,file,/umms-kdiba/Data/Output/collected_outputs/figures/_temp_individual_posteriors/2026-09-16/gor01_two_2006-6-09_22-24-40/ripple/combined/multi/,p_x_given_n[503].png,2026-09-16 21:03:16+00:00,19807,gor01_two_2006-6-09_22-24-40
2333,file,/umms-kdiba/Data/Output/collected_outputs/figures/_temp_individual_posteriors/2026-09-16/gor01_two_2006-6-09_22-24-40/ripple/combined/multi/,p_x_given_n[504].png,2026-09-16 21:03:16+00:00,10205,gor01_two_2006-6-09_22-24-40
2334,file,/umms-kdiba/Data/Output/collected_outputs/figures/_temp_individual_posteriors/2026-09-16/gor01_two_2006-6-09_22-24-40/ripple/combined/multi/,p_x_given_n[505].png,2026-09-16 21:03:16+00:00,12851,gor01_two_2006-6-09_22-24-40
2335,file,/umms-kdiba/Data/Output/collected_outputs/figures/_temp_individual_posteriors/2026-09-16/gor01_two_2006-6-09_22-24-40/ripple/combined/multi/,p_x_given_n[506].png,2026-09-16 21:03:16+00:00,17483,gor01_two_2006-6-09_22-24-40
2336,file,/umms-kdiba/Data/Output/collected_outputs/figures/_temp_individual_posteriors/2026-09-16/gor01_two_2006-6-09_22-24-40/ripple/combined/multi/,p_x_given_n[507].png,2026-09-16 21:03:16+00:00,9609,gor01_two_2006-6-09_22-24-40
2337,file,/umms-kdiba/Data/Output/collected_outputs/figures/_temp_individual_posteriors/2026-09-16/gor01_two_2006-6-09_22-24-40/ripple/combined/multi/,p_x_given_n[508].png,2026-09-16 21:03:16+00:00,16549,gor01_two_2006-6-09_22-24-40
2338,file,/umms-kdiba/Data/Output/collected_outputs/figures/_temp_individual_posteriors/2026-09-16/gor01_two_2006-6-09_22-24-40/ripple/combined/multi/,p_x_given_n[509].png,2026-09-16 21:03:16+00:00,15887,gor01_two_2006-6-09_22-24-40
2339,file,/umms-kdiba/Data/Output/collected_outputs/figures/_temp_individual_posteriors/2026-09-16/gor01_two_2006-6-09_22-24-40/ripple/combined/multi/,p_x_given_n[510].png,2026-09-16 21:03:16+00:00,13948,gor01_two_2006-6-09_22-24-40
2340,file,/umms-kdiba/Data/Output/collected_outputs/figures/_temp_individual_posteriors/2026-09-16/gor01_two_2006-6-09_22-24-40/ripple/combined/multi/,p_x_given_n[421].png,2026-09-16 21:03:15+00:00,18642,gor01_two_2006-6-09_22-24-40
2341,file,/umms-kdiba/Data/Output/collected_outputs/figures/_temp_individual_posteriors/2026-09-16/gor01_two_2006-6-09_22-24-40/ripple/combined/multi/,p_x_given_n[422].png,2026-09-16 21:03:15+00:00,14718,gor01_two_2006-6-09_22-24-40
2342,file,/umms-kdiba/Data/Output/collected_outputs/figures/_temp_individual_posteriors/2026-09-16/gor01_two_2006-6-09_22-24-40/ripple/combined/multi/,p_x_given_n[423].png,2026-09-16 21:03:15+00:00,16461,gor01_two_2006-6-09_22-24-40
2343,file,/umms-kdiba/Data/Output/collected_outputs/figures/_temp_individual_posteriors/2026-09-16/gor01_two_2006-6-09_22-24-40/ripple/combined/multi/,p_x_given_n[424].png,2026-09-16 21:03:15+00:00,16187,gor01_two_2006-6-09_22-24-40
2344,file,/umms-kdiba/Data/Output/collected_outputs/figures/_temp_individual_posteriors/2026-09-16/gor01_two_2006-6-09_22-24-40/ripple/combined/multi/,p_x_given_n[425].png,2026-09-16 21:03:15+00:00,5122,gor01_two_2006-6-09_22-24-40
2345,file,/umms-kdiba/Data/Output/collected_outputs/figures/_temp_individual_posteriors/2026-09-16/gor01_two_2006-6-09_22-24-40/ripple/combined/multi/,p_x_given_n[426].png,2026-09-16 21:03:15+00:00,21465,gor01_two_2006-6-09_22-24-40
2346,file,/umms-kdiba/Data/Output/collected_outputs/figures/_temp_individual_posteriors/2026-09-16/gor01_two_2006-6-09_22-24-40/ripple/combined/multi/,p_x_given_n[427].png,2026-09-16 21:03:15+00:00,9257,gor01_two_2006-6-09_22-24-40
2347,file,/umms-kdiba/Data/Output/collected_outputs/figures/_temp_individual_posteriors/2026-09-16/gor01_two_2006-6-09_22-24-40/ripple/combined/multi/,p_x_given_n[428].png,2026-09-16 21:03:15+00:00,15145,gor01_two_2006-6-09_22-24-40
2348,file,/umms-kdiba/Data/Output/collected_outputs/figures/_temp_individual_posteriors/2026-09-16/gor01_two_2006-6-09_22-24-40/ripple/combined/multi/,p_x_given_n[429].png,2026-09-16 21:03:15+00:00,13489,gor01_two_2006-6-09_22-24-40
2349,file,/umms-kdiba/Data/Output/collected_outputs/figures/_temp_individual_posteriors/2026-09-16/gor01_two_2006-6-09_22-24-40/ripple/combined/multi/,p_x_given_n[430].png,2026-09-16 21:03:15+00:00,16581,gor01_two_2006-6-09_22-24-40
2350,file,/umms-kdiba/Data/Output/collected_outputs/figures/_temp_individual_posteriors/2026-09-16/gor01_two_2006-6-09_22-24-40/ripple/combined/multi/,p_x_given_n[431].png,2026-09-16 21:03:15+00:00,3585,gor01_two_2006-6-09_22-24-40
2351,file,/umms-kdiba/Data/Output/collected_outputs/figures/_temp_individual_posteriors/2026-09-16/gor01_two_2006-6-09_22-24-40/ripple/combined/multi/,p_x_given_n[432].png,2026-09-16 21:03:15+00:00,8594,gor01_two_2006-6-09_22-24-40
2352,file,/umms-kdiba/Data/Output/collected_outputs/figures/_temp_individual_posteriors/2026-09-16/gor01_two_2006-6-09_22-24-40/ripple/combined/multi/,p_x_given_n[433].png,2026-09-16 21:03:15+00:00,13771,gor01_two_2006-6-09_22-24-40
2353,file,/umms-kdiba/Data/Output/collected_outputs/figures/_temp_individual_posteriors/2026-09-16/gor01_two_2006-6-09_22-24-40/ripple/combined/multi/,p_x_given_n[434].png,2026-09-16 21:03:15+00:00,7405,gor01_two_2006-6-09_22-24-40
2354,file,/umms-kdiba/Data/Output/collected_outputs/figures/_temp_individual_posteriors/2026-09-16/gor01_two_2006-6-09_22-24-40/ripple/combined/multi/,p_x_given_n[435].png,2026-09-16 21:03:15+00:00,17727,gor01_two_2006-6-09_22-24-40
2355,file,/umms-kdiba/Data/Output/collected_outputs/figures/_temp_individual_posteriors/2026-09-16/gor01_two_2006-6-09_22-24-40/ripple/combined/multi/,p_x_given_n[436].png,2026-09-16 21:03:15+00:00,7112,gor01_two_2006-6-09_22-24-40
2356,file,/umms-kdiba/Data/Output/collected_outputs/figures/_temp_individual_posteriors/2026-09-16/gor01_two_2006-6-09_22-24-40/ripple/combined/multi/,p_x_given_n[437].png,2026-09-16 21:03:15+00:00,13841,gor01_two_2006-6-09_22-24-40
2357,file,/umms-kdiba/Data/Output/collected_outputs/figures/_temp_individual_posteriors/2026-09-16/gor01_two_2006-6-09_22-24-40/ripple/combined/multi/,p_x_given_n[438].png,2026-09-16 21:03:15+00:00,3843,gor01_two_2006-6-09_22-24-40
2358,file,/umms-kdiba/Data/Output/collected_outputs/figures/_temp_individual_posteriors/2026-09-16/gor01_two_2006-6-09_22-24-40/ripple/combined/multi/,p_x_given_n[439].png,2026-09-16 21:03:15+00:00,8460,gor01_two_2006-6-09_22-24-40
2359,file,/umms-kdiba/Data/Output/collected_outputs/figures/_temp_individual_posteriors/2026-09-16/gor01_two_2006-6-09_22-24-40/ripple/combined/multi/,p_x_given_n[440].png,2026-09-16 21:03:15+00:00,18228,gor01_two_2006-6-09_22-24-40
2360,file,/umms-kdiba/Data/Output/collected_outputs/figures/_temp_individual_posteriors/2026-09-16/gor01_two_2006-6-09_22-24-40/ripple/combined/multi/,p_x_given_n[441].png,2026-09-16 21:03:15+00:00,19012,gor01_two_2006-6-09_22-24-40
2361,file,/umms-kdiba/Data/Output/collected_outputs/figures/_temp_individual_posteriors/2026-09-16/gor01_two_2006-6-09_22-24-40/ripple/combined/multi/,p_x_given_n[442].png,2026-09-16 21:03:15+00:00,13871,gor01_two_2006-6-09_22-24-40
2362,file,/umms-kdiba/Data/Output/collected_outputs/figures/_temp_individual_posteriors/2026-09-16/gor01_two_2006-6-09_22-24-40/ripple/combined/multi/,p_x_given_n[443].png,2026-09-16 21:03:15+00:00,6449,gor01_two_2006-6-09_22-24-40
2363,file,/umms-kdiba/Data/Output/collected_outputs/figures/_temp_individual_posteriors/2026-09-16/gor01_two_2006-6-09_22-24-40/ripple/combined/multi/,p_x_given_n[444].png,2026-09-16 21:03:15+00:00,13755,gor01_two_2006-6-09_22-24-40
2364,file,/umms-kdiba/Data/Output/collected_outputs/figures/_temp_individual_posteriors/2026-09-16/gor01_two_2006-6-09_22-24-40/ripple/combined/multi/,p_x_given_n[445].png,2026-09-16 21:03:15+00:00,21689,gor01_two_2006-6-09_22-24-40
2365,file,/umms-kdiba/Data/Output/collected_outputs/figures/_temp_individual_posteriors/2026-09-16/gor01_two_2006-6-09_22-24-40/ripple/combined/multi/,p_x_given_n[446].png,2026-09-16 21:03:15+00:00,23712,gor01_two_2006-6-09_22-24-40
2366,file,/umms-kdiba/Data/Output/collected_outputs/figures/_temp_individual_posteriors/2026-09-16/gor01_two_2006-6-09_22-24-40/ripple/combined/multi/,p_x_given_n[447].png,2026-09-16 21:03:15+00:00,14529,gor01_two_2006-6-09_22-24-40
2367,file,/umms-kdiba/Data/Output/collected_outputs/figures/_temp_individual_posteriors/2026-09-16/gor01_two_2006-6-09_22-24-40/ripple/combined/multi/,p_x_given_n[448].png,2026-09-16 21:03:15+00:00,6278,gor01_two_2006-6-09_22-24-40
2368,file,/umms-kdiba/Data/Output/collected_outputs/figures/_temp_individual_posteriors/2026-09-16/gor01_two_2006-6-09_22-24-40/ripple/combined/multi/,p_x_given_n[449].png,2026-09-16 21:03:15+00:00,9628,gor01_two_2006-6-09_22-24-40
2369,file,/umms-kdiba/Data/Output/collected_outputs/figures/_temp_individual_posteriors/2026-09-16/gor01_two_2006-6-09_22-24-40/ripple/combined/multi/,p_x_given_n[450].png,2026-09-16 21:03:15+00:00,10508,gor01_two_2006-6-09_22-24-40
2370,file,/umms-kdiba/Data/Output/collected_outputs/figures/_temp_individual_posteriors/2026-09-16/gor01_two_2006-6-09_22-24-40/ripple/combined/multi/,p_x_given_n[451].png,2026-09-16 21:03:15+00:00,19421,gor01_two_2006-6-09_22-24-40
2371,file,/umms-kdiba/Data/Output/collected_outputs/figures/_temp_individual_posteriors/2026-09-16/gor01_two_2006-6-09_22-24-40/ripple/combined/multi/,p_x_given_n[452].png,2026-09-16 21:03:15+00:00,13604,gor01_two_2006-6-09_22-24-40
2372,file,/umms-kdiba/Data/Output/collected_outputs/figures/_temp_individual_posteriors/2026-09-16/gor01_two_2006-6-09_22-24-40/ripple/combined/multi/,p_x_given_n[453].png,2026-09-16 21:03:15+00:00,16897,gor01_two_2006-6-09_22-24-40
2373,file,/umms-kdiba/Data/Output/collected_outputs/figures/_temp_individual_posteriors/2026-09-16/gor01_two_2006-6-09_22-24-40/ripple/combined/multi/,p_x_given_n[454].png,2026-09-16 21:03:15+00:00,14635,gor01_two_2006-6-09_22-24-40
2374,file,/umms-kdiba/Data/Output/collected_outputs/figures/_temp_individual_posteriors/2026-09-16/gor01_two_2006-6-09_22-24-40/ripple/combined/multi/,p_x_given_n[455].png,2026-09-16 21:03:15+00:00,13401,gor01_two_2006-6-09_22-24-40
2375,file,/umms-kdiba/Data/Output/collected_outputs/figures/_temp_individual_posteriors/2026-09-16/gor01_two_2006-6-09_22-24-40/ripple/combined/multi/,p_x_given_n[457].png,2026-09-16 21:03:15+00:00,19847,gor01_two_2006-6-09_22-24-40
2376,file,/umms-kdiba/Data/Output/collected_outputs/figures/_temp_individual_posteriors/2026-09-16/gor01_two_2006-6-09_22-24-40/ripple/combined/multi/,p_x_given_n[458].png,2026-09-16 21:03:15+00:00,22034,gor01_two_2006-6-09_22-24-40
2377,file,/umms-kdiba/Data/Output/collected_outputs/figures/_temp_individual_posteriors/2026-09-16/gor01_two_2006-6-09_22-24-40/ripple/combined/multi/,p_x_given_n[459].png,2026-09-16 21:03:15+00:00,15604,gor01_two_2006-6-09_22-24-40
2378,file,/umms-kdiba/Data/Output/collected_outputs/figures/_temp_individual_posteriors/2026-09-16/gor01_two_2006-6-09_22-24-40/ripple/combined/multi/,p_x_given_n[460].png,2026-09-16 21:03:15+00:00,16637,gor01_two_2006-6-09_22-24-40
2379,file,/umms-kdiba/Data/Output/collected_outputs/figures/_temp_individual_posteriors/2026-09-16/gor01_two_2006-6-09_22-24-40/ripple/combined/multi/,p_x_given_n[461].png,2026-09-16 21:03:15+00:00,9876,gor01_two_2006-6-09_22-24-40
2380,file,/umms-kdiba/Data/Output/collected_outputs/figures/_temp_individual_posteriors/2026-09-16/gor01_two_2006-6-09_22-24-40/ripple/combined/multi/,p_x_given_n[462].png,2026-09-16 21:03:15+00:00,10567,gor01_two_2006-6-09_22-24-40
2381,file,/umms-kdiba/Data/Output/collected_outputs/figures/_temp_individual_posteriors/2026-09-16/gor01_two_2006-6-09_22-24-40/ripple/combined/multi/,p_x_given_n[463].png,2026-09-16 21:03:15+00:00,6456,gor01_two_2006-6-09_22-24-40
2382,file,/umms-kdiba/Data/Output/collected_outputs/figures/_temp_individual_posteriors/2026-09-16/gor01_two_2006-6-09_22-24-40/ripple/combined/multi/,p_x_given_n[464].png,2026-09-16 21:03:15+00:00,14913,gor01_two_2006-6-09_22-24-40
2383,file,/umms-kdiba/Data/Output/collected_outputs/figures/_temp_individual_posteriors/2026-09-16/gor01_two_2006-6-09_22-24-40/ripple/combined/multi/,p_x_given_n[382].png,2026-09-16 21:03:14+00:00,23214,gor01_two_2006-6-09_22-24-40
2384,file,/umms-kdiba/Data/Output/collected_outputs/figures/_temp_individual_posteriors/2026-09-16/gor01_two_2006-6-09_22-24-40/ripple/combined/multi/,p_x_given_n[383].png,2026-09-16 21:03:14+00:00,6193,gor01_two_2006-6-09_22-24-40
2385,file,/umms-kdiba/Data/Output/collected_outputs/figures/_temp_individual_posteriors/2026-09-16/gor01_two_2006-6-09_22-24-40/ripple/combined/multi/,p_x_given_n[384].png,2026-09-16 21:03:14+00:00,19960,gor01_two_2006-6-09_22-24-40
2386,file,/umms-kdiba/Data/Output/collected_outputs/figures/_temp_individual_posteriors/2026-09-16/gor01_two_2006-6-09_22-24-40/ripple/combined/multi/,p_x_given_n[385].png,2026-09-16 21:03:14+00:00,15297,gor01_two_2006-6-09_22-24-40
2387,file,/umms-kdiba/Data/Output/collected_outputs/figures/_temp_individual_posteriors/2026-09-16/gor01_two_2006-6-09_22-24-40/ripple/combined/multi/,p_x_given_n[386].png,2026-09-16 21:03:14+00:00,6419,gor01_two_2006-6-09_22-24-40
2388,file,/umms-kdiba/Data/Output/collected_outputs/figures/_temp_individual_posteriors/2026-09-16/gor01_two_2006-6-09_22-24-40/ripple/combined/multi/,p_x_given_n[387].png,2026-09-16 21:03:14+00:00,3643,gor01_two_2006-6-09_22-24-40
2389,file,/umms-kdiba/Data/Output/collected_outputs/figures/_temp_individual_posteriors/2026-09-16/gor01_two_2006-6-09_22-24-40/ripple/combined/multi/,p_x_given_n[388].png,2026-09-16 21:03:14+00:00,13787,gor01_two_2006-6-09_22-24-40
2390,file,/umms-kdiba/Data/Output/collected_outputs/figures/_temp_individual_posteriors/2026-09-16/gor01_two_2006-6-09_22-24-40/ripple/combined/multi/,p_x_given_n[389].png,2026-09-16 21:03:14+00:00,14355,gor01_two_2006-6-09_22-24-40
2391,file,/umms-kdiba/Data/Output/collected_outputs/figures/_temp_individual_posteriors/2026-09-16/gor01_two_2006-6-09_22-24-40/ripple/combined/multi/,p_x_given_n[390].png,2026-09-16 21:03:14+00:00,18151,gor01_two_2006-6-09_22-24-40
2392,file,/umms-kdiba/Data/Output/collected_outputs/figures/_temp_individual_posteriors/2026-09-16/gor01_two_2006-6-09_22-24-40/ripple/combined/multi/,p_x_given_n[391].png,2026-09-16 21:03:14+00:00,22757,gor01_two_2006-6-09_22-24-40
2393,file,/umms-kdiba/Data/Output/collected_outputs/figures/_temp_individual_posteriors/2026-09-16/gor01_two_2006-6-09_22-24-40/ripple/combined/multi/,p_x_given_n[392].png,2026-09-16 21:03:14+00:00,14169,gor01_two_2006-6-09_22-24-40
2394,file,/umms-kdiba/Data/Output/collected_outputs/figures/_temp_individual_posteriors/2026-09-16/gor01_two_2006-6-09_22-24-40/ripple/combined/multi/,p_x_given_n[393].png,2026-09-16 21:03:14+00:00,16420,gor01_two_2006-6-09_22-24-40
2395,file,/umms-kdiba/Data/Output/collected_outputs/figures/_temp_individual_posteriors/2026-09-16/gor01_two_2006-6-09_22-24-40/ripple/combined/multi/,p_x_given_n[394].png,2026-09-16 21:03:14+00:00,16721,gor01_two_2006-6-09_22-24-40
2396,file,/umms-kdiba/Data/Output/collected_outputs/figures/_temp_individual_posteriors/2026-09-16/gor01_two_2006-6-09_22-24-40/ripple/combined/multi/,p_x_given_n[395].png,2026-09-16 21:03:14+00:00,17288,gor01_two_2006-6-09_22-24-40
2397,file,/umms-kdiba/Data/Output/collected_outputs/figures/_temp_individual_posteriors/2026-09-16/gor01_two_2006-6-09_22-24-40/ripple/combined/multi/,p_x_given_n[396].png,2026-09-16 21:03:14+00:00,23276,gor01_two_2006-6-09_22-24-40
2398,file,/umms-kdiba/Data/Output/collected_outputs/figures/_temp_individual_posteriors/2026-09-16/gor01_two_2006-6-09_22-24-40/ripple/combined/multi/,p_x_given_n[397].png,2026-09-16 21:03:14+00:00,20444,gor01_two_2006-6-09_22-24-40
2399,file,/umms-kdiba/Data/Output/collected_outputs/figures/_temp_individual_posteriors/2026-09-16/gor01_two_2006-6-09_22-24-40/ripple/combined/multi/,p_x_given_n[398].png,2026-09-16 21:03:14+00:00,19554,gor01_two_2006-6-09_22-24-40
2400,file,/umms-kdiba/Data/Output/collected_outputs/figures/_temp_individual_posteriors/2026-09-16/gor01_two_2006-6-09_22-24-40/ripple/combined/multi/,p_x_given_n[399].png,2026-09-16 21:03:14+00:00,16387,gor01_two_2006-6-09_22-24-40
2401,file,/umms-kdiba/Data/Output/collected_outputs/figures/_temp_individual_posteriors/2026-09-16/gor01_two_2006-6-09_22-24-40/ripple/combined/multi/,p_x_given_n[400].png,2026-09-16 21:03:14+00:00,12058,gor01_two_2006-6-09_22-24-40
2402,file,/umms-kdiba/Data/Output/collected_outputs/figures/_temp_individual_posteriors/2026-09-16/gor01_two_2006-6-09_22-24-40/ripple/combined/multi/,p_x_given_n[402].png,2026-09-16 21:03:14+00:00,15019,gor01_two_2006-6-09_22-24-40
2403,file,/umms-kdiba/Data/Output/collected_outputs/figures/_temp_individual_posteriors/2026-09-16/gor01_two_2006-6-09_22-24-40/ripple/combined/multi/,p_x_given_n[403].png,2026-09-16 21:03:14+00:00,23642,gor01_two_2006-6-09_22-24-40
2404,file,/umms-kdiba/Data/Output/collected_outputs/figures/_temp_individual_posteriors/2026-09-16/gor01_two_2006-6-09_22-24-40/ripple/combined/multi/,p_x_given_n[404].png,2026-09-16 21:03:14+00:00,16507,gor01_two_2006-6-09_22-24-40
2405,file,/umms-kdiba/Data/Output/collected_outputs/figures/_temp_individual_posteriors/2026-09-16/gor01_two_2006-6-09_22-24-40/ripple/combined/multi/,p_x_given_n[405].png,2026-09-16 21:03:14+00:00,21201,gor01_two_2006-6-09_22-24-40
2406,file,/umms-kdiba/Data/Output/collected_outputs/figures/_temp_individual_posteriors/2026-09-16/gor01_two_2006-6-09_22-24-40/ripple/combined/multi/,p_x_given_n[406].png,2026-09-16 21:03:14+00:00,16373,gor01_two_2006-6-09_22-24-40
2407,file,/umms-kdiba/Data/Output/collected_outputs/figures/_temp_individual_posteriors/2026-09-16/gor01_two_2006-6-09_22-24-40/ripple/combined/multi/,p_x_given_n[407].png,2026-09-16 21:03:14+00:00,7010,gor01_two_2006-6-09_22-24-40
2408,file,/umms-kdiba/Data/Output/collected_outputs/figures/_temp_individual_posteriors/2026-09-16/gor01_two_2006-6-09_22-24-40/ripple/combined/multi/,p_x_given_n[408].png,2026-09-16 21:03:14+00:00,22086,gor01_two_2006-6-09_22-24-40
2409,file,/umms-kdiba/Data/Output/collected_outputs/figures/_temp_individual_posteriors/2026-09-16/gor01_two_2006-6-09_22-24-40/ripple/combined/multi/,p_x_given_n[409].png,2026-09-16 21:03:14+00:00,3977,gor01_two_2006-6-09_22-24-40
2410,file,/umms-kdiba/Data/Output/collected_outputs/figures/_temp_individual_posteriors/2026-09-16/gor01_two_2006-6-09_22-24-40/ripple/combined/multi/,p_x_given_n[410].png,2026-09-16 21:03:14+00:00,20972,gor01_two_2006-6-09_22-24-40
2411,file,/umms-kdiba/Data/Output/collected_outputs/figures/_temp_individual_posteriors/2026-09-16/gor01_two_2006-6-09_22-24-40/ripple/combined/multi/,p_x_given_n[411].png,2026-09-16 21:03:14+00:00,11345,gor01_two_2006-6-09_22-24-40
2412,file,/umms-kdiba/Data/Output/collected_outputs/figures/_temp_individual_posteriors/2026-09-16/gor01_two_2006-6-09_22-24-40/ripple/combined/multi/,p_x_given_n[412].png,2026-09-16 21:03:14+00:00,14460,gor01_two_2006-6-09_22-24-40
2413,file,/umms-kdiba/Data/Output/collected_outputs/figures/_temp_individual_posteriors/2026-09-16/gor01_two_2006-6-09_22-24-40/ripple/combined/multi/,p_x_given_n[413].png,2026-09-16 21:03:14+00:00,18170,gor01_two_2006-6-09_22-24-40
2414,file,/umms-kdiba/Data/Output/collected_outputs/figures/_temp_individual_posteriors/2026-09-16/gor01_two_2006-6-09_22-24-40/ripple/combined/multi/,p_x_given_n[414].png,2026-09-16 21:03:14+00:00,15755,gor01_two_2006-6-09_22-24-40
2415,file,/umms-kdiba/Data/Output/collected_outputs/figures/_temp_individual_posteriors/2026-09-16/gor01_two_2006-6-09_22-24-40/ripple/combined/multi/,p_x_given_n[415].png,2026-09-16 21:03:14+00:00,20514,gor01_two_2006-6-09_22-24-40
2416,file,/umms-kdiba/Data/Output/collected_outputs/figures/_temp_individual_posteriors/2026-09-16/gor01_two_2006-6-09_22-24-40/ripple/combined/multi/,p_x_given_n[416].png,2026-09-16 21:03:14+00:00,10642,gor01_two_2006-6-09_22-24-40
2417,file,/umms-kdiba/Data/Output/collected_outputs/figures/_temp_individual_posteriors/2026-09-16/gor01_two_2006-6-09_22-24-40/ripple/combined/multi/,p_x_given_n[418].png,2026-09-16 21:03:14+00:00,9685,gor01_two_2006-6-09_22-24-40
2418,file,/umms-kdiba/Data/Output/collected_outputs/figures/_temp_individual_posteriors/2026-09-16/gor01_two_2006-6-09_22-24-40/ripple/combined/multi/,p_x_given_n[419].png,2026-09-16 21:03:14+00:00,12287,gor01_two_2006-6-09_22-24-40
2419,file,/umms-kdiba/Data/Output/collected_outputs/figures/_temp_individual_posteriors/2026-09-16/gor01_two_2006-6-09_22-24-40/ripple/combined/multi/,p_x_given_n[420].png,2026-09-16 21:03:14+00:00,18897,gor01_two_2006-6-09_22-24-40
2420,file,/umms-kdiba/Data/Output/collected_outputs/figures/_temp_individual_posteriors/2026-09-16/gor01_two_2006-6-09_22-24-40/ripple/combined/multi/,p_x_given_n[338].png,2026-09-16 21:03:13+00:00,21544,gor01_two_2006-6-09_22-24-40
2421,file,/umms-kdiba/Data/Output/collected_outputs/figures/_temp_individual_posteriors/2026-09-16/gor01_two_2006-6-09_22-24-40/ripple/combined/multi/,p_x_given_n[339].png,2026-09-16 21:03:13+00:00,16529,gor01_two_2006-6-09_22-24-40
2422,file,/umms-kdiba/Data/Output/collected_outputs/figures/_temp_individual_posteriors/2026-09-16/gor01_two_2006-6-09_22-24-40/ripple/combined/multi/,p_x_given_n[340].png,2026-09-16 21:03:13+00:00,13627,gor01_two_2006-6-09_22-24-40
2423,file,/umms-kdiba/Data/Output/collected_outputs/figures/_temp_individual_posteriors/2026-09-16/gor01_two_2006-6-09_22-24-40/ripple/combined/multi/,p_x_given_n[341].png,2026-09-16 21:03:13+00:00,8408,gor01_two_2006-6-09_22-24-40
2424,file,/umms-kdiba/Data/Output/collected_outputs/figures/_temp_individual_posteriors/2026-09-16/gor01_two_2006-6-09_22-24-40/ripple/combined/multi/,p_x_given_n[342].png,2026-09-16 21:03:13+00:00,10634,gor01_two_2006-6-09_22-24-40
2425,file,/umms-kdiba/Data/Output/collected_outputs/figures/_temp_individual_posteriors/2026-09-16/gor01_two_2006-6-09_22-24-40/ripple/combined/multi/,p_x_given_n[343].png,2026-09-16 21:03:13+00:00,4792,gor01_two_2006-6-09_22-24-40
2426,file,/umms-kdiba/Data/Output/collected_outputs/figures/_temp_individual_posteriors/2026-09-16/gor01_two_2006-6-09_22-24-40/ripple/combined/multi/,p_x_given_n[344].png,2026-09-16 21:03:13+00:00,3610,gor01_two_2006-6-09_22-24-40
2427,file,/umms-kdiba/Data/Output/collected_outputs/figures/_temp_individual_posteriors/2026-09-16/gor01_two_2006-6-09_22-24-40/ripple/combined/multi/,p_x_given_n[345].png,2026-09-16 21:03:13+00:00,12658,gor01_two_2006-6-09_22-24-40
2428,file,/umms-kdiba/Data/Output/collected_outputs/figures/_temp_individual_posteriors/2026-09-16/gor01_two_2006-6-09_22-24-40/ripple/combined/multi/,p_x_given_n[346].png,2026-09-16 21:03:13+00:00,17264,gor01_two_2006-6-09_22-24-40
2429,file,/umms-kdiba/Data/Output/collected_outputs/figures/_temp_individual_posteriors/2026-09-16/gor01_two_2006-6-09_22-24-40/ripple/combined/multi/,p_x_given_n[347].png,2026-09-16 21:03:13+00:00,11407,gor01_two_2006-6-09_22-24-40
2430,file,/umms-kdiba/Data/Output/collected_outputs/figures/_temp_individual_posteriors/2026-09-16/gor01_two_2006-6-09_22-24-40/ripple/combined/multi/,p_x_given_n[348].png,2026-09-16 21:03:13+00:00,3332,gor01_two_2006-6-09_22-24-40
2431,file,/umms-kdiba/Data/Output/collected_outputs/figures/_temp_individual_posteriors/2026-09-16/gor01_two_2006-6-09_22-24-40/ripple/combined/multi/,p_x_given_n[349].png,2026-09-16 21:03:13+00:00,14601,gor01_two_2006-6-09_22-24-40
2432,file,/umms-kdiba/Data/Output/collected_outputs/figures/_temp_individual_posteriors/2026-09-16/gor01_two_2006-6-09_22-24-40/ripple/combined/multi/,p_x_given_n[350].png,2026-09-16 21:03:13+00:00,14077,gor01_two_2006-6-09_22-24-40
2433,file,/umms-kdiba/Data/Output/collected_outputs/figures/_temp_individual_posteriors/2026-09-16/gor01_two_2006-6-09_22-24-40/ripple/combined/multi/,p_x_given_n[351].png,2026-09-16 21:03:13+00:00,17111,gor01_two_2006-6-09_22-24-40
2434,file,/umms-kdiba/Data/Output/collected_outputs/figures/_temp_individual_posteriors/2026-09-16/gor01_two_2006-6-09_22-24-40/ripple/combined/multi/,p_x_given_n[352].png,2026-09-16 21:03:13+00:00,3210,gor01_two_2006-6-09_22-24-40
2435,file,/umms-kdiba/Data/Output/collected_outputs/figures/_temp_individual_posteriors/2026-09-16/gor01_two_2006-6-09_22-24-40/ripple/combined/multi/,p_x_given_n[353].png,2026-09-16 21:03:13+00:00,13531,gor01_two_2006-6-09_22-24-40
2436,file,/umms-kdiba/Data/Output/collected_outputs/figures/_temp_individual_posteriors/2026-09-16/gor01_two_2006-6-09_22-24-40/ripple/combined/multi/,p_x_given_n[354].png,2026-09-16 21:03:13+00:00,14400,gor01_two_2006-6-09_22-24-40
2437,file,/umms-kdiba/Data/Output/collected_outputs/figures/_temp_individual_posteriors/2026-09-16/gor01_two_2006-6-09_22-24-40/ripple/combined/multi/,p_x_given_n[355].png,2026-09-16 21:03:13+00:00,12399,gor01_two_2006-6-09_22-24-40
2438,file,/umms-kdiba/Data/Output/collected_outputs/figures/_temp_individual_posteriors/2026-09-16/gor01_two_2006-6-09_22-24-40/ripple/combined/multi/,p_x_given_n[356].png,2026-09-16 21:03:13+00:00,19138,gor01_two_2006-6-09_22-24-40
2439,file,/umms-kdiba/Data/Output/collected_outputs/figures/_temp_individual_posteriors/2026-09-16/gor01_two_2006-6-09_22-24-40/ripple/combined/multi/,p_x_given_n[357].png,2026-09-16 21:03:13+00:00,17793,gor01_two_2006-6-09_22-24-40
2440,file,/umms-kdiba/Data/Output/collected_outputs/figures/_temp_individual_posteriors/2026-09-16/gor01_two_2006-6-09_22-24-40/ripple/combined/multi/,p_x_given_n[358].png,2026-09-16 21:03:13+00:00,21619,gor01_two_2006-6-09_22-24-40
2441,file,/umms-kdiba/Data/Output/collected_outputs/figures/_temp_individual_posteriors/2026-09-16/gor01_two_2006-6-09_22-24-40/ripple/combined/multi/,p_x_given_n[359].png,2026-09-16 21:03:13+00:00,5322,gor01_two_2006-6-09_22-24-40
2442,file,/umms-kdiba/Data/Output/collected_outputs/figures/_temp_individual_posteriors/2026-09-16/gor01_two_2006-6-09_22-24-40/ripple/combined/multi/,p_x_given_n[360].png,2026-09-16 21:03:13+00:00,7576,gor01_two_2006-6-09_22-24-40
2443,file,/umms-kdiba/Data/Output/collected_outputs/figures/_temp_individual_posteriors/2026-09-16/gor01_two_2006-6-09_22-24-40/ripple/combined/multi/,p_x_given_n[361].png,2026-09-16 21:03:13+00:00,19643,gor01_two_2006-6-09_22-24-40
2444,file,/umms-kdiba/Data/Output/collected_outputs/figures/_temp_individual_posteriors/2026-09-16/gor01_two_2006-6-09_22-24-40/ripple/combined/multi/,p_x_given_n[362].png,2026-09-16 21:03:13+00:00,16592,gor01_two_2006-6-09_22-24-40
2445,file,/umms-kdiba/Data/Output/collected_outputs/figures/_temp_individual_posteriors/2026-09-16/gor01_two_2006-6-09_22-24-40/ripple/combined/multi/,p_x_given_n[364].png,2026-09-16 21:03:13+00:00,14410,gor01_two_2006-6-09_22-24-40
2446,file,/umms-kdiba/Data/Output/collected_outputs/figures/_temp_individual_posteriors/2026-09-16/gor01_two_2006-6-09_22-24-40/ripple/combined/multi/,p_x_given_n[365].png,2026-09-16 21:03:13+00:00,13723,gor01_two_2006-6-09_22-24-40
2447,file,/umms-kdiba/Data/Output/collected_outputs/figures/_temp_individual_posteriors/2026-09-16/gor01_two_2006-6-09_22-24-40/ripple/combined/multi/,p_x_given_n[366].png,2026-09-16 21:03:13+00:00,18644,gor01_two_2006-6-09_22-24-40
2448,file,/umms-kdiba/Data/Output/collected_outputs/figures/_temp_individual_posteriors/2026-09-16/gor01_two_2006-6-09_22-24-40/ripple/combined/multi/,p_x_given_n[367].png,2026-09-16 21:03:13+00:00,9073,gor01_two_2006-6-09_22-24-40
2449,file,/umms-kdiba/Data/Output/collected_outputs/figures/_temp_individual_posteriors/2026-09-16/gor01_two_2006-6-09_22-24-40/ripple/combined/multi/,p_x_given_n[368].png,2026-09-16 21:03:13+00:00,10712,gor01_two_2006-6-09_22-24-40
2450,file,/umms-kdiba/Data/Output/collected_outputs/figures/_temp_individual_posteriors/2026-09-16/gor01_two_2006-6-09_22-24-40/ripple/combined/multi/,p_x_given_n[369].png,2026-09-16 21:03:13+00:00,16022,gor01_two_2006-6-09_22-24-40
2451,file,/umms-kdiba/Data/Output/collected_outputs/figures/_temp_individual_posteriors/2026-09-16/gor01_two_2006-6-09_22-24-40/ripple/combined/multi/,p_x_given_n[370].png,2026-09-16 21:03:13+00:00,10074,gor01_two_2006-6-09_22-24-40
2452,file,/umms-kdiba/Data/Output/collected_outputs/figures/_temp_individual_posteriors/2026-09-16/gor01_two_2006-6-09_22-24-40/ripple/combined/multi/,p_x_given_n[371].png,2026-09-16 21:03:13+00:00,22388,gor01_two_2006-6-09_22-24-40
2453,file,/umms-kdiba/Data/Output/collected_outputs/figures/_temp_individual_posteriors/2026-09-16/gor01_two_2006-6-09_22-24-40/ripple/combined/multi/,p_x_given_n[372].png,2026-09-16 21:03:13+00:00,14519,gor01_two_2006-6-09_22-24-40
2454,file,/umms-kdiba/Data/Output/collected_outputs/figures/_temp_individual_posteriors/2026-09-16/gor01_two_2006-6-09_22-24-40/ripple/combined/multi/,p_x_given_n[374].png,2026-09-16 21:03:13+00:00,13355,gor01_two_2006-6-09_22-24-40
2455,file,/umms-kdiba/Data/Output/collected_outputs/figures/_temp_individual_posteriors/2026-09-16/gor01_two_2006-6-09_22-24-40/ripple/combined/multi/,p_x_given_n[375].png,2026-09-16 21:03:13+00:00,17574,gor01_two_2006-6-09_22-24-40
2456,file,/umms-kdiba/Data/Output/collected_outputs/figures/_temp_individual_posteriors/2026-09-16/gor01_two_2006-6-09_22-24-40/ripple/combined/multi/,p_x_given_n[376].png,2026-09-16 21:03:13+00:00,18425,gor01_two_2006-6-09_22-24-40
2457,file,/umms-kdiba/Data/Output/collected_outputs/figures/_temp_individual_posteriors/2026-09-16/gor01_two_2006-6-09_22-24-40/ripple/combined/multi/,p_x_given_n[377].png,2026-09-16 21:03:13+00:00,11027,gor01_two_2006-6-09_22-24-40
2458,file,/umms-kdiba/Data/Output/collected_outputs/figures/_temp_individual_posteriors/2026-09-16/gor01_two_2006-6-09_22-24-40/ripple/combined/multi/,p_x_given_n[378].png,2026-09-16 21:03:13+00:00,22308,gor01_two_2006-6-09_22-24-40
2459,file,/umms-kdiba/Data/Output/collected_outputs/figures/_temp_individual_posteriors/2026-09-16/gor01_two_2006-6-09_22-24-40/ripple/combined/multi/,p_x_given_n[379].png,2026-09-16 21:03:13+00:00,16554,gor01_two_2006-6-09_22-24-40
2460,file,/umms-kdiba/Data/Output/collected_outputs/figures/_temp_individual_posteriors/2026-09-16/gor01_two_2006-6-09_22-24-40/ripple/combined/multi/,p_x_given_n[380].png,2026-09-16 21:03:13+00:00,20555,gor01_two_2006-6-09_22-24-40
2461,file,/umms-kdiba/Data/Output/collected_outputs/figures/_temp_individual_posteriors/2026-09-16/gor01_two_2006-6-09_22-24-40/ripple/combined/multi/,p_x_given_n[381].png,2026-09-16 21:03:13+00:00,18467,gor01_two_2006-6-09_22-24-40
2462,file,/umms-kdiba/Data/Output/collected_outputs/figures/_temp_individual_posteriors/2026-09-16/gor01_two_2006-6-09_22-24-40/ripple/combined/multi/,p_x_given_n[295].png,2026-09-16 21:03:12+00:00,18980,gor01_two_2006-6-09_22-24-40
2463,file,/umms-kdiba/Data/Output/collected_outputs/figures/_temp_individual_posteriors/2026-09-16/gor01_two_2006-6-09_22-24-40/ripple/combined/multi/,p_x_given_n[296].png,2026-09-16 21:03:12+00:00,18777,gor01_two_2006-6-09_22-24-40
2464,file,/umms-kdiba/Data/Output/collected_outputs/figures/_temp_individual_posteriors/2026-09-16/gor01_two_2006-6-09_22-24-40/ripple/combined/multi/,p_x_given_n[297].png,2026-09-16 21:03:12+00:00,16850,gor01_two_2006-6-09_22-24-40
2465,file,/umms-kdiba/Data/Output/collected_outputs/figures/_temp_individual_posteriors/2026-09-16/gor01_two_2006-6-09_22-24-40/ripple/combined/multi/,p_x_given_n[298].png,2026-09-16 21:03:12+00:00,21702,gor01_two_2006-6-09_22-24-40
2466,file,/umms-kdiba/Data/Output/collected_outputs/figures/_temp_individual_posteriors/2026-09-16/gor01_two_2006-6-09_22-24-40/ripple/combined/multi/,p_x_given_n[299].png,2026-09-16 21:03:12+00:00,16321,gor01_two_2006-6-09_22-24-40
2467,file,/umms-kdiba/Data/Output/collected_outputs/figures/_temp_individual_posteriors/2026-09-16/gor01_two_2006-6-09_22-24-40/ripple/combined/multi/,p_x_given_n[300].png,2026-09-16 21:03:12+00:00,11837,gor01_two_2006-6-09_22-24-40
2468,file,/umms-kdiba/Data/Output/collected_outputs/figures/_temp_individual_posteriors/2026-09-16/gor01_two_2006-6-09_22-24-40/ripple/combined/multi/,p_x_given_n[301].png,2026-09-16 21:03:12+00:00,7264,gor01_two_2006-6-09_22-24-40
2469,file,/umms-kdiba/Data/Output/collected_outputs/figures/_temp_individual_posteriors/2026-09-16/gor01_two_2006-6-09_22-24-40/ripple/combined/multi/,p_x_given_n[302].png,2026-09-16 21:03:12+00:00,13000,gor01_two_2006-6-09_22-24-40
2470,file,/umms-kdiba/Data/Output/collected_outputs/figures/_temp_individual_posteriors/2026-09-16/gor01_two_2006-6-09_22-24-40/ripple/combined/multi/,p_x_given_n[303].png,2026-09-16 21:03:12+00:00,13458,gor01_two_2006-6-09_22-24-40
2471,file,/umms-kdiba/Data/Output/collected_outputs/figures/_temp_individual_posteriors/2026-09-16/gor01_two_2006-6-09_22-24-40/ripple/combined/multi/,p_x_given_n[304].png,2026-09-16 21:03:12+00:00,14513,gor01_two_2006-6-09_22-24-40
2472,file,/umms-kdiba/Data/Output/collected_outputs/figures/_temp_individual_posteriors/2026-09-16/gor01_two_2006-6-09_22-24-40/ripple/combined/multi/,p_x_given_n[305].png,2026-09-16 21:03:12+00:00,20915,gor01_two_2006-6-09_22-24-40
2473,file,/umms-kdiba/Data/Output/collected_outputs/figures/_temp_individual_posteriors/2026-09-16/gor01_two_2006-6-09_22-24-40/ripple/combined/multi/,p_x_given_n[306].png,2026-09-16 21:03:12+00:00,6617,gor01_two_2006-6-09_22-24-40
2474,file,/umms-kdiba/Data/Output/collected_outputs/figures/_temp_individual_posteriors/2026-09-16/gor01_two_2006-6-09_22-24-40/ripple/combined/multi/,p_x_given_n[307].png,2026-09-16 21:03:12+00:00,18172,gor01_two_2006-6-09_22-24-40
2475,file,/umms-kdiba/Data/Output/collected_outputs/figures/_temp_individual_posteriors/2026-09-16/gor01_two_2006-6-09_22-24-40/ripple/combined/multi/,p_x_given_n[308].png,2026-09-16 21:03:12+00:00,15412,gor01_two_2006-6-09_22-24-40
2476,file,/umms-kdiba/Data/Output/collected_outputs/figures/_temp_individual_posteriors/2026-09-16/gor01_two_2006-6-09_22-24-40/ripple/combined/multi/,p_x_given_n[309].png,2026-09-16 21:03:12+00:00,11759,gor01_two_2006-6-09_22-24-40
2477,file,/umms-kdiba/Data/Output/collected_outputs/figures/_temp_individual_posteriors/2026-09-16/gor01_two_2006-6-09_22-24-40/ripple/combined/multi/,p_x_given_n[310].png,2026-09-16 21:03:12+00:00,17601,gor01_two_2006-6-09_22-24-40
2478,file,/umms-kdiba/Data/Output/collected_outputs/figures/_temp_individual_posteriors/2026-09-16/gor01_two_2006-6-09_22-24-40/ripple/combined/multi/,p_x_given_n[312].png,2026-09-16 21:03:12+00:00,21674,gor01_two_2006-6-09_22-24-40
2479,file,/umms-kdiba/Data/Output/collected_outputs/figures/_temp_individual_posteriors/2026-09-16/gor01_two_2006-6-09_22-24-40/ripple/combined/multi/,p_x_given_n[313].png,2026-09-16 21:03:12+00:00,15757,gor01_two_2006-6-09_22-24-40
2480,file,/umms-kdiba/Data/Output/collected_outputs/figures/_temp_individual_posteriors/2026-09-16/gor01_two_2006-6-09_22-24-40/ripple/combined/multi/,p_x_given_n[314].png,2026-09-16 21:03:12+00:00,15892,gor01_two_2006-6-09_22-24-40
2481,file,/umms-kdiba/Data/Output/collected_outputs/figures/_temp_individual_posteriors/2026-09-16/gor01_two_2006-6-09_22-24-40/ripple/combined/multi/,p_x_given_n[315].png,2026-09-16 21:03:12+00:00,16305,gor01_two_2006-6-09_22-24-40
2482,file,/umms-kdiba/Data/Output/collected_outputs/figures/_temp_individual_posteriors/2026-09-16/gor01_two_2006-6-09_22-24-40/ripple/combined/multi/,p_x_given_n[316].png,2026-09-16 21:03:12+00:00,18124,gor01_two_2006-6-09_22-24-40
2483,file,/umms-kdiba/Data/Output/collected_outputs/figures/_temp_individual_posteriors/2026-09-16/gor01_two_2006-6-09_22-24-40/ripple/combined/multi/,p_x_given_n[317].png,2026-09-16 21:03:12+00:00,10500,gor01_two_2006-6-09_22-24-40
2484,file,/umms-kdiba/Data/Output/collected_outputs/figures/_temp_individual_posteriors/2026-09-16/gor01_two_2006-6-09_22-24-40/ripple/combined/multi/,p_x_given_n[318].png,2026-09-16 21:03:12+00:00,14881,gor01_two_2006-6-09_22-24-40
2485,file,/umms-kdiba/Data/Output/collected_outputs/figures/_temp_individual_posteriors/2026-09-16/gor01_two_2006-6-09_22-24-40/ripple/combined/multi/,p_x_given_n[320].png,2026-09-16 21:03:12+00:00,14187,gor01_two_2006-6-09_22-24-40
2486,file,/umms-kdiba/Data/Output/collected_outputs/figures/_temp_individual_posteriors/2026-09-16/gor01_two_2006-6-09_22-24-40/ripple/combined/multi/,p_x_given_n[321].png,2026-09-16 21:03:12+00:00,3514,gor01_two_2006-6-09_22-24-40
2487,file,/umms-kdiba/Data/Output/collected_outputs/figures/_temp_individual_posteriors/2026-09-16/gor01_two_2006-6-09_22-24-40/ripple/combined/multi/,p_x_given_n[322].png,2026-09-16 21:03:12+00:00,13729,gor01_two_2006-6-09_22-24-40
2488,file,/umms-kdiba/Data/Output/collected_outputs/figures/_temp_individual_posteriors/2026-09-16/gor01_two_2006-6-09_22-24-40/ripple/combined/multi/,p_x_given_n[323].png,2026-09-16 21:03:12+00:00,16699,gor01_two_2006-6-09_22-24-40
2489,file,/umms-kdiba/Data/Output/collected_outputs/figures/_temp_individual_posteriors/2026-09-16/gor01_two_2006-6-09_22-24-40/ripple/combined/multi/,p_x_given_n[324].png,2026-09-16 21:03:12+00:00,10693,gor01_two_2006-6-09_22-24-40
2490,file,/umms-kdiba/Data/Output/collected_outputs/figures/_temp_individual_posteriors/2026-09-16/gor01_two_2006-6-09_22-24-40/ripple/combined/multi/,p_x_given_n[325].png,2026-09-16 21:03:12+00:00,19651,gor01_two_2006-6-09_22-24-40
2491,file,/umms-kdiba/Data/Output/collected_outputs/figures/_temp_individual_posteriors/2026-09-16/gor01_two_2006-6-09_22-24-40/ripple/combined/multi/,p_x_given_n[326].png,2026-09-16 21:03:12+00:00,3273,gor01_two_2006-6-09_22-24-40
2492,file,/umms-kdiba/Data/Output/collected_outputs/figures/_temp_individual_posteriors/2026-09-16/gor01_two_2006-6-09_22-24-40/ripple/combined/multi/,p_x_given_n[327].png,2026-09-16 21:03:12+00:00,18112,gor01_two_2006-6-09_22-24-40
2493,file,/umms-kdiba/Data/Output/collected_outputs/figures/_temp_individual_posteriors/2026-09-16/gor01_two_2006-6-09_22-24-40/ripple/combined/multi/,p_x_given_n[328].png,2026-09-16 21:03:12+00:00,21323,gor01_two_2006-6-09_22-24-40
2494,file,/umms-kdiba/Data/Output/collected_outputs/figures/_temp_individual_posteriors/2026-09-16/gor01_two_2006-6-09_22-24-40/ripple/combined/multi/,p_x_given_n[329].png,2026-09-16 21:03:12+00:00,13134,gor01_two_2006-6-09_22-24-40
2495,file,/umms-kdiba/Data/Output/collected_outputs/figures/_temp_individual_posteriors/2026-09-16/gor01_two_2006-6-09_22-24-40/ripple/combined/multi/,p_x_given_n[330].png,2026-09-16 21:03:12+00:00,13045,gor01_two_2006-6-09_22-24-40
2496,file,/umms-kdiba/Data/Output/collected_outputs/figures/_temp_individual_posteriors/2026-09-16/gor01_two_2006-6-09_22-24-40/ripple/combined/multi/,p_x_given_n[332].png,2026-09-16 21:03:12+00:00,18023,gor01_two_2006-6-09_22-24-40
2497,file,/umms-kdiba/Data/Output/collected_outputs/figures/_temp_individual_posteriors/2026-09-16/gor01_two_2006-6-09_22-24-40/ripple/combined/multi/,p_x_given_n[333].png,2026-09-16 21:03:12+00:00,12079,gor01_two_2006-6-09_22-24-40
2498,file,/umms-kdiba/Data/Output/collected_outputs/figures/_temp_individual_posteriors/2026-09-16/gor01_two_2006-6-09_22-24-40/ripple/combined/multi/,p_x_given_n[334].png,2026-09-16 21:03:12+00:00,13027,gor01_two_2006-6-09_22-24-40
2499,file,/umms-kdiba/Data/Output/collected_outputs/figures/_temp_individual_posteriors/2026-09-16/gor01_two_2006-6-09_22-24-40/ripple/combined/multi/,p_x_given_n[335].png,2026-09-16 21:03:12+00:00,20735,gor01_two_2006-6-09_22-24-40
2500,file,/umms-kdiba/Data/Output/collected_outputs/figures/_temp_individual_posteriors/2026-09-16/gor01_two_2006-6-09_22-24-40/ripple/combined/multi/,p_x_given_n[336].png,2026-09-16 21:03:12+00:00,11337,gor01_two_2006-6-09_22-24-40
2501,file,/umms-kdiba/Data/Output/collected_outputs/figures/_temp_individual_posteriors/2026-09-16/gor01_two_2006-6-09_22-24-40/ripple/combined/multi/,p_x_given_n[337].png,2026-09-16 21:03:12+00:00,13658,gor01_two_2006-6-09_22-24-40
2502,file,/umms-kdiba/Data/Output/collected_outputs/figures/_temp_individual_posteriors/2026-09-16/gor01_two_2006-6-09_22-24-40/ripple/combined/multi/,p_x_given_n[251].png,2026-09-16 21:03:11+00:00,14764,gor01_two_2006-6-09_22-24-40
2503,file,/umms-kdiba/Data/Output/collected_outputs/figures/_temp_individual_posteriors/2026-09-16/gor01_two_2006-6-09_22-24-40/ripple/combined/multi/,p_x_given_n[252].png,2026-09-16 21:03:11+00:00,21087,gor01_two_2006-6-09_22-24-40
2504,file,/umms-kdiba/Data/Output/collected_outputs/figures/_temp_individual_posteriors/2026-09-16/gor01_two_2006-6-09_22-24-40/ripple/combined/multi/,p_x_given_n[253].png,2026-09-16 21:03:11+00:00,9714,gor01_two_2006-6-09_22-24-40
2505,file,/umms-kdiba/Data/Output/collected_outputs/figures/_temp_individual_posteriors/2026-09-16/gor01_two_2006-6-09_22-24-40/ripple/combined/multi/,p_x_given_n[254].png,2026-09-16 21:03:11+00:00,6304,gor01_two_2006-6-09_22-24-40
2506,file,/umms-kdiba/Data/Output/collected_outputs/figures/_temp_individual_posteriors/2026-09-16/gor01_two_2006-6-09_22-24-40/ripple/combined/multi/,p_x_given_n[255].png,2026-09-16 21:03:11+00:00,11521,gor01_two_2006-6-09_22-24-40
2507,file,/umms-kdiba/Data/Output/collected_outputs/figures/_temp_individual_posteriors/2026-09-16/gor01_two_2006-6-09_22-24-40/ripple/combined/multi/,p_x_given_n[256].png,2026-09-16 21:03:11+00:00,7438,gor01_two_2006-6-09_22-24-40
2508,file,/umms-kdiba/Data/Output/collected_outputs/figures/_temp_individual_posteriors/2026-09-16/gor01_two_2006-6-09_22-24-40/ripple/combined/multi/,p_x_given_n[257].png,2026-09-16 21:03:11+00:00,14943,gor01_two_2006-6-09_22-24-40
2509,file,/umms-kdiba/Data/Output/collected_outputs/figures/_temp_individual_posteriors/2026-09-16/gor01_two_2006-6-09_22-24-40/ripple/combined/multi/,p_x_given_n[258].png,2026-09-16 21:03:11+00:00,3920,gor01_two_2006-6-09_22-24-40
2510,file,/umms-kdiba/Data/Output/collected_outputs/figures/_temp_individual_posteriors/2026-09-16/gor01_two_2006-6-09_22-24-40/ripple/combined/multi/,p_x_given_n[259].png,2026-09-16 21:03:11+00:00,3652,gor01_two_2006-6-09_22-24-40
2511,file,/umms-kdiba/Data/Output/collected_outputs/figures/_temp_individual_posteriors/2026-09-16/gor01_two_2006-6-09_22-24-40/ripple/combined/multi/,p_x_given_n[260].png,2026-09-16 21:03:11+00:00,16465,gor01_two_2006-6-09_22-24-40
2512,file,/umms-kdiba/Data/Output/collected_outputs/figures/_temp_individual_posteriors/2026-09-16/gor01_two_2006-6-09_22-24-40/ripple/combined/multi/,p_x_given_n[261].png,2026-09-16 21:03:11+00:00,17145,gor01_two_2006-6-09_22-24-40
2513,file,/umms-kdiba/Data/Output/collected_outputs/figures/_temp_individual_posteriors/2026-09-16/gor01_two_2006-6-09_22-24-40/ripple/combined/multi/,p_x_given_n[262].png,2026-09-16 21:03:11+00:00,16701,gor01_two_2006-6-09_22-24-40
2514,file,/umms-kdiba/Data/Output/collected_outputs/figures/_temp_individual_posteriors/2026-09-16/gor01_two_2006-6-09_22-24-40/ripple/combined/multi/,p_x_given_n[263].png,2026-09-16 21:03:11+00:00,19659,gor01_two_2006-6-09_22-24-40
2515,file,/umms-kdiba/Data/Output/collected_outputs/figures/_temp_individual_posteriors/2026-09-16/gor01_two_2006-6-09_22-24-40/ripple/combined/multi/,p_x_given_n[264].png,2026-09-16 21:03:11+00:00,11945,gor01_two_2006-6-09_22-24-40
2516,file,/umms-kdiba/Data/Output/collected_outputs/figures/_temp_individual_posteriors/2026-09-16/gor01_two_2006-6-09_22-24-40/ripple/combined/multi/,p_x_given_n[265].png,2026-09-16 21:03:11+00:00,6147,gor01_two_2006-6-09_22-24-40
2517,file,/umms-kdiba/Data/Output/collected_outputs/figures/_temp_individual_posteriors/2026-09-16/gor01_two_2006-6-09_22-24-40/ripple/combined/multi/,p_x_given_n[266].png,2026-09-16 21:03:11+00:00,20148,gor01_two_2006-6-09_22-24-40
2518,file,/umms-kdiba/Data/Output/collected_outputs/figures/_temp_individual_posteriors/2026-09-16/gor01_two_2006-6-09_22-24-40/ripple/combined/multi/,p_x_given_n[267].png,2026-09-16 21:03:11+00:00,19262,gor01_two_2006-6-09_22-24-40
2519,file,/umms-kdiba/Data/Output/collected_outputs/figures/_temp_individual_posteriors/2026-09-16/gor01_two_2006-6-09_22-24-40/ripple/combined/multi/,p_x_given_n[268].png,2026-09-16 21:03:11+00:00,11533,gor01_two_2006-6-09_22-24-40
2520,file,/umms-kdiba/Data/Output/collected_outputs/figures/_temp_individual_posteriors/2026-09-16/gor01_two_2006-6-09_22-24-40/ripple/combined/multi/,p_x_given_n[269].png,2026-09-16 21:03:11+00:00,7667,gor01_two_2006-6-09_22-24-40
2521,file,/umms-kdiba/Data/Output/collected_outputs/figures/_temp_individual_posteriors/2026-09-16/gor01_two_2006-6-09_22-24-40/ripple/combined/multi/,p_x_given_n[270].png,2026-09-16 21:03:11+00:00,17237,gor01_two_2006-6-09_22-24-40
2522,file,/umms-kdiba/Data/Output/collected_outputs/figures/_temp_individual_posteriors/2026-09-16/gor01_two_2006-6-09_22-24-40/ripple/combined/multi/,p_x_given_n[271].png,2026-09-16 21:03:11+00:00,4047,gor01_two_2006-6-09_22-24-40
2523,file,/umms-kdiba/Data/Output/collected_outputs/figures/_temp_individual_posteriors/2026-09-16/gor01_two_2006-6-09_22-24-40/ripple/combined/multi/,p_x_given_n[272].png,2026-09-16 21:03:11+00:00,13961,gor01_two_2006-6-09_22-24-40
2524,file,/umms-kdiba/Data/Output/collected_outputs/figures/_temp_individual_posteriors/2026-09-16/gor01_two_2006-6-09_22-24-40/ripple/combined/multi/,p_x_given_n[273].png,2026-09-16 21:03:11+00:00,16840,gor01_two_2006-6-09_22-24-40
2525,file,/umms-kdiba/Data/Output/collected_outputs/figures/_temp_individual_posteriors/2026-09-16/gor01_two_2006-6-09_22-24-40/ripple/combined/multi/,p_x_given_n[274].png,2026-09-16 21:03:11+00:00,20303,gor01_two_2006-6-09_22-24-40
2526,file,/umms-kdiba/Data/Output/collected_outputs/figures/_temp_individual_posteriors/2026-09-16/gor01_two_2006-6-09_22-24-40/ripple/combined/multi/,p_x_given_n[275].png,2026-09-16 21:03:11+00:00,17946,gor01_two_2006-6-09_22-24-40
2527,file,/umms-kdiba/Data/Output/collected_outputs/figures/_temp_individual_posteriors/2026-09-16/gor01_two_2006-6-09_22-24-40/ripple/combined/multi/,p_x_given_n[276].png,2026-09-16 21:03:11+00:00,16817,gor01_two_2006-6-09_22-24-40
2528,file,/umms-kdiba/Data/Output/collected_outputs/figures/_temp_individual_posteriors/2026-09-16/gor01_two_2006-6-09_22-24-40/ripple/combined/multi/,p_x_given_n[277].png,2026-09-16 21:03:11+00:00,14214,gor01_two_2006-6-09_22-24-40
2529,file,/umms-kdiba/Data/Output/collected_outputs/figures/_temp_individual_posteriors/2026-09-16/gor01_two_2006-6-09_22-24-40/ripple/combined/multi/,p_x_given_n[278].png,2026-09-16 21:03:11+00:00,17534,gor01_two_2006-6-09_22-24-40
2530,file,/umms-kdiba/Data/Output/collected_outputs/figures/_temp_individual_posteriors/2026-09-16/gor01_two_2006-6-09_22-24-40/ripple/combined/multi/,p_x_given_n[279].png,2026-09-16 21:03:11+00:00,17608,gor01_two_2006-6-09_22-24-40
2531,file,/umms-kdiba/Data/Output/collected_outputs/figures/_temp_individual_posteriors/2026-09-16/gor01_two_2006-6-09_22-24-40/ripple/combined/multi/,p_x_given_n[280].png,2026-09-16 21:03:11+00:00,18649,gor01_two_2006-6-09_22-24-40
2532,file,/umms-kdiba/Data/Output/collected_outputs/figures/_temp_individual_posteriors/2026-09-16/gor01_two_2006-6-09_22-24-40/ripple/combined/multi/,p_x_given_n[281].png,2026-09-16 21:03:11+00:00,14794,gor01_two_2006-6-09_22-24-40
2533,file,/umms-kdiba/Data/Output/collected_outputs/figures/_temp_individual_posteriors/2026-09-16/gor01_two_2006-6-09_22-24-40/ripple/combined/multi/,p_x_given_n[282].png,2026-09-16 21:03:11+00:00,19297,gor01_two_2006-6-09_22-24-40
2534,file,/umms-kdiba/Data/Output/collected_outputs/figures/_temp_individual_posteriors/2026-09-16/gor01_two_2006-6-09_22-24-40/ripple/combined/multi/,p_x_given_n[283].png,2026-09-16 21:03:11+00:00,17624,gor01_two_2006-6-09_22-24-40
2535,file,/umms-kdiba/Data/Output/collected_outputs/figures/_temp_individual_posteriors/2026-09-16/gor01_two_2006-6-09_22-24-40/ripple/combined/multi/,p_x_given_n[284].png,2026-09-16 21:03:11+00:00,13131,gor01_two_2006-6-09_22-24-40
2536,file,/umms-kdiba/Data/Output/collected_outputs/figures/_temp_individual_posteriors/2026-09-16/gor01_two_2006-6-09_22-24-40/ripple/combined/multi/,p_x_given_n[285].png,2026-09-16 21:03:11+00:00,6690,gor01_two_2006-6-09_22-24-40
2537,file,/umms-kdiba/Data/Output/collected_outputs/figures/_temp_individual_posteriors/2026-09-16/gor01_two_2006-6-09_22-24-40/ripple/combined/multi/,p_x_given_n[286].png,2026-09-16 21:03:11+00:00,16828,gor01_two_2006-6-09_22-24-40
2538,file,/umms-kdiba/Data/Output/collected_outputs/figures/_temp_individual_posteriors/2026-09-16/gor01_two_2006-6-09_22-24-40/ripple/combined/multi/,p_x_given_n[288].png,2026-09-16 21:03:11+00:00,19159,gor01_two_2006-6-09_22-24-40
2539,file,/umms-kdiba/Data/Output/collected_outputs/figures/_temp_individual_posteriors/2026-09-16/gor01_two_2006-6-09_22-24-40/ripple/combined/multi/,p_x_given_n[289].png,2026-09-16 21:03:11+00:00,16985,gor01_two_2006-6-09_22-24-40
2540,file,/umms-kdiba/Data/Output/collected_outputs/figures/_temp_individual_posteriors/2026-09-16/gor01_two_2006-6-09_22-24-40/ripple/combined/multi/,p_x_given_n[290].png,2026-09-16 21:03:11+00:00,17185,gor01_two_2006-6-09_22-24-40
2541,file,/umms-kdiba/Data/Output/collected_outputs/figures/_temp_individual_posteriors/2026-09-16/gor01_two_2006-6-09_22-24-40/ripple/combined/multi/,p_x_given_n[291].png,2026-09-16 21:03:11+00:00,17141,gor01_two_2006-6-09_22-24-40
2542,file,/umms-kdiba/Data/Output/collected_outputs/figures/_temp_individual_posteriors/2026-09-16/gor01_two_2006-6-09_22-24-40/ripple/combined/multi/,p_x_given_n[292].png,2026-09-16 21:03:11+00:00,5400,gor01_two_2006-6-09_22-24-40
2543,file,/umms-kdiba/Data/Output/collected_outputs/figures/_temp_individual_posteriors/2026-09-16/gor01_two_2006-6-09_22-24-40/ripple/combined/multi/,p_x_given_n[293].png,2026-09-16 21:03:11+00:00,15087,gor01_two_2006-6-09_22-24-40
2544,file,/umms-kdiba/Data/Output/collected_outputs/figures/_temp_individual_posteriors/2026-09-16/gor01_two_2006-6-09_22-24-40/ripple/combined/multi/,p_x_given_n[294].png,2026-09-16 21:03:11+00:00,3424,gor01_two_2006-6-09_22-24-40
2545,file,/umms-kdiba/Data/Output/collected_outputs/figures/_temp_individual_posteriors/2026-09-16/gor01_two_2006-6-09_22-24-40/ripple/combined/multi/,p_x_given_n[204].png,2026-09-16 21:03:10+00:00,16605,gor01_two_2006-6-09_22-24-40
2546,file,/umms-kdiba/Data/Output/collected_outputs/figures/_temp_individual_posteriors/2026-09-16/gor01_two_2006-6-09_22-24-40/ripple/combined/multi/,p_x_given_n[206].png,2026-09-16 21:03:10+00:00,18313,gor01_two_2006-6-09_22-24-40
2547,file,/umms-kdiba/Data/Output/collected_outputs/figures/_temp_individual_posteriors/2026-09-16/gor01_two_2006-6-09_22-24-40/ripple/combined/multi/,p_x_given_n[207].png,2026-09-16 21:03:10+00:00,6263,gor01_two_2006-6-09_22-24-40
2548,file,/umms-kdiba/Data/Output/collected_outputs/figures/_temp_individual_posteriors/2026-09-16/gor01_two_2006-6-09_22-24-40/ripple/combined/multi/,p_x_given_n[208].png,2026-09-16 21:03:10+00:00,3735,gor01_two_2006-6-09_22-24-40
2549,file,/umms-kdiba/Data/Output/collected_outputs/figures/_temp_individual_posteriors/2026-09-16/gor01_two_2006-6-09_22-24-40/ripple/combined/multi/,p_x_given_n[209].png,2026-09-16 21:03:10+00:00,14952,gor01_two_2006-6-09_22-24-40
2550,file,/umms-kdiba/Data/Output/collected_outputs/figures/_temp_individual_posteriors/2026-09-16/gor01_two_2006-6-09_22-24-40/ripple/combined/multi/,p_x_given_n[210].png,2026-09-16 21:03:10+00:00,9194,gor01_two_2006-6-09_22-24-40
2551,file,/umms-kdiba/Data/Output/collected_outputs/figures/_temp_individual_posteriors/2026-09-16/gor01_two_2006-6-09_22-24-40/ripple/combined/multi/,p_x_given_n[211].png,2026-09-16 21:03:10+00:00,17144,gor01_two_2006-6-09_22-24-40
2552,file,/umms-kdiba/Data/Output/collected_outputs/figures/_temp_individual_posteriors/2026-09-16/gor01_two_2006-6-09_22-24-40/ripple/combined/multi/,p_x_given_n[212].png,2026-09-16 21:03:10+00:00,11186,gor01_two_2006-6-09_22-24-40
2553,file,/umms-kdiba/Data/Output/collected_outputs/figures/_temp_individual_posteriors/2026-09-16/gor01_two_2006-6-09_22-24-40/ripple/combined/multi/,p_x_given_n[213].png,2026-09-16 21:03:10+00:00,11993,gor01_two_2006-6-09_22-24-40
2554,file,/umms-kdiba/Data/Output/collected_outputs/figures/_temp_individual_posteriors/2026-09-16/gor01_two_2006-6-09_22-24-40/ripple/combined/multi/,p_x_given_n[214].png,2026-09-16 21:03:10+00:00,10239,gor01_two_2006-6-09_22-24-40
2555,file,/umms-kdiba/Data/Output/collected_outputs/figures/_temp_individual_posteriors/2026-09-16/gor01_two_2006-6-09_22-24-40/ripple/combined/multi/,p_x_given_n[215].png,2026-09-16 21:03:10+00:00,12380,gor01_two_2006-6-09_22-24-40
2556,file,/umms-kdiba/Data/Output/collected_outputs/figures/_temp_individual_posteriors/2026-09-16/gor01_two_2006-6-09_22-24-40/ripple/combined/multi/,p_x_given_n[216].png,2026-09-16 21:03:10+00:00,20641,gor01_two_2006-6-09_22-24-40
2557,file,/umms-kdiba/Data/Output/collected_outputs/figures/_temp_individual_posteriors/2026-09-16/gor01_two_2006-6-09_22-24-40/ripple/combined/multi/,p_x_given_n[217].png,2026-09-16 21:03:10+00:00,15522,gor01_two_2006-6-09_22-24-40
2558,file,/umms-kdiba/Data/Output/collected_outputs/figures/_temp_individual_posteriors/2026-09-16/gor01_two_2006-6-09_22-24-40/ripple/combined/multi/,p_x_given_n[218].png,2026-09-16 21:03:10+00:00,14947,gor01_two_2006-6-09_22-24-40
2559,file,/umms-kdiba/Data/Output/collected_outputs/figures/_temp_individual_posteriors/2026-09-16/gor01_two_2006-6-09_22-24-40/ripple/combined/multi/,p_x_given_n[219].png,2026-09-16 21:03:10+00:00,16927,gor01_two_2006-6-09_22-24-40
2560,file,/umms-kdiba/Data/Output/collected_outputs/figures/_temp_individual_posteriors/2026-09-16/gor01_two_2006-6-09_22-24-40/ripple/combined/multi/,p_x_given_n[220].png,2026-09-16 21:03:10+00:00,8775,gor01_two_2006-6-09_22-24-40
2561,file,/umms-kdiba/Data/Output/collected_outputs/figures/_temp_individual_posteriors/2026-09-16/gor01_two_2006-6-09_22-24-40/ripple/combined/multi/,p_x_given_n[221].png,2026-09-16 21:03:10+00:00,14350,gor01_two_2006-6-09_22-24-40
2562,file,/umms-kdiba/Data/Output/collected_outputs/figures/_temp_individual_posteriors/2026-09-16/gor01_two_2006-6-09_22-24-40/ripple/combined/multi/,p_x_given_n[222].png,2026-09-16 21:03:10+00:00,5696,gor01_two_2006-6-09_22-24-40
2563,file,/umms-kdiba/Data/Output/collected_outputs/figures/_temp_individual_posteriors/2026-09-16/gor01_two_2006-6-09_22-24-40/ripple/combined/multi/,p_x_given_n[223].png,2026-09-16 21:03:10+00:00,15662,gor01_two_2006-6-09_22-24-40
2564,file,/umms-kdiba/Data/Output/collected_outputs/figures/_temp_individual_posteriors/2026-09-16/gor01_two_2006-6-09_22-24-40/ripple/combined/multi/,p_x_given_n[224].png,2026-09-16 21:03:10+00:00,11045,gor01_two_2006-6-09_22-24-40
2565,file,/umms-kdiba/Data/Output/collected_outputs/figures/_temp_individual_posteriors/2026-09-16/gor01_two_2006-6-09_22-24-40/ripple/combined/multi/,p_x_given_n[225].png,2026-09-16 21:03:10+00:00,5515,gor01_two_2006-6-09_22-24-40
2566,file,/umms-kdiba/Data/Output/collected_outputs/figures/_temp_individual_posteriors/2026-09-16/gor01_two_2006-6-09_22-24-40/ripple/combined/multi/,p_x_given_n[226].png,2026-09-16 21:03:10+00:00,12623,gor01_two_2006-6-09_22-24-40
2567,file,/umms-kdiba/Data/Output/collected_outputs/figures/_temp_individual_posteriors/2026-09-16/gor01_two_2006-6-09_22-24-40/ripple/combined/multi/,p_x_given_n[227].png,2026-09-16 21:03:10+00:00,5731,gor01_two_2006-6-09_22-24-40
2568,file,/umms-kdiba/Data/Output/collected_outputs/figures/_temp_individual_posteriors/2026-09-16/gor01_two_2006-6-09_22-24-40/ripple/combined/multi/,p_x_given_n[228].png,2026-09-16 21:03:10+00:00,10626,gor01_two_2006-6-09_22-24-40
2569,file,/umms-kdiba/Data/Output/collected_outputs/figures/_temp_individual_posteriors/2026-09-16/gor01_two_2006-6-09_22-24-40/ripple/combined/multi/,p_x_given_n[229].png,2026-09-16 21:03:10+00:00,17893,gor01_two_2006-6-09_22-24-40
2570,file,/umms-kdiba/Data/Output/collected_outputs/figures/_temp_individual_posteriors/2026-09-16/gor01_two_2006-6-09_22-24-40/ripple/combined/multi/,p_x_given_n[230].png,2026-09-16 21:03:10+00:00,3337,gor01_two_2006-6-09_22-24-40
2571,file,/umms-kdiba/Data/Output/collected_outputs/figures/_temp_individual_posteriors/2026-09-16/gor01_two_2006-6-09_22-24-40/ripple/combined/multi/,p_x_given_n[231].png,2026-09-16 21:03:10+00:00,4695,gor01_two_2006-6-09_22-24-40
2572,file,/umms-kdiba/Data/Output/collected_outputs/figures/_temp_individual_posteriors/2026-09-16/gor01_two_2006-6-09_22-24-40/ripple/combined/multi/,p_x_given_n[232].png,2026-09-16 21:03:10+00:00,9515,gor01_two_2006-6-09_22-24-40
2573,file,/umms-kdiba/Data/Output/collected_outputs/figures/_temp_individual_posteriors/2026-09-16/gor01_two_2006-6-09_22-24-40/ripple/combined/multi/,p_x_given_n[233].png,2026-09-16 21:03:10+00:00,18084,gor01_two_2006-6-09_22-24-40
2574,file,/umms-kdiba/Data/Output/collected_outputs/figures/_temp_individual_posteriors/2026-09-16/gor01_two_2006-6-09_22-24-40/ripple/combined/multi/,p_x_given_n[234].png,2026-09-16 21:03:10+00:00,8860,gor01_two_2006-6-09_22-24-40
2575,file,/umms-kdiba/Data/Output/collected_outputs/figures/_temp_individual_posteriors/2026-09-16/gor01_two_2006-6-09_22-24-40/ripple/combined/multi/,p_x_given_n[235].png,2026-09-16 21:03:10+00:00,17299,gor01_two_2006-6-09_22-24-40
2576,file,/umms-kdiba/Data/Output/collected_outputs/figures/_temp_individual_posteriors/2026-09-16/gor01_two_2006-6-09_22-24-40/ripple/combined/multi/,p_x_given_n[236].png,2026-09-16 21:03:10+00:00,14026,gor01_two_2006-6-09_22-24-40
2577,file,/umms-kdiba/Data/Output/collected_outputs/figures/_temp_individual_posteriors/2026-09-16/gor01_two_2006-6-09_22-24-40/ripple/combined/multi/,p_x_given_n[237].png,2026-09-16 21:03:10+00:00,6525,gor01_two_2006-6-09_22-24-40
2578,file,/umms-kdiba/Data/Output/collected_outputs/figures/_temp_individual_posteriors/2026-09-16/gor01_two_2006-6-09_22-24-40/ripple/combined/multi/,p_x_given_n[238].png,2026-09-16 21:03:10+00:00,16463,gor01_two_2006-6-09_22-24-40
2579,file,/umms-kdiba/Data/Output/collected_outputs/figures/_temp_individual_posteriors/2026-09-16/gor01_two_2006-6-09_22-24-40/ripple/combined/multi/,p_x_given_n[239].png,2026-09-16 21:03:10+00:00,13160,gor01_two_2006-6-09_22-24-40
2580,file,/umms-kdiba/Data/Output/collected_outputs/figures/_temp_individual_posteriors/2026-09-16/gor01_two_2006-6-09_22-24-40/ripple/combined/multi/,p_x_given_n[240].png,2026-09-16 21:03:10+00:00,17326,gor01_two_2006-6-09_22-24-40
2581,file,/umms-kdiba/Data/Output/collected_outputs/figures/_temp_individual_posteriors/2026-09-16/gor01_two_2006-6-09_22-24-40/ripple/combined/multi/,p_x_given_n[241].png,2026-09-16 21:03:10+00:00,16355,gor01_two_2006-6-09_22-24-40
2582,file,/umms-kdiba/Data/Output/collected_outputs/figures/_temp_individual_posteriors/2026-09-16/gor01_two_2006-6-09_22-24-40/ripple/combined/multi/,p_x_given_n[242].png,2026-09-16 21:03:10+00:00,16860,gor01_two_2006-6-09_22-24-40
2583,file,/umms-kdiba/Data/Output/collected_outputs/figures/_temp_individual_posteriors/2026-09-16/gor01_two_2006-6-09_22-24-40/ripple/combined/multi/,p_x_given_n[243].png,2026-09-16 21:03:10+00:00,13131,gor01_two_2006-6-09_22-24-40
2584,file,/umms-kdiba/Data/Output/collected_outputs/figures/_temp_individual_posteriors/2026-09-16/gor01_two_2006-6-09_22-24-40/ripple/combined/multi/,p_x_given_n[244].png,2026-09-16 21:03:10+00:00,15899,gor01_two_2006-6-09_22-24-40
2585,file,/umms-kdiba/Data/Output/collected_outputs/figures/_temp_individual_posteriors/2026-09-16/gor01_two_2006-6-09_22-24-40/ripple/combined/multi/,p_x_given_n[245].png,2026-09-16 21:03:10+00:00,6076,gor01_two_2006-6-09_22-24-40
2586,file,/umms-kdiba/Data/Output/collected_outputs/figures/_temp_individual_posteriors/2026-09-16/gor01_two_2006-6-09_22-24-40/ripple/combined/multi/,p_x_given_n[247].png,2026-09-16 21:03:10+00:00,8706,gor01_two_2006-6-09_22-24-40
2587,file,/umms-kdiba/Data/Output/collected_outputs/figures/_temp_individual_posteriors/2026-09-16/gor01_two_2006-6-09_22-24-40/ripple/combined/multi/,p_x_given_n[248].png,2026-09-16 21:03:10+00:00,19499,gor01_two_2006-6-09_22-24-40
2588,file,/umms-kdiba/Data/Output/collected_outputs/figures/_temp_individual_posteriors/2026-09-16/gor01_two_2006-6-09_22-24-40/ripple/combined/multi/,p_x_given_n[250].png,2026-09-16 21:03:10+00:00,20622,gor01_two_2006-6-09_22-24-40
2589,file,/umms-kdiba/Data/Output/collected_outputs/figures/_temp_individual_posteriors/2026-09-16/gor01_two_2006-6-09_22-24-40/ripple/combined/multi/,p_x_given_n[162].png,2026-09-16 21:03:09+00:00,12009,gor01_two_2006-6-09_22-24-40
2590,file,/umms-kdiba/Data/Output/collected_outputs/figures/_temp_individual_posteriors/2026-09-16/gor01_two_2006-6-09_22-24-40/ripple/combined/multi/,p_x_given_n[163].png,2026-09-16 21:03:09+00:00,14864,gor01_two_2006-6-09_22-24-40
2591,file,/umms-kdiba/Data/Output/collected_outputs/figures/_temp_individual_posteriors/2026-09-16/gor01_two_2006-6-09_22-24-40/ripple/combined/multi/,p_x_given_n[165].png,2026-09-16 21:03:09+00:00,12199,gor01_two_2006-6-09_22-24-40
2592,file,/umms-kdiba/Data/Output/collected_outputs/figures/_temp_individual_posteriors/2026-09-16/gor01_two_2006-6-09_22-24-40/ripple/combined/multi/,p_x_given_n[166].png,2026-09-16 21:03:09+00:00,18971,gor01_two_2006-6-09_22-24-40
2593,file,/umms-kdiba/Data/Output/collected_outputs/figures/_temp_individual_posteriors/2026-09-16/gor01_two_2006-6-09_22-24-40/ripple/combined/multi/,p_x_given_n[167].png,2026-09-16 21:03:09+00:00,16615,gor01_two_2006-6-09_22-24-40
2594,file,/umms-kdiba/Data/Output/collected_outputs/figures/_temp_individual_posteriors/2026-09-16/gor01_two_2006-6-09_22-24-40/ripple/combined/multi/,p_x_given_n[168].png,2026-09-16 21:03:09+00:00,19834,gor01_two_2006-6-09_22-24-40
2595,file,/umms-kdiba/Data/Output/collected_outputs/figures/_temp_individual_posteriors/2026-09-16/gor01_two_2006-6-09_22-24-40/ripple/combined/multi/,p_x_given_n[169].png,2026-09-16 21:03:09+00:00,16881,gor01_two_2006-6-09_22-24-40
2596,file,/umms-kdiba/Data/Output/collected_outputs/figures/_temp_individual_posteriors/2026-09-16/gor01_two_2006-6-09_22-24-40/ripple/combined/multi/,p_x_given_n[170].png,2026-09-16 21:03:09+00:00,14705,gor01_two_2006-6-09_22-24-40
2597,file,/umms-kdiba/Data/Output/collected_outputs/figures/_temp_individual_posteriors/2026-09-16/gor01_two_2006-6-09_22-24-40/ripple/combined/multi/,p_x_given_n[171].png,2026-09-16 21:03:09+00:00,9442,gor01_two_2006-6-09_22-24-40
2598,file,/umms-kdiba/Data/Output/collected_outputs/figures/_temp_individual_posteriors/2026-09-16/gor01_two_2006-6-09_22-24-40/ripple/combined/multi/,p_x_given_n[172].png,2026-09-16 21:03:09+00:00,19356,gor01_two_2006-6-09_22-24-40
2599,file,/umms-kdiba/Data/Output/collected_outputs/figures/_temp_individual_posteriors/2026-09-16/gor01_two_2006-6-09_22-24-40/ripple/combined/multi/,p_x_given_n[173].png,2026-09-16 21:03:09+00:00,14505,gor01_two_2006-6-09_22-24-40
2600,file,/umms-kdiba/Data/Output/collected_outputs/figures/_temp_individual_posteriors/2026-09-16/gor01_two_2006-6-09_22-24-40/ripple/combined/multi/,p_x_given_n[174].png,2026-09-16 21:03:09+00:00,12661,gor01_two_2006-6-09_22-24-40
2601,file,/umms-kdiba/Data/Output/collected_outputs/figures/_temp_individual_posteriors/2026-09-16/gor01_two_2006-6-09_22-24-40/ripple/combined/multi/,p_x_given_n[175].png,2026-09-16 21:03:09+00:00,14799,gor01_two_2006-6-09_22-24-40
2602,file,/umms-kdiba/Data/Output/collected_outputs/figures/_temp_individual_posteriors/2026-09-16/gor01_two_2006-6-09_22-24-40/ripple/combined/multi/,p_x_given_n[176].png,2026-09-16 21:03:09+00:00,13955,gor01_two_2006-6-09_22-24-40
2603,file,/umms-kdiba/Data/Output/collected_outputs/figures/_temp_individual_posteriors/2026-09-16/gor01_two_2006-6-09_22-24-40/ripple/combined/multi/,p_x_given_n[177].png,2026-09-16 21:03:09+00:00,5842,gor01_two_2006-6-09_22-24-40
2604,file,/umms-kdiba/Data/Output/collected_outputs/figures/_temp_individual_posteriors/2026-09-16/gor01_two_2006-6-09_22-24-40/ripple/combined/multi/,p_x_given_n[178].png,2026-09-16 21:03:09+00:00,9528,gor01_two_2006-6-09_22-24-40
2605,file,/umms-kdiba/Data/Output/collected_outputs/figures/_temp_individual_posteriors/2026-09-16/gor01_two_2006-6-09_22-24-40/ripple/combined/multi/,p_x_given_n[179].png,2026-09-16 21:03:09+00:00,18309,gor01_two_2006-6-09_22-24-40
2606,file,/umms-kdiba/Data/Output/collected_outputs/figures/_temp_individual_posteriors/2026-09-16/gor01_two_2006-6-09_22-24-40/ripple/combined/multi/,p_x_given_n[180].png,2026-09-16 21:03:09+00:00,20100,gor01_two_2006-6-09_22-24-40
2607,file,/umms-kdiba/Data/Output/collected_outputs/figures/_temp_individual_posteriors/2026-09-16/gor01_two_2006-6-09_22-24-40/ripple/combined/multi/,p_x_given_n[181].png,2026-09-16 21:03:09+00:00,14464,gor01_two_2006-6-09_22-24-40
2608,file,/umms-kdiba/Data/Output/collected_outputs/figures/_temp_individual_posteriors/2026-09-16/gor01_two_2006-6-09_22-24-40/ripple/combined/multi/,p_x_given_n[182].png,2026-09-16 21:03:09+00:00,16453,gor01_two_2006-6-09_22-24-40
2609,file,/umms-kdiba/Data/Output/collected_outputs/figures/_temp_individual_posteriors/2026-09-16/gor01_two_2006-6-09_22-24-40/ripple/combined/multi/,p_x_given_n[183].png,2026-09-16 21:03:09+00:00,5770,gor01_two_2006-6-09_22-24-40
2610,file,/umms-kdiba/Data/Output/collected_outputs/figures/_temp_individual_posteriors/2026-09-16/gor01_two_2006-6-09_22-24-40/ripple/combined/multi/,p_x_given_n[184].png,2026-09-16 21:03:09+00:00,22294,gor01_two_2006-6-09_22-24-40
2611,file,/umms-kdiba/Data/Output/collected_outputs/figures/_temp_individual_posteriors/2026-09-16/gor01_two_2006-6-09_22-24-40/ripple/combined/multi/,p_x_given_n[185].png,2026-09-16 21:03:09+00:00,16838,gor01_two_2006-6-09_22-24-40
2612,file,/umms-kdiba/Data/Output/collected_outputs/figures/_temp_individual_posteriors/2026-09-16/gor01_two_2006-6-09_22-24-40/ripple/combined/multi/,p_x_given_n[186].png,2026-09-16 21:03:09+00:00,8918,gor01_two_2006-6-09_22-24-40
2613,file,/umms-kdiba/Data/Output/collected_outputs/figures/_temp_individual_posteriors/2026-09-16/gor01_two_2006-6-09_22-24-40/ripple/combined/multi/,p_x_given_n[187].png,2026-09-16 21:03:09+00:00,7005,gor01_two_2006-6-09_22-24-40
2614,file,/umms-kdiba/Data/Output/collected_outputs/figures/_temp_individual_posteriors/2026-09-16/gor01_two_2006-6-09_22-24-40/ripple/combined/multi/,p_x_given_n[188].png,2026-09-16 21:03:09+00:00,13055,gor01_two_2006-6-09_22-24-40
2615,file,/umms-kdiba/Data/Output/collected_outputs/figures/_temp_individual_posteriors/2026-09-16/gor01_two_2006-6-09_22-24-40/ripple/combined/multi/,p_x_given_n[189].png,2026-09-16 21:03:09+00:00,17273,gor01_two_2006-6-09_22-24-40
2616,file,/umms-kdiba/Data/Output/collected_outputs/figures/_temp_individual_posteriors/2026-09-16/gor01_two_2006-6-09_22-24-40/ripple/combined/multi/,p_x_given_n[191].png,2026-09-16 21:03:09+00:00,15123,gor01_two_2006-6-09_22-24-40
2617,file,/umms-kdiba/Data/Output/collected_outputs/figures/_temp_individual_posteriors/2026-09-16/gor01_two_2006-6-09_22-24-40/ripple/combined/multi/,p_x_given_n[192].png,2026-09-16 21:03:09+00:00,19135,gor01_two_2006-6-09_22-24-40
2618,file,/umms-kdiba/Data/Output/collected_outputs/figures/_temp_individual_posteriors/2026-09-16/gor01_two_2006-6-09_22-24-40/ripple/combined/multi/,p_x_given_n[193].png,2026-09-16 21:03:09+00:00,6903,gor01_two_2006-6-09_22-24-40
2619,file,/umms-kdiba/Data/Output/collected_outputs/figures/_temp_individual_posteriors/2026-09-16/gor01_two_2006-6-09_22-24-40/ripple/combined/multi/,p_x_given_n[194].png,2026-09-16 21:03:09+00:00,16425,gor01_two_2006-6-09_22-24-40
2620,file,/umms-kdiba/Data/Output/collected_outputs/figures/_temp_individual_posteriors/2026-09-16/gor01_two_2006-6-09_22-24-40/ripple/combined/multi/,p_x_given_n[195].png,2026-09-16 21:03:09+00:00,16678,gor01_two_2006-6-09_22-24-40
2621,file,/umms-kdiba/Data/Output/collected_outputs/figures/_temp_individual_posteriors/2026-09-16/gor01_two_2006-6-09_22-24-40/ripple/combined/multi/,p_x_given_n[196].png,2026-09-16 21:03:09+00:00,12701,gor01_two_2006-6-09_22-24-40
2622,file,/umms-kdiba/Data/Output/collected_outputs/figures/_temp_individual_posteriors/2026-09-16/gor01_two_2006-6-09_22-24-40/ripple/combined/multi/,p_x_given_n[197].png,2026-09-16 21:03:09+00:00,12423,gor01_two_2006-6-09_22-24-40
2623,file,/umms-kdiba/Data/Output/collected_outputs/figures/_temp_individual_posteriors/2026-09-16/gor01_two_2006-6-09_22-24-40/ripple/combined/multi/,p_x_given_n[198].png,2026-09-16 21:03:09+00:00,12636,gor01_two_2006-6-09_22-24-40
2624,file,/umms-kdiba/Data/Output/collected_outputs/figures/_temp_individual_posteriors/2026-09-16/gor01_two_2006-6-09_22-24-40/ripple/combined/multi/,p_x_given_n[199].png,2026-09-16 21:03:09+00:00,16816,gor01_two_2006-6-09_22-24-40
2625,file,/umms-kdiba/Data/Output/collected_outputs/figures/_temp_individual_posteriors/2026-09-16/gor01_two_2006-6-09_22-24-40/ripple/combined/multi/,p_x_given_n[200].png,2026-09-16 21:03:09+00:00,8673,gor01_two_2006-6-09_22-24-40
2626,file,/umms-kdiba/Data/Output/collected_outputs/figures/_temp_individual_posteriors/2026-09-16/gor01_two_2006-6-09_22-24-40/ripple/combined/multi/,p_x_given_n[201].png,2026-09-16 21:03:09+00:00,12683,gor01_two_2006-6-09_22-24-40
2627,file,/umms-kdiba/Data/Output/collected_outputs/figures/_temp_individual_posteriors/2026-09-16/gor01_two_2006-6-09_22-24-40/ripple/combined/multi/,p_x_given_n[202].png,2026-09-16 21:03:09+00:00,15686,gor01_two_2006-6-09_22-24-40
2628,file,/umms-kdiba/Data/Output/collected_outputs/figures/_temp_individual_posteriors/2026-09-16/gor01_two_2006-6-09_22-24-40/ripple/combined/multi/,p_x_given_n[203].png,2026-09-16 21:03:09+00:00,12960,gor01_two_2006-6-09_22-24-40
2629,file,/umms-kdiba/Data/Output/collected_outputs/figures/_temp_individual_posteriors/2026-09-16/gor01_two_2006-6-09_22-24-40/ripple/combined/multi/,p_x_given_n[112].png,2026-09-16 21:03:08+00:00,10616,gor01_two_2006-6-09_22-24-40
2630,file,/umms-kdiba/Data/Output/collected_outputs/figures/_temp_individual_posteriors/2026-09-16/gor01_two_2006-6-09_22-24-40/ripple/combined/multi/,p_x_given_n[113].png,2026-09-16 21:03:08+00:00,16550,gor01_two_2006-6-09_22-24-40
2631,file,/umms-kdiba/Data/Output/collected_outputs/figures/_temp_individual_posteriors/2026-09-16/gor01_two_2006-6-09_22-24-40/ripple/combined/multi/,p_x_given_n[114].png,2026-09-16 21:03:08+00:00,3560,gor01_two_2006-6-09_22-24-40
2632,file,/umms-kdiba/Data/Output/collected_outputs/figures/_temp_individual_posteriors/2026-09-16/gor01_two_2006-6-09_22-24-40/ripple/combined/multi/,p_x_given_n[115].png,2026-09-16 21:03:08+00:00,15462,gor01_two_2006-6-09_22-24-40
2633,file,/umms-kdiba/Data/Output/collected_outputs/figures/_temp_individual_posteriors/2026-09-16/gor01_two_2006-6-09_22-24-40/ripple/combined/multi/,p_x_given_n[116].png,2026-09-16 21:03:08+00:00,13032,gor01_two_2006-6-09_22-24-40
2634,file,/umms-kdiba/Data/Output/collected_outputs/figures/_temp_individual_posteriors/2026-09-16/gor01_two_2006-6-09_22-24-40/ripple/combined/multi/,p_x_given_n[117].png,2026-09-16 21:03:08+00:00,15355,gor01_two_2006-6-09_22-24-40
2635,file,/umms-kdiba/Data/Output/collected_outputs/figures/_temp_individual_posteriors/2026-09-16/gor01_two_2006-6-09_22-24-40/ripple/combined/multi/,p_x_given_n[118].png,2026-09-16 21:03:08+00:00,12546,gor01_two_2006-6-09_22-24-40
2636,file,/umms-kdiba/Data/Output/collected_outputs/figures/_temp_individual_posteriors/2026-09-16/gor01_two_2006-6-09_22-24-40/ripple/combined/multi/,p_x_given_n[119].png,2026-09-16 21:03:08+00:00,3113,gor01_two_2006-6-09_22-24-40
2637,file,/umms-kdiba/Data/Output/collected_outputs/figures/_temp_individual_posteriors/2026-09-16/gor01_two_2006-6-09_22-24-40/ripple/combined/multi/,p_x_given_n[120].png,2026-09-16 21:03:08+00:00,3872,gor01_two_2006-6-09_22-24-40
2638,file,/umms-kdiba/Data/Output/collected_outputs/figures/_temp_individual_posteriors/2026-09-16/gor01_two_2006-6-09_22-24-40/ripple/combined/multi/,p_x_given_n[122].png,2026-09-16 21:03:08+00:00,8028,gor01_two_2006-6-09_22-24-40
2639,file,/umms-kdiba/Data/Output/collected_outputs/figures/_temp_individual_posteriors/2026-09-16/gor01_two_2006-6-09_22-24-40/ripple/combined/multi/,p_x_given_n[123].png,2026-09-16 21:03:08+00:00,13139,gor01_two_2006-6-09_22-24-40
2640,file,/umms-kdiba/Data/Output/collected_outputs/figures/_temp_individual_posteriors/2026-09-16/gor01_two_2006-6-09_22-24-40/ripple/combined/multi/,p_x_given_n[124].png,2026-09-16 21:03:08+00:00,8810,gor01_two_2006-6-09_22-24-40
2641,file,/umms-kdiba/Data/Output/collected_outputs/figures/_temp_individual_posteriors/2026-09-16/gor01_two_2006-6-09_22-24-40/ripple/combined/multi/,p_x_given_n[125].png,2026-09-16 21:03:08+00:00,4551,gor01_two_2006-6-09_22-24-40
2642,file,/umms-kdiba/Data/Output/collected_outputs/figures/_temp_individual_posteriors/2026-09-16/gor01_two_2006-6-09_22-24-40/ripple/combined/multi/,p_x_given_n[126].png,2026-09-16 21:03:08+00:00,10863,gor01_two_2006-6-09_22-24-40
2643,file,/umms-kdiba/Data/Output/collected_outputs/figures/_temp_individual_posteriors/2026-09-16/gor01_two_2006-6-09_22-24-40/ripple/combined/multi/,p_x_given_n[127].png,2026-09-16 21:03:08+00:00,6502,gor01_two_2006-6-09_22-24-40
2644,file,/umms-kdiba/Data/Output/collected_outputs/figures/_temp_individual_posteriors/2026-09-16/gor01_two_2006-6-09_22-24-40/ripple/combined/multi/,p_x_given_n[128].png,2026-09-16 21:03:08+00:00,11631,gor01_two_2006-6-09_22-24-40
2645,file,/umms-kdiba/Data/Output/collected_outputs/figures/_temp_individual_posteriors/2026-09-16/gor01_two_2006-6-09_22-24-40/ripple/combined/multi/,p_x_given_n[129].png,2026-09-16 21:03:08+00:00,10259,gor01_two_2006-6-09_22-24-40
2646,file,/umms-kdiba/Data/Output/collected_outputs/figures/_temp_individual_posteriors/2026-09-16/gor01_two_2006-6-09_22-24-40/ripple/combined/multi/,p_x_given_n[130].png,2026-09-16 21:03:08+00:00,13229,gor01_two_2006-6-09_22-24-40
2647,file,/umms-kdiba/Data/Output/collected_outputs/figures/_temp_individual_posteriors/2026-09-16/gor01_two_2006-6-09_22-24-40/ripple/combined/multi/,p_x_given_n[131].png,2026-09-16 21:03:08+00:00,10934,gor01_two_2006-6-09_22-24-40
2648,file,/umms-kdiba/Data/Output/collected_outputs/figures/_temp_individual_posteriors/2026-09-16/gor01_two_2006-6-09_22-24-40/ripple/combined/multi/,p_x_given_n[132].png,2026-09-16 21:03:08+00:00,4654,gor01_two_2006-6-09_22-24-40
2649,file,/umms-kdiba/Data/Output/collected_outputs/figures/_temp_individual_posteriors/2026-09-16/gor01_two_2006-6-09_22-24-40/ripple/combined/multi/,p_x_given_n[133].png,2026-09-16 21:03:08+00:00,10295,gor01_two_2006-6-09_22-24-40
2650,file,/umms-kdiba/Data/Output/collected_outputs/figures/_temp_individual_posteriors/2026-09-16/gor01_two_2006-6-09_22-24-40/ripple/combined/multi/,p_x_given_n[135].png,2026-09-16 21:03:08+00:00,17721,gor01_two_2006-6-09_22-24-40
2651,file,/umms-kdiba/Data/Output/collected_outputs/figures/_temp_individual_posteriors/2026-09-16/gor01_two_2006-6-09_22-24-40/ripple/combined/multi/,p_x_given_n[136].png,2026-09-16 21:03:08+00:00,4044,gor01_two_2006-6-09_22-24-40
2652,file,/umms-kdiba/Data/Output/collected_outputs/figures/_temp_individual_posteriors/2026-09-16/gor01_two_2006-6-09_22-24-40/ripple/combined/multi/,p_x_given_n[137].png,2026-09-16 21:03:08+00:00,9780,gor01_two_2006-6-09_22-24-40
2653,file,/umms-kdiba/Data/Output/collected_outputs/figures/_temp_individual_posteriors/2026-09-16/gor01_two_2006-6-09_22-24-40/ripple/combined/multi/,p_x_given_n[138].png,2026-09-16 21:03:08+00:00,16083,gor01_two_2006-6-09_22-24-40
2654,file,/umms-kdiba/Data/Output/collected_outputs/figures/_temp_individual_posteriors/2026-09-16/gor01_two_2006-6-09_22-24-40/ripple/combined/multi/,p_x_given_n[139].png,2026-09-16 21:03:08+00:00,12245,gor01_two_2006-6-09_22-24-40
2655,file,/umms-kdiba/Data/Output/collected_outputs/figures/_temp_individual_posteriors/2026-09-16/gor01_two_2006-6-09_22-24-40/ripple/combined/multi/,p_x_given_n[140].png,2026-09-16 21:03:08+00:00,12732,gor01_two_2006-6-09_22-24-40
2656,file,/umms-kdiba/Data/Output/collected_outputs/figures/_temp_individual_posteriors/2026-09-16/gor01_two_2006-6-09_22-24-40/ripple/combined/multi/,p_x_given_n[141].png,2026-09-16 21:03:08+00:00,14933,gor01_two_2006-6-09_22-24-40
2657,file,/umms-kdiba/Data/Output/collected_outputs/figures/_temp_individual_posteriors/2026-09-16/gor01_two_2006-6-09_22-24-40/ripple/combined/multi/,p_x_given_n[142].png,2026-09-16 21:03:08+00:00,11026,gor01_two_2006-6-09_22-24-40
2658,file,/umms-kdiba/Data/Output/collected_outputs/figures/_temp_individual_posteriors/2026-09-16/gor01_two_2006-6-09_22-24-40/ripple/combined/multi/,p_x_given_n[143].png,2026-09-16 21:03:08+00:00,8085,gor01_two_2006-6-09_22-24-40
2659,file,/umms-kdiba/Data/Output/collected_outputs/figures/_temp_individual_posteriors/2026-09-16/gor01_two_2006-6-09_22-24-40/ripple/combined/multi/,p_x_given_n[144].png,2026-09-16 21:03:08+00:00,11651,gor01_two_2006-6-09_22-24-40
2660,file,/umms-kdiba/Data/Output/collected_outputs/figures/_temp_individual_posteriors/2026-09-16/gor01_two_2006-6-09_22-24-40/ripple/combined/multi/,p_x_given_n[145].png,2026-09-16 21:03:08+00:00,4858,gor01_two_2006-6-09_22-24-40
2661,file,/umms-kdiba/Data/Output/collected_outputs/figures/_temp_individual_posteriors/2026-09-16/gor01_two_2006-6-09_22-24-40/ripple/combined/multi/,p_x_given_n[147].png,2026-09-16 21:03:08+00:00,3359,gor01_two_2006-6-09_22-24-40
2662,file,/umms-kdiba/Data/Output/collected_outputs/figures/_temp_individual_posteriors/2026-09-16/gor01_two_2006-6-09_22-24-40/ripple/combined/multi/,p_x_given_n[148].png,2026-09-16 21:03:08+00:00,3167,gor01_two_2006-6-09_22-24-40
2663,file,/umms-kdiba/Data/Output/collected_outputs/figures/_temp_individual_posteriors/2026-09-16/gor01_two_2006-6-09_22-24-40/ripple/combined/multi/,p_x_given_n[149].png,2026-09-16 21:03:08+00:00,17669,gor01_two_2006-6-09_22-24-40
2664,file,/umms-kdiba/Data/Output/collected_outputs/figures/_temp_individual_posteriors/2026-09-16/gor01_two_2006-6-09_22-24-40/ripple/combined/multi/,p_x_given_n[150].png,2026-09-16 21:03:08+00:00,10540,gor01_two_2006-6-09_22-24-40
2665,file,/umms-kdiba/Data/Output/collected_outputs/figures/_temp_individual_posteriors/2026-09-16/gor01_two_2006-6-09_22-24-40/ripple/combined/multi/,p_x_given_n[151].png,2026-09-16 21:03:08+00:00,19460,gor01_two_2006-6-09_22-24-40
2666,file,/umms-kdiba/Data/Output/collected_outputs/figures/_temp_individual_posteriors/2026-09-16/gor01_two_2006-6-09_22-24-40/ripple/combined/multi/,p_x_given_n[152].png,2026-09-16 21:03:08+00:00,11398,gor01_two_2006-6-09_22-24-40
2667,file,/umms-kdiba/Data/Output/collected_outputs/figures/_temp_individual_posteriors/2026-09-16/gor01_two_2006-6-09_22-24-40/ripple/combined/multi/,p_x_given_n[153].png,2026-09-16 21:03:08+00:00,20606,gor01_two_2006-6-09_22-24-40
2668,file,/umms-kdiba/Data/Output/collected_outputs/figures/_temp_individual_posteriors/2026-09-16/gor01_two_2006-6-09_22-24-40/ripple/combined/multi/,p_x_given_n[154].png,2026-09-16 21:03:08+00:00,6517,gor01_two_2006-6-09_22-24-40
2669,file,/umms-kdiba/Data/Output/collected_outputs/figures/_temp_individual_posteriors/2026-09-16/gor01_two_2006-6-09_22-24-40/ripple/combined/multi/,p_x_given_n[155].png,2026-09-16 21:03:08+00:00,11586,gor01_two_2006-6-09_22-24-40
2670,file,/umms-kdiba/Data/Output/collected_outputs/figures/_temp_individual_posteriors/2026-09-16/gor01_two_2006-6-09_22-24-40/ripple/combined/multi/,p_x_given_n[156].png,2026-09-16 21:03:08+00:00,3674,gor01_two_2006-6-09_22-24-40
2671,file,/umms-kdiba/Data/Output/collected_outputs/figures/_temp_individual_posteriors/2026-09-16/gor01_two_2006-6-09_22-24-40/ripple/combined/multi/,p_x_given_n[157].png,2026-09-16 21:03:08+00:00,15554,gor01_two_2006-6-09_22-24-40
2672,file,/umms-kdiba/Data/Output/collected_outputs/figures/_temp_individual_posteriors/2026-09-16/gor01_two_2006-6-09_22-24-40/ripple/combined/multi/,p_x_given_n[158].png,2026-09-16 21:03:08+00:00,16004,gor01_two_2006-6-09_22-24-40
2673,file,/umms-kdiba/Data/Output/collected_outputs/figures/_temp_individual_posteriors/2026-09-16/gor01_two_2006-6-09_22-24-40/ripple/combined/multi/,p_x_given_n[159].png,2026-09-16 21:03:08+00:00,12688,gor01_two_2006-6-09_22-24-40
2674,file,/umms-kdiba/Data/Output/collected_outputs/figures/_temp_individual_posteriors/2026-09-16/gor01_two_2006-6-09_22-24-40/ripple/combined/multi/,p_x_given_n[160].png,2026-09-16 21:03:08+00:00,21720,gor01_two_2006-6-09_22-24-40
2675,file,/umms-kdiba/Data/Output/collected_outputs/figures/_temp_individual_posteriors/2026-09-16/gor01_two_2006-6-09_22-24-40/ripple/combined/multi/,p_x_given_n[161].png,2026-09-16 21:03:08+00:00,10142,gor01_two_2006-6-09_22-24-40
2676,file,/umms-kdiba/Data/Output/collected_outputs/figures/_temp_individual_posteriors/2026-09-16/gor01_two_2006-6-09_22-24-40/ripple/combined/multi/,p_x_given_n[070].png,2026-09-16 21:03:07+00:00,19347,gor01_two_2006-6-09_22-24-40
2677,file,/umms-kdiba/Data/Output/collected_outputs/figures/_temp_individual_posteriors/2026-09-16/gor01_two_2006-6-09_22-24-40/ripple/combined/multi/,p_x_given_n[071].png,2026-09-16 21:03:07+00:00,17557,gor01_two_2006-6-09_22-24-40
2678,file,/umms-kdiba/Data/Output/collected_outputs/figures/_temp_individual_posteriors/2026-09-16/gor01_two_2006-6-09_22-24-40/ripple/combined/multi/,p_x_given_n[072].png,2026-09-16 21:03:07+00:00,12687,gor01_two_2006-6-09_22-24-40
2679,file,/umms-kdiba/Data/Output/collected_outputs/figures/_temp_individual_posteriors/2026-09-16/gor01_two_2006-6-09_22-24-40/ripple/combined/multi/,p_x_given_n[073].png,2026-09-16 21:03:07+00:00,13052,gor01_two_2006-6-09_22-24-40
2680,file,/umms-kdiba/Data/Output/collected_outputs/figures/_temp_individual_posteriors/2026-09-16/gor01_two_2006-6-09_22-24-40/ripple/combined/multi/,p_x_given_n[074].png,2026-09-16 21:03:07+00:00,10186,gor01_two_2006-6-09_22-24-40
2681,file,/umms-kdiba/Data/Output/collected_outputs/figures/_temp_individual_posteriors/2026-09-16/gor01_two_2006-6-09_22-24-40/ripple/combined/multi/,p_x_given_n[075].png,2026-09-16 21:03:07+00:00,15651,gor01_two_2006-6-09_22-24-40
2682,file,/umms-kdiba/Data/Output/collected_outputs/figures/_temp_individual_posteriors/2026-09-16/gor01_two_2006-6-09_22-24-40/ripple/combined/multi/,p_x_given_n[076].png,2026-09-16 21:03:07+00:00,3117,gor01_two_2006-6-09_22-24-40
2683,file,/umms-kdiba/Data/Output/collected_outputs/figures/_temp_individual_posteriors/2026-09-16/gor01_two_2006-6-09_22-24-40/ripple/combined/multi/,p_x_given_n[077].png,2026-09-16 21:03:07+00:00,15571,gor01_two_2006-6-09_22-24-40
2684,file,/umms-kdiba/Data/Output/collected_outputs/figures/_temp_individual_posteriors/2026-09-16/gor01_two_2006-6-09_22-24-40/ripple/combined/multi/,p_x_given_n[078].png,2026-09-16 21:03:07+00:00,13548,gor01_two_2006-6-09_22-24-40
2685,file,/umms-kdiba/Data/Output/collected_outputs/figures/_temp_individual_posteriors/2026-09-16/gor01_two_2006-6-09_22-24-40/ripple/combined/multi/,p_x_given_n[079].png,2026-09-16 21:03:07+00:00,11649,gor01_two_2006-6-09_22-24-40
2686,file,/umms-kdiba/Data/Output/collected_outputs/figures/_temp_individual_posteriors/2026-09-16/gor01_two_2006-6-09_22-24-40/ripple/combined/multi/,p_x_given_n[080].png,2026-09-16 21:03:07+00:00,18867,gor01_two_2006-6-09_22-24-40
2687,file,/umms-kdiba/Data/Output/collected_outputs/figures/_temp_individual_posteriors/2026-09-16/gor01_two_2006-6-09_22-24-40/ripple/combined/multi/,p_x_given_n[081].png,2026-09-16 21:03:07+00:00,15073,gor01_two_2006-6-09_22-24-40
2688,file,/umms-kdiba/Data/Output/collected_outputs/figures/_temp_individual_posteriors/2026-09-16/gor01_two_2006-6-09_22-24-40/ripple/combined/multi/,p_x_given_n[082].png,2026-09-16 21:03:07+00:00,19583,gor01_two_2006-6-09_22-24-40
2689,file,/umms-kdiba/Data/Output/collected_outputs/figures/_temp_individual_posteriors/2026-09-16/gor01_two_2006-6-09_22-24-40/ripple/combined/multi/,p_x_given_n[083].png,2026-09-16 21:03:07+00:00,17207,gor01_two_2006-6-09_22-24-40
2690,file,/umms-kdiba/Data/Output/collected_outputs/figures/_temp_individual_posteriors/2026-09-16/gor01_two_2006-6-09_22-24-40/ripple/combined/multi/,p_x_given_n[084].png,2026-09-16 21:03:07+00:00,6632,gor01_two_2006-6-09_22-24-40
2691,file,/umms-kdiba/Data/Output/collected_outputs/figures/_temp_individual_posteriors/2026-09-16/gor01_two_2006-6-09_22-24-40/ripple/combined/multi/,p_x_given_n[085].png,2026-09-16 21:03:07+00:00,14109,gor01_two_2006-6-09_22-24-40
2692,file,/umms-kdiba/Data/Output/collected_outputs/figures/_temp_individual_posteriors/2026-09-16/gor01_two_2006-6-09_22-24-40/ripple/combined/multi/,p_x_given_n[086].png,2026-09-16 21:03:07+00:00,8513,gor01_two_2006-6-09_22-24-40
2693,file,/umms-kdiba/Data/Output/collected_outputs/figures/_temp_individual_posteriors/2026-09-16/gor01_two_2006-6-09_22-24-40/ripple/combined/multi/,p_x_given_n[087].png,2026-09-16 21:03:07+00:00,15264,gor01_two_2006-6-09_22-24-40
2694,file,/umms-kdiba/Data/Output/collected_outputs/figures/_temp_individual_posteriors/2026-09-16/gor01_two_2006-6-09_22-24-40/ripple/combined/multi/,p_x_given_n[088].png,2026-09-16 21:03:07+00:00,13397,gor01_two_2006-6-09_22-24-40
2695,file,/umms-kdiba/Data/Output/collected_outputs/figures/_temp_individual_posteriors/2026-09-16/gor01_two_2006-6-09_22-24-40/ripple/combined/multi/,p_x_given_n[089].png,2026-09-16 21:03:07+00:00,11003,gor01_two_2006-6-09_22-24-40
2696,file,/umms-kdiba/Data/Output/collected_outputs/figures/_temp_individual_posteriors/2026-09-16/gor01_two_2006-6-09_22-24-40/ripple/combined/multi/,p_x_given_n[090].png,2026-09-16 21:03:07+00:00,16782,gor01_two_2006-6-09_22-24-40
2697,file,/umms-kdiba/Data/Output/collected_outputs/figures/_temp_individual_posteriors/2026-09-16/gor01_two_2006-6-09_22-24-40/ripple/combined/multi/,p_x_given_n[092].png,2026-09-16 21:03:07+00:00,19468,gor01_two_2006-6-09_22-24-40
2698,file,/umms-kdiba/Data/Output/collected_outputs/figures/_temp_individual_posteriors/2026-09-16/gor01_two_2006-6-09_22-24-40/ripple/combined/multi/,p_x_given_n[093].png,2026-09-16 21:03:07+00:00,9939,gor01_two_2006-6-09_22-24-40
2699,file,/umms-kdiba/Data/Output/collected_outputs/figures/_temp_individual_posteriors/2026-09-16/gor01_two_2006-6-09_22-24-40/ripple/combined/multi/,p_x_given_n[094].png,2026-09-16 21:03:07+00:00,14769,gor01_two_2006-6-09_22-24-40
2700,file,/umms-kdiba/Data/Output/collected_outputs/figures/_temp_individual_posteriors/2026-09-16/gor01_two_2006-6-09_22-24-40/ripple/combined/multi/,p_x_given_n[095].png,2026-09-16 21:03:07+00:00,21370,gor01_two_2006-6-09_22-24-40
2701,file,/umms-kdiba/Data/Output/collected_outputs/figures/_temp_individual_posteriors/2026-09-16/gor01_two_2006-6-09_22-24-40/ripple/combined/multi/,p_x_given_n[096].png,2026-09-16 21:03:07+00:00,6375,gor01_two_2006-6-09_22-24-40
2702,file,/umms-kdiba/Data/Output/collected_outputs/figures/_temp_individual_posteriors/2026-09-16/gor01_two_2006-6-09_22-24-40/ripple/combined/multi/,p_x_given_n[097].png,2026-09-16 21:03:07+00:00,16138,gor01_two_2006-6-09_22-24-40
2703,file,/umms-kdiba/Data/Output/collected_outputs/figures/_temp_individual_posteriors/2026-09-16/gor01_two_2006-6-09_22-24-40/ripple/combined/multi/,p_x_given_n[098].png,2026-09-16 21:03:07+00:00,26103,gor01_two_2006-6-09_22-24-40
2704,file,/umms-kdiba/Data/Output/collected_outputs/figures/_temp_individual_posteriors/2026-09-16/gor01_two_2006-6-09_22-24-40/ripple/combined/multi/,p_x_given_n[099].png,2026-09-16 21:03:07+00:00,19900,gor01_two_2006-6-09_22-24-40
2705,file,/umms-kdiba/Data/Output/collected_outputs/figures/_temp_individual_posteriors/2026-09-16/gor01_two_2006-6-09_22-24-40/ripple/combined/multi/,p_x_given_n[100].png,2026-09-16 21:03:07+00:00,15187,gor01_two_2006-6-09_22-24-40
2706,file,/umms-kdiba/Data/Output/collected_outputs/figures/_temp_individual_posteriors/2026-09-16/gor01_two_2006-6-09_22-24-40/ripple/combined/multi/,p_x_given_n[101].png,2026-09-16 21:03:07+00:00,16557,gor01_two_2006-6-09_22-24-40
2707,file,/umms-kdiba/Data/Output/collected_outputs/figures/_temp_individual_posteriors/2026-09-16/gor01_two_2006-6-09_22-24-40/ripple/combined/multi/,p_x_given_n[102].png,2026-09-16 21:03:07+00:00,11961,gor01_two_2006-6-09_22-24-40
2708,file,/umms-kdiba/Data/Output/collected_outputs/figures/_temp_individual_posteriors/2026-09-16/gor01_two_2006-6-09_22-24-40/ripple/combined/multi/,p_x_given_n[103].png,2026-09-16 21:03:07+00:00,20514,gor01_two_2006-6-09_22-24-40
2709,file,/umms-kdiba/Data/Output/collected_outputs/figures/_temp_individual_posteriors/2026-09-16/gor01_two_2006-6-09_22-24-40/ripple/combined/multi/,p_x_given_n[104].png,2026-09-16 21:03:07+00:00,17526,gor01_two_2006-6-09_22-24-40
2710,file,/umms-kdiba/Data/Output/collected_outputs/figures/_temp_individual_posteriors/2026-09-16/gor01_two_2006-6-09_22-24-40/ripple/combined/multi/,p_x_given_n[105].png,2026-09-16 21:03:07+00:00,3613,gor01_two_2006-6-09_22-24-40
2711,file,/umms-kdiba/Data/Output/collected_outputs/figures/_temp_individual_posteriors/2026-09-16/gor01_two_2006-6-09_22-24-40/ripple/combined/multi/,p_x_given_n[106].png,2026-09-16 21:03:07+00:00,18103,gor01_two_2006-6-09_22-24-40
2712,file,/umms-kdiba/Data/Output/collected_outputs/figures/_temp_individual_posteriors/2026-09-16/gor01_two_2006-6-09_22-24-40/ripple/combined/multi/,p_x_given_n[107].png,2026-09-16 21:03:07+00:00,18229,gor01_two_2006-6-09_22-24-40
2713,file,/umms-kdiba/Data/Output/collected_outputs/figures/_temp_individual_posteriors/2026-09-16/gor01_two_2006-6-09_22-24-40/ripple/combined/multi/,p_x_given_n[108].png,2026-09-16 21:03:07+00:00,16295,gor01_two_2006-6-09_22-24-40
2714,file,/umms-kdiba/Data/Output/collected_outputs/figures/_temp_individual_posteriors/2026-09-16/gor01_two_2006-6-09_22-24-40/ripple/combined/multi/,p_x_given_n[109].png,2026-09-16 21:03:07+00:00,7019,gor01_two_2006-6-09_22-24-40
2715,file,/umms-kdiba/Data/Output/collected_outputs/figures/_temp_individual_posteriors/2026-09-16/gor01_two_2006-6-09_22-24-40/ripple/combined/multi/,p_x_given_n[110].png,2026-09-16 21:03:07+00:00,12007,gor01_two_2006-6-09_22-24-40
2716,file,/umms-kdiba/Data/Output/collected_outputs/figures/_temp_individual_posteriors/2026-09-16/gor01_two_2006-6-09_22-24-40/ripple/combined/multi/,p_x_given_n[111].png,2026-09-16 21:03:07+00:00,15147,gor01_two_2006-6-09_22-24-40
2717,file,/umms-kdiba/Data/Output/collected_outputs/figures/_temp_individual_posteriors/2026-09-16/gor01_two_2006-6-09_22-24-40/ripple/combined/multi/,p_x_given_n[027].png,2026-09-16 21:03:06+00:00,16558,gor01_two_2006-6-09_22-24-40
2718,file,/umms-kdiba/Data/Output/collected_outputs/figures/_temp_individual_posteriors/2026-09-16/gor01_two_2006-6-09_22-24-40/ripple/combined/multi/,p_x_given_n[028].png,2026-09-16 21:03:06+00:00,19631,gor01_two_2006-6-09_22-24-40
2719,file,/umms-kdiba/Data/Output/collected_outputs/figures/_temp_individual_posteriors/2026-09-16/gor01_two_2006-6-09_22-24-40/ripple/combined/multi/,p_x_given_n[029].png,2026-09-16 21:03:06+00:00,17632,gor01_two_2006-6-09_22-24-40
2720,file,/umms-kdiba/Data/Output/collected_outputs/figures/_temp_individual_posteriors/2026-09-16/gor01_two_2006-6-09_22-24-40/ripple/combined/multi/,p_x_given_n[030].png,2026-09-16 21:03:06+00:00,3514,gor01_two_2006-6-09_22-24-40
2721,file,/umms-kdiba/Data/Output/collected_outputs/figures/_temp_individual_posteriors/2026-09-16/gor01_two_2006-6-09_22-24-40/ripple/combined/multi/,p_x_given_n[031].png,2026-09-16 21:03:06+00:00,9131,gor01_two_2006-6-09_22-24-40
2722,file,/umms-kdiba/Data/Output/collected_outputs/figures/_temp_individual_posteriors/2026-09-16/gor01_two_2006-6-09_22-24-40/ripple/combined/multi/,p_x_given_n[033].png,2026-09-16 21:03:06+00:00,10682,gor01_two_2006-6-09_22-24-40
2723,file,/umms-kdiba/Data/Output/collected_outputs/figures/_temp_individual_posteriors/2026-09-16/gor01_two_2006-6-09_22-24-40/ripple/combined/multi/,p_x_given_n[034].png,2026-09-16 21:03:06+00:00,12029,gor01_two_2006-6-09_22-24-40
2724,file,/umms-kdiba/Data/Output/collected_outputs/figures/_temp_individual_posteriors/2026-09-16/gor01_two_2006-6-09_22-24-40/ripple/combined/multi/,p_x_given_n[035].png,2026-09-16 21:03:06+00:00,16626,gor01_two_2006-6-09_22-24-40
2725,file,/umms-kdiba/Data/Output/collected_outputs/figures/_temp_individual_posteriors/2026-09-16/gor01_two_2006-6-09_22-24-40/ripple/combined/multi/,p_x_given_n[036].png,2026-09-16 21:03:06+00:00,21678,gor01_two_2006-6-09_22-24-40
2726,file,/umms-kdiba/Data/Output/collected_outputs/figures/_temp_individual_posteriors/2026-09-16/gor01_two_2006-6-09_22-24-40/ripple/combined/multi/,p_x_given_n[037].png,2026-09-16 21:03:06+00:00,6959,gor01_two_2006-6-09_22-24-40
2727,file,/umms-kdiba/Data/Output/collected_outputs/figures/_temp_individual_posteriors/2026-09-16/gor01_two_2006-6-09_22-24-40/ripple/combined/multi/,p_x_given_n[038].png,2026-09-16 21:03:06+00:00,16080,gor01_two_2006-6-09_22-24-40
2728,file,/umms-kdiba/Data/Output/collected_outputs/figures/_temp_individual_posteriors/2026-09-16/gor01_two_2006-6-09_22-24-40/ripple/combined/multi/,p_x_given_n[039].png,2026-09-16 21:03:06+00:00,20299,gor01_two_2006-6-09_22-24-40
2729,file,/umms-kdiba/Data/Output/collected_outputs/figures/_temp_individual_posteriors/2026-09-16/gor01_two_2006-6-09_22-24-40/ripple/combined/multi/,p_x_given_n[040].png,2026-09-16 21:03:06+00:00,7569,gor01_two_2006-6-09_22-24-40
2730,file,/umms-kdiba/Data/Output/collected_outputs/figures/_temp_individual_posteriors/2026-09-16/gor01_two_2006-6-09_22-24-40/ripple/combined/multi/,p_x_given_n[041].png,2026-09-16 21:03:06+00:00,8830,gor01_two_2006-6-09_22-24-40
2731,file,/umms-kdiba/Data/Output/collected_outputs/figures/_temp_individual_posteriors/2026-09-16/gor01_two_2006-6-09_22-24-40/ripple/combined/multi/,p_x_given_n[042].png,2026-09-16 21:03:06+00:00,17894,gor01_two_2006-6-09_22-24-40
2732,file,/umms-kdiba/Data/Output/collected_outputs/figures/_temp_individual_posteriors/2026-09-16/gor01_two_2006-6-09_22-24-40/ripple/combined/multi/,p_x_given_n[043].png,2026-09-16 21:03:06+00:00,12128,gor01_two_2006-6-09_22-24-40
2733,file,/umms-kdiba/Data/Output/collected_outputs/figures/_temp_individual_posteriors/2026-09-16/gor01_two_2006-6-09_22-24-40/ripple/combined/multi/,p_x_given_n[044].png,2026-09-16 21:03:06+00:00,11631,gor01_two_2006-6-09_22-24-40
2734,file,/umms-kdiba/Data/Output/collected_outputs/figures/_temp_individual_posteriors/2026-09-16/gor01_two_2006-6-09_22-24-40/ripple/combined/multi/,p_x_given_n[045].png,2026-09-16 21:03:06+00:00,6575,gor01_two_2006-6-09_22-24-40
2735,file,/umms-kdiba/Data/Output/collected_outputs/figures/_temp_individual_posteriors/2026-09-16/gor01_two_2006-6-09_22-24-40/ripple/combined/multi/,p_x_given_n[046].png,2026-09-16 21:03:06+00:00,17399,gor01_two_2006-6-09_22-24-40
2736,file,/umms-kdiba/Data/Output/collected_outputs/figures/_temp_individual_posteriors/2026-09-16/gor01_two_2006-6-09_22-24-40/ripple/combined/multi/,p_x_given_n[047].png,2026-09-16 21:03:06+00:00,6706,gor01_two_2006-6-09_22-24-40
2737,file,/umms-kdiba/Data/Output/collected_outputs/figures/_temp_individual_posteriors/2026-09-16/gor01_two_2006-6-09_22-24-40/ripple/combined/multi/,p_x_given_n[048].png,2026-09-16 21:03:06+00:00,10704,gor01_two_2006-6-09_22-24-40
2738,file,/umms-kdiba/Data/Output/collected_outputs/figures/_temp_individual_posteriors/2026-09-16/gor01_two_2006-6-09_22-24-40/ripple/combined/multi/,p_x_given_n[049].png,2026-09-16 21:03:06+00:00,18312,gor01_two_2006-6-09_22-24-40
2739,file,/umms-kdiba/Data/Output/collected_outputs/figures/_temp_individual_posteriors/2026-09-16/gor01_two_2006-6-09_22-24-40/ripple/combined/multi/,p_x_given_n[050].png,2026-09-16 21:03:06+00:00,6198,gor01_two_2006-6-09_22-24-40
2740,file,/umms-kdiba/Data/Output/collected_outputs/figures/_temp_individual_posteriors/2026-09-16/gor01_two_2006-6-09_22-24-40/ripple/combined/multi/,p_x_given_n[051].png,2026-09-16 21:03:06+00:00,16442,gor01_two_2006-6-09_22-24-40
2741,file,/umms-kdiba/Data/Output/collected_outputs/figures/_temp_individual_posteriors/2026-09-16/gor01_two_2006-6-09_22-24-40/ripple/combined/multi/,p_x_given_n[052].png,2026-09-16 21:03:06+00:00,15541,gor01_two_2006-6-09_22-24-40
2742,file,/umms-kdiba/Data/Output/collected_outputs/figures/_temp_individual_posteriors/2026-09-16/gor01_two_2006-6-09_22-24-40/ripple/combined/multi/,p_x_given_n[053].png,2026-09-16 21:03:06+00:00,15728,gor01_two_2006-6-09_22-24-40
2743,file,/umms-kdiba/Data/Output/collected_outputs/figures/_temp_individual_posteriors/2026-09-16/gor01_two_2006-6-09_22-24-40/ripple/combined/multi/,p_x_given_n[054].png,2026-09-16 21:03:06+00:00,8882,gor01_two_2006-6-09_22-24-40
2744,file,/umms-kdiba/Data/Output/collected_outputs/figures/_temp_individual_posteriors/2026-09-16/gor01_two_2006-6-09_22-24-40/ripple/combined/multi/,p_x_given_n[055].png,2026-09-16 21:03:06+00:00,15349,gor01_two_2006-6-09_22-24-40
2745,file,/umms-kdiba/Data/Output/collected_outputs/figures/_temp_individual_posteriors/2026-09-16/gor01_two_2006-6-09_22-24-40/ripple/combined/multi/,p_x_given_n[056].png,2026-09-16 21:03:06+00:00,21508,gor01_two_2006-6-09_22-24-40
2746,file,/umms-kdiba/Data/Output/collected_outputs/figures/_temp_individual_posteriors/2026-09-16/gor01_two_2006-6-09_22-24-40/ripple/combined/multi/,p_x_given_n[057].png,2026-09-16 21:03:06+00:00,21116,gor01_two_2006-6-09_22-24-40
2747,file,/umms-kdiba/Data/Output/collected_outputs/figures/_temp_individual_posteriors/2026-09-16/gor01_two_2006-6-09_22-24-40/ripple/combined/multi/,p_x_given_n[058].png,2026-09-16 21:03:06+00:00,9971,gor01_two_2006-6-09_22-24-40
2748,file,/umms-kdiba/Data/Output/collected_outputs/figures/_temp_individual_posteriors/2026-09-16/gor01_two_2006-6-09_22-24-40/ripple/combined/multi/,p_x_given_n[059].png,2026-09-16 21:03:06+00:00,12632,gor01_two_2006-6-09_22-24-40
2749,file,/umms-kdiba/Data/Output/collected_outputs/figures/_temp_individual_posteriors/2026-09-16/gor01_two_2006-6-09_22-24-40/ripple/combined/multi/,p_x_given_n[060].png,2026-09-16 21:03:06+00:00,5997,gor01_two_2006-6-09_22-24-40
2750,file,/umms-kdiba/Data/Output/collected_outputs/figures/_temp_individual_posteriors/2026-09-16/gor01_two_2006-6-09_22-24-40/ripple/combined/multi/,p_x_given_n[061].png,2026-09-16 21:03:06+00:00,19404,gor01_two_2006-6-09_22-24-40
2751,file,/umms-kdiba/Data/Output/collected_outputs/figures/_temp_individual_posteriors/2026-09-16/gor01_two_2006-6-09_22-24-40/ripple/combined/multi/,p_x_given_n[062].png,2026-09-16 21:03:06+00:00,5769,gor01_two_2006-6-09_22-24-40
2752,file,/umms-kdiba/Data/Output/collected_outputs/figures/_temp_individual_posteriors/2026-09-16/gor01_two_2006-6-09_22-24-40/ripple/combined/multi/,p_x_given_n[063].png,2026-09-16 21:03:06+00:00,14479,gor01_two_2006-6-09_22-24-40
2753,file,/umms-kdiba/Data/Output/collected_outputs/figures/_temp_individual_posteriors/2026-09-16/gor01_two_2006-6-09_22-24-40/ripple/combined/multi/,p_x_given_n[064].png,2026-09-16 21:03:06+00:00,15053,gor01_two_2006-6-09_22-24-40
2754,file,/umms-kdiba/Data/Output/collected_outputs/figures/_temp_individual_posteriors/2026-09-16/gor01_two_2006-6-09_22-24-40/ripple/combined/multi/,p_x_given_n[065].png,2026-09-16 21:03:06+00:00,19202,gor01_two_2006-6-09_22-24-40
2755,file,/umms-kdiba/Data/Output/collected_outputs/figures/_temp_individual_posteriors/2026-09-16/gor01_two_2006-6-09_22-24-40/ripple/combined/multi/,p_x_given_n[066].png,2026-09-16 21:03:06+00:00,18436,gor01_two_2006-6-09_22-24-40
2756,file,/umms-kdiba/Data/Output/collected_outputs/figures/_temp_individual_posteriors/2026-09-16/gor01_two_2006-6-09_22-24-40/ripple/combined/multi/,p_x_given_n[067].png,2026-09-16 21:03:06+00:00,15039,gor01_two_2006-6-09_22-24-40
2757,file,/umms-kdiba/Data/Output/collected_outputs/figures/_temp_individual_posteriors/2026-09-16/gor01_two_2006-6-09_22-24-40/ripple/combined/multi/,p_x_given_n[068].png,2026-09-16 21:03:06+00:00,23386,gor01_two_2006-6-09_22-24-40
2758,file,/umms-kdiba/Data/Output/collected_outputs/figures/_temp_individual_posteriors/2026-09-16/gor01_two_2006-6-09_22-24-40/ripple/combined/multi/,p_x_given_n[069].png,2026-09-16 21:03:06+00:00,4301,gor01_two_2006-6-09_22-24-40
2759,file,/umms-kdiba/Data/Output/collected_outputs/figures/_temp_individual_posteriors/2026-09-16/gor01_two_2006-6-09_22-24-40/ripple/combined/multi/,p_x_given_n[001].png,2026-09-16 21:03:05+00:00,12683,gor01_two_2006-6-09_22-24-40
2760,file,/umms-kdiba/Data/Output/collected_outputs/figures/_temp_individual_posteriors/2026-09-16/gor01_two_2006-6-09_22-24-40/ripple/combined/multi/,p_x_given_n[002].png,2026-09-16 21:03:05+00:00,11385,gor01_two_2006-6-09_22-24-40
2761,file,/umms-kdiba/Data/Output/collected_outputs/figures/_temp_individual_posteriors/2026-09-16/gor01_two_2006-6-09_22-24-40/ripple/combined/multi/,p_x_given_n[003].png,2026-09-16 21:03:05+00:00,19428,gor01_two_2006-6-09_22-24-40
2762,file,/umms-kdiba/Data/Output/collected_outputs/figures/_temp_individual_posteriors/2026-09-16/gor01_two_2006-6-09_22-24-40/ripple/combined/multi/,p_x_given_n[004].png,2026-09-16 21:03:05+00:00,20609,gor01_two_2006-6-09_22-24-40
2763,file,/umms-kdiba/Data/Output/collected_outputs/figures/_temp_individual_posteriors/2026-09-16/gor01_two_2006-6-09_22-24-40/ripple/combined/multi/,p_x_given_n[005].png,2026-09-16 21:03:05+00:00,16710,gor01_two_2006-6-09_22-24-40
2764,file,/umms-kdiba/Data/Output/collected_outputs/figures/_temp_individual_posteriors/2026-09-16/gor01_two_2006-6-09_22-24-40/ripple/combined/multi/,p_x_given_n[006].png,2026-09-16 21:03:05+00:00,18635,gor01_two_2006-6-09_22-24-40
2765,file,/umms-kdiba/Data/Output/collected_outputs/figures/_temp_individual_posteriors/2026-09-16/gor01_two_2006-6-09_22-24-40/ripple/combined/multi/,p_x_given_n[007].png,2026-09-16 21:03:05+00:00,15053,gor01_two_2006-6-09_22-24-40
2766,file,/umms-kdiba/Data/Output/collected_outputs/figures/_temp_individual_posteriors/2026-09-16/gor01_two_2006-6-09_22-24-40/ripple/combined/multi/,p_x_given_n[008].png,2026-09-16 21:03:05+00:00,6114,gor01_two_2006-6-09_22-24-40
2767,file,/umms-kdiba/Data/Output/collected_outputs/figures/_temp_individual_posteriors/2026-09-16/gor01_two_2006-6-09_22-24-40/ripple/combined/multi/,p_x_given_n[009].png,2026-09-16 21:03:05+00:00,8749,gor01_two_2006-6-09_22-24-40
2768,file,/umms-kdiba/Data/Output/collected_outputs/figures/_temp_individual_posteriors/2026-09-16/gor01_two_2006-6-09_22-24-40/ripple/combined/multi/,p_x_given_n[010].png,2026-09-16 21:03:05+00:00,9839,gor01_two_2006-6-09_22-24-40
2769,file,/umms-kdiba/Data/Output/collected_outputs/figures/_temp_individual_posteriors/2026-09-16/gor01_two_2006-6-09_22-24-40/ripple/combined/multi/,p_x_given_n[011].png,2026-09-16 21:03:05+00:00,17856,gor01_two_2006-6-09_22-24-40
2770,file,/umms-kdiba/Data/Output/collected_outputs/figures/_temp_individual_posteriors/2026-09-16/gor01_two_2006-6-09_22-24-40/ripple/combined/multi/,p_x_given_n[012].png,2026-09-16 21:03:05+00:00,10175,gor01_two_2006-6-09_22-24-40
2771,file,/umms-kdiba/Data/Output/collected_outputs/figures/_temp_individual_posteriors/2026-09-16/gor01_two_2006-6-09_22-24-40/ripple/combined/multi/,p_x_given_n[013].png,2026-09-16 21:03:05+00:00,9399,gor01_two_2006-6-09_22-24-40
2772,file,/umms-kdiba/Data/Output/collected_outputs/figures/_temp_individual_posteriors/2026-09-16/gor01_two_2006-6-09_22-24-40/ripple/combined/multi/,p_x_given_n[014].png,2026-09-16 21:03:05+00:00,15487,gor01_two_2006-6-09_22-24-40
2773,file,/umms-kdiba/Data/Output/collected_outputs/figures/_temp_individual_posteriors/2026-09-16/gor01_two_2006-6-09_22-24-40/ripple/combined/multi/,p_x_given_n[015].png,2026-09-16 21:03:05+00:00,12598,gor01_two_2006-6-09_22-24-40
2774,file,/umms-kdiba/Data/Output/collected_outputs/figures/_temp_individual_posteriors/2026-09-16/gor01_two_2006-6-09_22-24-40/ripple/combined/multi/,p_x_given_n[016].png,2026-09-16 21:03:05+00:00,17615,gor01_two_2006-6-09_22-24-40
2775,file,/umms-kdiba/Data/Output/collected_outputs/figures/_temp_individual_posteriors/2026-09-16/gor01_two_2006-6-09_22-24-40/ripple/combined/multi/,p_x_given_n[017].png,2026-09-16 21:03:05+00:00,19794,gor01_two_2006-6-09_22-24-40
2776,file,/umms-kdiba/Data/Output/collected_outputs/figures/_temp_individual_posteriors/2026-09-16/gor01_two_2006-6-09_22-24-40/ripple/combined/multi/,p_x_given_n[018].png,2026-09-16 21:03:05+00:00,12817,gor01_two_2006-6-09_22-24-40
2777,file,/umms-kdiba/Data/Output/collected_outputs/figures/_temp_individual_posteriors/2026-09-16/gor01_two_2006-6-09_22-24-40/ripple/combined/multi/,p_x_given_n[019].png,2026-09-16 21:03:05+00:00,13786,gor01_two_2006-6-09_22-24-40
2778,file,/umms-kdiba/Data/Output/collected_outputs/figures/_temp_individual_posteriors/2026-09-16/gor01_two_2006-6-09_22-24-40/ripple/combined/multi/,p_x_given_n[020].png,2026-09-16 21:03:05+00:00,22481,gor01_two_2006-6-09_22-24-40
2779,file,/umms-kdiba/Data/Output/collected_outputs/figures/_temp_individual_posteriors/2026-09-16/gor01_two_2006-6-09_22-24-40/ripple/combined/multi/,p_x_given_n[021].png,2026-09-16 21:03:05+00:00,17598,gor01_two_2006-6-09_22-24-40
2780,file,/umms-kdiba/Data/Output/collected_outputs/figures/_temp_individual_posteriors/2026-09-16/gor01_two_2006-6-09_22-24-40/ripple/combined/multi/,p_x_given_n[022].png,2026-09-16 21:03:05+00:00,6846,gor01_two_2006-6-09_22-24-40
2781,file,/umms-kdiba/Data/Output/collected_outputs/figures/_temp_individual_posteriors/2026-09-16/gor01_two_2006-6-09_22-24-40/ripple/combined/multi/,p_x_given_n[023].png,2026-09-16 21:03:05+00:00,17741,gor01_two_2006-6-09_22-24-40
2782,file,/umms-kdiba/Data/Output/collected_outputs/figures/_temp_individual_posteriors/2026-09-16/gor01_two_2006-6-09_22-24-40/ripple/combined/multi/,p_x_given_n[024].png,2026-09-16 21:03:05+00:00,6892,gor01_two_2006-6-09_22-24-40
2783,file,/umms-kdiba/Data/Output/collected_outputs/figures/_temp_individual_posteriors/2026-09-16/gor01_two_2006-6-09_22-24-40/ripple/combined/multi/,p_x_given_n[025].png,2026-09-16 21:03:05+00:00,9956,gor01_two_2006-6-09_22-24-40
2784,file,/umms-kdiba/Data/Output/collected_outputs/figures/_temp_individual_posteriors/2026-09-16/gor01_two_2006-6-09_22-24-40/ripple/combined/multi/,p_x_given_n[026].png,2026-09-16 21:03:05+00:00,6429,gor01_two_2006-6-09_22-24-40
2785,file,/umms-kdiba/Data/Output/collected_outputs/figures/_temp_individual_posteriors/2026-09-16/gor01_two_2006-6-12_16-53-46/ripple/combined/multi/,p_x_given_n[113].png,2026-09-16 22:56:06+00:00,3094,gor01_two_2006-6-12_16-53-46
2786,file,/umms-kdiba/Data/Output/collected_outputs/figures/_temp_individual_posteriors/2026-09-16/gor01_two_2006-6-12_16-53-46/ripple/combined/multi/,p_x_given_n[115].png,2026-09-16 22:56:06+00:00,4800,gor01_two_2006-6-12_16-53-46
2787,file,/umms-kdiba/Data/Output/collected_outputs/figures/_temp_individual_posteriors/2026-09-16/gor01_two_2006-6-12_16-53-46/ripple/combined/multi/,p_x_given_n[117].png,2026-09-16 22:56:06+00:00,3191,gor01_two_2006-6-12_16-53-46
2788,file,/umms-kdiba/Data/Output/collected_outputs/figures/_temp_individual_posteriors/2026-09-16/gor01_two_2006-6-12_16-53-46/ripple/combined/multi/,p_x_given_n[118].png,2026-09-16 22:56:06+00:00,9052,gor01_two_2006-6-12_16-53-46
2789,file,/umms-kdiba/Data/Output/collected_outputs/figures/_temp_individual_posteriors/2026-09-16/gor01_two_2006-6-12_16-53-46/ripple/combined/multi/,p_x_given_n[119].png,2026-09-16 22:56:06+00:00,9183,gor01_two_2006-6-12_16-53-46
2790,file,/umms-kdiba/Data/Output/collected_outputs/figures/_temp_individual_posteriors/2026-09-16/gor01_two_2006-6-12_16-53-46/ripple/combined/multi/,p_x_given_n[120].png,2026-09-16 22:56:06+00:00,12395,gor01_two_2006-6-12_16-53-46
2791,file,/umms-kdiba/Data/Output/collected_outputs/figures/_temp_individual_posteriors/2026-09-16/gor01_two_2006-6-12_16-53-46/ripple/combined/multi/,p_x_given_n[121].png,2026-09-16 22:56:06+00:00,420,gor01_two_2006-6-12_16-53-46
2792,file,/umms-kdiba/Data/Output/collected_outputs/figures/_temp_individual_posteriors/2026-09-16/gor01_two_2006-6-12_16-53-46/ripple/combined/multi/,p_x_given_n[124].png,2026-09-16 22:56:06+00:00,7293,gor01_two_2006-6-12_16-53-46
2793,file,/umms-kdiba/Data/Output/collected_outputs/figures/_temp_individual_posteriors/2026-09-16/gor01_two_2006-6-12_16-53-46/ripple/combined/multi/,p_x_given_n[125].png,2026-09-16 22:56:06+00:00,740,gor01_two_2006-6-12_16-53-46
2794,file,/umms-kdiba/Data/Output/collected_outputs/figures/_temp_individual_posteriors/2026-09-16/gor01_two_2006-6-12_16-53-46/ripple/combined/multi/,p_x_given_n[126].png,2026-09-16 22:56:06+00:00,3218,gor01_two_2006-6-12_16-53-46
2795,file,/umms-kdiba/Data/Output/collected_outputs/figures/_temp_individual_posteriors/2026-09-16/gor01_two_2006-6-12_16-53-46/ripple/combined/multi/,p_x_given_n[128].png,2026-09-16 22:56:06+00:00,5982,gor01_two_2006-6-12_16-53-46
2796,file,/umms-kdiba/Data/Output/collected_outputs/figures/_temp_individual_posteriors/2026-09-16/gor01_two_2006-6-12_16-53-46/ripple/combined/multi/,p_x_given_n[129].png,2026-09-16 22:56:06+00:00,3614,gor01_two_2006-6-12_16-53-46
2797,file,/umms-kdiba/Data/Output/collected_outputs/figures/_temp_individual_posteriors/2026-09-16/gor01_two_2006-6-12_16-53-46/ripple/combined/multi/,p_x_given_n[130].png,2026-09-16 22:56:06+00:00,2844,gor01_two_2006-6-12_16-53-46
2798,file,/umms-kdiba/Data/Output/collected_outputs/figures/_temp_individual_posteriors/2026-09-16/gor01_two_2006-6-12_16-53-46/ripple/combined/multi/,p_x_given_n[131].png,2026-09-16 22:56:06+00:00,3272,gor01_two_2006-6-12_16-53-46
2799,file,/umms-kdiba/Data/Output/collected_outputs/figures/_temp_individual_posteriors/2026-09-16/gor01_two_2006-6-12_16-53-46/ripple/combined/multi/,p_x_given_n[132].png,2026-09-16 22:56:06+00:00,758,gor01_two_2006-6-12_16-53-46
2800,file,/umms-kdiba/Data/Output/collected_outputs/figures/_temp_individual_posteriors/2026-09-16/gor01_two_2006-6-12_16-53-46/ripple/combined/multi/,p_x_given_n[133].png,2026-09-16 22:56:06+00:00,2426,gor01_two_2006-6-12_16-53-46
2801,file,/umms-kdiba/Data/Output/collected_outputs/figures/_temp_individual_posteriors/2026-09-16/gor01_two_2006-6-12_16-53-46/ripple/combined/multi/,p_x_given_n[027].png,2026-09-16 22:56:05+00:00,3052,gor01_two_2006-6-12_16-53-46
2802,file,/umms-kdiba/Data/Output/collected_outputs/figures/_temp_individual_posteriors/2026-09-16/gor01_two_2006-6-12_16-53-46/ripple/combined/multi/,p_x_given_n[028].png,2026-09-16 22:56:05+00:00,855,gor01_two_2006-6-12_16-53-46
2803,file,/umms-kdiba/Data/Output/collected_outputs/figures/_temp_individual_posteriors/2026-09-16/gor01_two_2006-6-12_16-53-46/ripple/combined/multi/,p_x_given_n[029].png,2026-09-16 22:56:05+00:00,3840,gor01_two_2006-6-12_16-53-46
2804,file,/umms-kdiba/Data/Output/collected_outputs/figures/_temp_individual_posteriors/2026-09-16/gor01_two_2006-6-12_16-53-46/ripple/combined/multi/,p_x_given_n[030].png,2026-09-16 22:56:05+00:00,3611,gor01_two_2006-6-12_16-53-46
2805,file,/umms-kdiba/Data/Output/collected_outputs/figures/_temp_individual_posteriors/2026-09-16/gor01_two_2006-6-12_16-53-46/ripple/combined/multi/,p_x_given_n[031].png,2026-09-16 22:56:05+00:00,5551,gor01_two_2006-6-12_16-53-46
2806,file,/umms-kdiba/Data/Output/collected_outputs/figures/_temp_individual_posteriors/2026-09-16/gor01_two_2006-6-12_16-53-46/ripple/combined/multi/,p_x_given_n[032].png,2026-09-16 22:56:05+00:00,14685,gor01_two_2006-6-12_16-53-46
2807,file,/umms-kdiba/Data/Output/collected_outputs/figures/_temp_individual_posteriors/2026-09-16/gor01_two_2006-6-12_16-53-46/ripple/combined/multi/,p_x_given_n[033].png,2026-09-16 22:56:05+00:00,7919,gor01_two_2006-6-12_16-53-46
2808,file,/umms-kdiba/Data/Output/collected_outputs/figures/_temp_individual_posteriors/2026-09-16/gor01_two_2006-6-12_16-53-46/ripple/combined/multi/,p_x_given_n[034].png,2026-09-16 22:56:05+00:00,6268,gor01_two_2006-6-12_16-53-46
2809,file,/umms-kdiba/Data/Output/collected_outputs/figures/_temp_individual_posteriors/2026-09-16/gor01_two_2006-6-12_16-53-46/ripple/combined/multi/,p_x_given_n[035].png,2026-09-16 22:56:05+00:00,4056,gor01_two_2006-6-12_16-53-46
2810,file,/umms-kdiba/Data/Output/collected_outputs/figures/_temp_individual_posteriors/2026-09-16/gor01_two_2006-6-12_16-53-46/ripple/combined/multi/,p_x_given_n[036].png,2026-09-16 22:56:05+00:00,4035,gor01_two_2006-6-12_16-53-46
2811,file,/umms-kdiba/Data/Output/collected_outputs/figures/_temp_individual_posteriors/2026-09-16/gor01_two_2006-6-12_16-53-46/ripple/combined/multi/,p_x_given_n[038].png,2026-09-16 22:56:05+00:00,830,gor01_two_2006-6-12_16-53-46
2812,file,/umms-kdiba/Data/Output/collected_outputs/figures/_temp_individual_posteriors/2026-09-16/gor01_two_2006-6-12_16-53-46/ripple/combined/multi/,p_x_given_n[039].png,2026-09-16 22:56:05+00:00,779,gor01_two_2006-6-12_16-53-46
2813,file,/umms-kdiba/Data/Output/collected_outputs/figures/_temp_individual_posteriors/2026-09-16/gor01_two_2006-6-12_16-53-46/ripple/combined/multi/,p_x_given_n[040].png,2026-09-16 22:56:05+00:00,3250,gor01_two_2006-6-12_16-53-46
2814,file,/umms-kdiba/Data/Output/collected_outputs/figures/_temp_individual_posteriors/2026-09-16/gor01_two_2006-6-12_16-53-46/ripple/combined/multi/,p_x_given_n[041].png,2026-09-16 22:56:05+00:00,5670,gor01_two_2006-6-12_16-53-46
2815,file,/umms-kdiba/Data/Output/collected_outputs/figures/_temp_individual_posteriors/2026-09-16/gor01_two_2006-6-12_16-53-46/ripple/combined/multi/,p_x_given_n[042].png,2026-09-16 22:56:05+00:00,3837,gor01_two_2006-6-12_16-53-46
2816,file,/umms-kdiba/Data/Output/collected_outputs/figures/_temp_individual_posteriors/2026-09-16/gor01_two_2006-6-12_16-53-46/ripple/combined/multi/,p_x_given_n[043].png,2026-09-16 22:56:05+00:00,3675,gor01_two_2006-6-12_16-53-46
2817,file,/umms-kdiba/Data/Output/collected_outputs/figures/_temp_individual_posteriors/2026-09-16/gor01_two_2006-6-12_16-53-46/ripple/combined/multi/,p_x_given_n[044].png,2026-09-16 22:56:05+00:00,10420,gor01_two_2006-6-12_16-53-46
2818,file,/umms-kdiba/Data/Output/collected_outputs/figures/_temp_individual_posteriors/2026-09-16/gor01_two_2006-6-12_16-53-46/ripple/combined/multi/,p_x_given_n[045].png,2026-09-16 22:56:05+00:00,3287,gor01_two_2006-6-12_16-53-46
2819,file,/umms-kdiba/Data/Output/collected_outputs/figures/_temp_individual_posteriors/2026-09-16/gor01_two_2006-6-12_16-53-46/ripple/combined/multi/,p_x_given_n[046].png,2026-09-16 22:56:05+00:00,3672,gor01_two_2006-6-12_16-53-46
2820,file,/umms-kdiba/Data/Output/collected_outputs/figures/_temp_individual_posteriors/2026-09-16/gor01_two_2006-6-12_16-53-46/ripple/combined/multi/,p_x_given_n[047].png,2026-09-16 22:56:05+00:00,8170,gor01_two_2006-6-12_16-53-46
2821,file,/umms-kdiba/Data/Output/collected_outputs/figures/_temp_individual_posteriors/2026-09-16/gor01_two_2006-6-12_16-53-46/ripple/combined/multi/,p_x_given_n[048].png,2026-09-16 22:56:05+00:00,3540,gor01_two_2006-6-12_16-53-46
2822,file,/umms-kdiba/Data/Output/collected_outputs/figures/_temp_individual_posteriors/2026-09-16/gor01_two_2006-6-12_16-53-46/ripple/combined/multi/,p_x_given_n[049].png,2026-09-16 22:56:05+00:00,3308,gor01_two_2006-6-12_16-53-46
2823,file,/umms-kdiba/Data/Output/collected_outputs/figures/_temp_individual_posteriors/2026-09-16/gor01_two_2006-6-12_16-53-46/ripple/combined/multi/,p_x_given_n[050].png,2026-09-16 22:56:05+00:00,3289,gor01_two_2006-6-12_16-53-46
2824,file,/umms-kdiba/Data/Output/collected_outputs/figures/_temp_individual_posteriors/2026-09-16/gor01_two_2006-6-12_16-53-46/ripple/combined/multi/,p_x_given_n[051].png,2026-09-16 22:56:05+00:00,12546,gor01_two_2006-6-12_16-53-46
2825,file,/umms-kdiba/Data/Output/collected_outputs/figures/_temp_individual_posteriors/2026-09-16/gor01_two_2006-6-12_16-53-46/ripple/combined/multi/,p_x_given_n[052].png,2026-09-16 22:56:05+00:00,7427,gor01_two_2006-6-12_16-53-46
2826,file,/umms-kdiba/Data/Output/collected_outputs/figures/_temp_individual_posteriors/2026-09-16/gor01_two_2006-6-12_16-53-46/ripple/combined/multi/,p_x_given_n[053].png,2026-09-16 22:56:05+00:00,3556,gor01_two_2006-6-12_16-53-46
2827,file,/umms-kdiba/Data/Output/collected_outputs/figures/_temp_individual_posteriors/2026-09-16/gor01_two_2006-6-12_16-53-46/ripple/combined/multi/,p_x_given_n[054].png,2026-09-16 22:56:05+00:00,3882,gor01_two_2006-6-12_16-53-46
2828,file,/umms-kdiba/Data/Output/collected_outputs/figures/_temp_individual_posteriors/2026-09-16/gor01_two_2006-6-12_16-53-46/ripple/combined/multi/,p_x_given_n[055].png,2026-09-16 22:56:05+00:00,3347,gor01_two_2006-6-12_16-53-46
2829,file,/umms-kdiba/Data/Output/collected_outputs/figures/_temp_individual_posteriors/2026-09-16/gor01_two_2006-6-12_16-53-46/ripple/combined/multi/,p_x_given_n[056].png,2026-09-16 22:56:05+00:00,889,gor01_two_2006-6-12_16-53-46
2830,file,/umms-kdiba/Data/Output/collected_outputs/figures/_temp_individual_posteriors/2026-09-16/gor01_two_2006-6-12_16-53-46/ripple/combined/multi/,p_x_given_n[057].png,2026-09-16 22:56:05+00:00,4276,gor01_two_2006-6-12_16-53-46
2831,file,/umms-kdiba/Data/Output/collected_outputs/figures/_temp_individual_posteriors/2026-09-16/gor01_two_2006-6-12_16-53-46/ripple/combined/multi/,p_x_given_n[058].png,2026-09-16 22:56:05+00:00,13992,gor01_two_2006-6-12_16-53-46
2832,file,/umms-kdiba/Data/Output/collected_outputs/figures/_temp_individual_posteriors/2026-09-16/gor01_two_2006-6-12_16-53-46/ripple/combined/multi/,p_x_given_n[059].png,2026-09-16 22:56:05+00:00,6277,gor01_two_2006-6-12_16-53-46
2833,file,/umms-kdiba/Data/Output/collected_outputs/figures/_temp_individual_posteriors/2026-09-16/gor01_two_2006-6-12_16-53-46/ripple/combined/multi/,p_x_given_n[061].png,2026-09-16 22:56:05+00:00,5391,gor01_two_2006-6-12_16-53-46
2834,file,/umms-kdiba/Data/Output/collected_outputs/figures/_temp_individual_posteriors/2026-09-16/gor01_two_2006-6-12_16-53-46/ripple/combined/multi/,p_x_given_n[062].png,2026-09-16 22:56:05+00:00,8884,gor01_two_2006-6-12_16-53-46
2835,file,/umms-kdiba/Data/Output/collected_outputs/figures/_temp_individual_posteriors/2026-09-16/gor01_two_2006-6-12_16-53-46/ripple/combined/multi/,p_x_given_n[064].png,2026-09-16 22:56:05+00:00,3484,gor01_two_2006-6-12_16-53-46
2836,file,/umms-kdiba/Data/Output/collected_outputs/figures/_temp_individual_posteriors/2026-09-16/gor01_two_2006-6-12_16-53-46/ripple/combined/multi/,p_x_given_n[065].png,2026-09-16 22:56:05+00:00,5958,gor01_two_2006-6-12_16-53-46
2837,file,/umms-kdiba/Data/Output/collected_outputs/figures/_temp_individual_posteriors/2026-09-16/gor01_two_2006-6-12_16-53-46/ripple/combined/multi/,p_x_given_n[068].png,2026-09-16 22:56:05+00:00,6714,gor01_two_2006-6-12_16-53-46
2838,file,/umms-kdiba/Data/Output/collected_outputs/figures/_temp_individual_posteriors/2026-09-16/gor01_two_2006-6-12_16-53-46/ripple/combined/multi/,p_x_given_n[069].png,2026-09-16 22:56:05+00:00,3043,gor01_two_2006-6-12_16-53-46
2839,file,/umms-kdiba/Data/Output/collected_outputs/figures/_temp_individual_posteriors/2026-09-16/gor01_two_2006-6-12_16-53-46/ripple/combined/multi/,p_x_given_n[070].png,2026-09-16 22:56:05+00:00,11392,gor01_two_2006-6-12_16-53-46
2840,file,/umms-kdiba/Data/Output/collected_outputs/figures/_temp_individual_posteriors/2026-09-16/gor01_two_2006-6-12_16-53-46/ripple/combined/multi/,p_x_given_n[071].png,2026-09-16 22:56:05+00:00,821,gor01_two_2006-6-12_16-53-46
2841,file,/umms-kdiba/Data/Output/collected_outputs/figures/_temp_individual_posteriors/2026-09-16/gor01_two_2006-6-12_16-53-46/ripple/combined/multi/,p_x_given_n[072].png,2026-09-16 22:56:05+00:00,7528,gor01_two_2006-6-12_16-53-46
2842,file,/umms-kdiba/Data/Output/collected_outputs/figures/_temp_individual_posteriors/2026-09-16/gor01_two_2006-6-12_16-53-46/ripple/combined/multi/,p_x_given_n[073].png,2026-09-16 22:56:05+00:00,4877,gor01_two_2006-6-12_16-53-46
2843,file,/umms-kdiba/Data/Output/collected_outputs/figures/_temp_individual_posteriors/2026-09-16/gor01_two_2006-6-12_16-53-46/ripple/combined/multi/,p_x_given_n[074].png,2026-09-16 22:56:05+00:00,2835,gor01_two_2006-6-12_16-53-46
2844,file,/umms-kdiba/Data/Output/collected_outputs/figures/_temp_individual_posteriors/2026-09-16/gor01_two_2006-6-12_16-53-46/ripple/combined/multi/,p_x_given_n[075].png,2026-09-16 22:56:05+00:00,683,gor01_two_2006-6-12_16-53-46
2845,file,/umms-kdiba/Data/Output/collected_outputs/figures/_temp_individual_posteriors/2026-09-16/gor01_two_2006-6-12_16-53-46/ripple/combined/multi/,p_x_given_n[076].png,2026-09-16 22:56:05+00:00,5403,gor01_two_2006-6-12_16-53-46
2846,file,/umms-kdiba/Data/Output/collected_outputs/figures/_temp_individual_posteriors/2026-09-16/gor01_two_2006-6-12_16-53-46/ripple/combined/multi/,p_x_given_n[077].png,2026-09-16 22:56:05+00:00,10648,gor01_two_2006-6-12_16-53-46
2847,file,/umms-kdiba/Data/Output/collected_outputs/figures/_temp_individual_posteriors/2026-09-16/gor01_two_2006-6-12_16-53-46/ripple/combined/multi/,p_x_given_n[079].png,2026-09-16 22:56:05+00:00,805,gor01_two_2006-6-12_16-53-46
2848,file,/umms-kdiba/Data/Output/collected_outputs/figures/_temp_individual_posteriors/2026-09-16/gor01_two_2006-6-12_16-53-46/ripple/combined/multi/,p_x_given_n[080].png,2026-09-16 22:56:05+00:00,5736,gor01_two_2006-6-12_16-53-46
2849,file,/umms-kdiba/Data/Output/collected_outputs/figures/_temp_individual_posteriors/2026-09-16/gor01_two_2006-6-12_16-53-46/ripple/combined/multi/,p_x_given_n[081].png,2026-09-16 22:56:05+00:00,3686,gor01_two_2006-6-12_16-53-46
2850,file,/umms-kdiba/Data/Output/collected_outputs/figures/_temp_individual_posteriors/2026-09-16/gor01_two_2006-6-12_16-53-46/ripple/combined/multi/,p_x_given_n[082].png,2026-09-16 22:56:05+00:00,716,gor01_two_2006-6-12_16-53-46
2851,file,/umms-kdiba/Data/Output/collected_outputs/figures/_temp_individual_posteriors/2026-09-16/gor01_two_2006-6-12_16-53-46/ripple/combined/multi/,p_x_given_n[083].png,2026-09-16 22:56:05+00:00,9973,gor01_two_2006-6-12_16-53-46
2852,file,/umms-kdiba/Data/Output/collected_outputs/figures/_temp_individual_posteriors/2026-09-16/gor01_two_2006-6-12_16-53-46/ripple/combined/multi/,p_x_given_n[084].png,2026-09-16 22:56:05+00:00,8427,gor01_two_2006-6-12_16-53-46
2853,file,/umms-kdiba/Data/Output/collected_outputs/figures/_temp_individual_posteriors/2026-09-16/gor01_two_2006-6-12_16-53-46/ripple/combined/multi/,p_x_given_n[085].png,2026-09-16 22:56:05+00:00,16163,gor01_two_2006-6-12_16-53-46
2854,file,/umms-kdiba/Data/Output/collected_outputs/figures/_temp_individual_posteriors/2026-09-16/gor01_two_2006-6-12_16-53-46/ripple/combined/multi/,p_x_given_n[086].png,2026-09-16 22:56:05+00:00,15715,gor01_two_2006-6-12_16-53-46
2855,file,/umms-kdiba/Data/Output/collected_outputs/figures/_temp_individual_posteriors/2026-09-16/gor01_two_2006-6-12_16-53-46/ripple/combined/multi/,p_x_given_n[088].png,2026-09-16 22:56:05+00:00,754,gor01_two_2006-6-12_16-53-46
2856,file,/umms-kdiba/Data/Output/collected_outputs/figures/_temp_individual_posteriors/2026-09-16/gor01_two_2006-6-12_16-53-46/ripple/combined/multi/,p_x_given_n[089].png,2026-09-16 22:56:05+00:00,761,gor01_two_2006-6-12_16-53-46
2857,file,/umms-kdiba/Data/Output/collected_outputs/figures/_temp_individual_posteriors/2026-09-16/gor01_two_2006-6-12_16-53-46/ripple/combined/multi/,p_x_given_n[090].png,2026-09-16 22:56:05+00:00,665,gor01_two_2006-6-12_16-53-46
2858,file,/umms-kdiba/Data/Output/collected_outputs/figures/_temp_individual_posteriors/2026-09-16/gor01_two_2006-6-12_16-53-46/ripple/combined/multi/,p_x_given_n[091].png,2026-09-16 22:56:05+00:00,3540,gor01_two_2006-6-12_16-53-46
2859,file,/umms-kdiba/Data/Output/collected_outputs/figures/_temp_individual_posteriors/2026-09-16/gor01_two_2006-6-12_16-53-46/ripple/combined/multi/,p_x_given_n[092].png,2026-09-16 22:56:05+00:00,6042,gor01_two_2006-6-12_16-53-46
2860,file,/umms-kdiba/Data/Output/collected_outputs/figures/_temp_individual_posteriors/2026-09-16/gor01_two_2006-6-12_16-53-46/ripple/combined/multi/,p_x_given_n[093].png,2026-09-16 22:56:05+00:00,5979,gor01_two_2006-6-12_16-53-46
2861,file,/umms-kdiba/Data/Output/collected_outputs/figures/_temp_individual_posteriors/2026-09-16/gor01_two_2006-6-12_16-53-46/ripple/combined/multi/,p_x_given_n[094].png,2026-09-16 22:56:05+00:00,3682,gor01_two_2006-6-12_16-53-46
2862,file,/umms-kdiba/Data/Output/collected_outputs/figures/_temp_individual_posteriors/2026-09-16/gor01_two_2006-6-12_16-53-46/ripple/combined/multi/,p_x_given_n[095].png,2026-09-16 22:56:05+00:00,3641,gor01_two_2006-6-12_16-53-46
2863,file,/umms-kdiba/Data/Output/collected_outputs/figures/_temp_individual_posteriors/2026-09-16/gor01_two_2006-6-12_16-53-46/ripple/combined/multi/,p_x_given_n[096].png,2026-09-16 22:56:05+00:00,8419,gor01_two_2006-6-12_16-53-46
2864,file,/umms-kdiba/Data/Output/collected_outputs/figures/_temp_individual_posteriors/2026-09-16/gor01_two_2006-6-12_16-53-46/ripple/combined/multi/,p_x_given_n[097].png,2026-09-16 22:56:05+00:00,2822,gor01_two_2006-6-12_16-53-46
2865,file,/umms-kdiba/Data/Output/collected_outputs/figures/_temp_individual_posteriors/2026-09-16/gor01_two_2006-6-12_16-53-46/ripple/combined/multi/,p_x_given_n[098].png,2026-09-16 22:56:05+00:00,13540,gor01_two_2006-6-12_16-53-46
2866,file,/umms-kdiba/Data/Output/collected_outputs/figures/_temp_individual_posteriors/2026-09-16/gor01_two_2006-6-12_16-53-46/ripple/combined/multi/,p_x_given_n[099].png,2026-09-16 22:56:05+00:00,494,gor01_two_2006-6-12_16-53-46
2867,file,/umms-kdiba/Data/Output/collected_outputs/figures/_temp_individual_posteriors/2026-09-16/gor01_two_2006-6-12_16-53-46/ripple/combined/multi/,p_x_given_n[100].png,2026-09-16 22:56:05+00:00,3500,gor01_two_2006-6-12_16-53-46
2868,file,/umms-kdiba/Data/Output/collected_outputs/figures/_temp_individual_posteriors/2026-09-16/gor01_two_2006-6-12_16-53-46/ripple/combined/multi/,p_x_given_n[101].png,2026-09-16 22:56:05+00:00,3312,gor01_two_2006-6-12_16-53-46
2869,file,/umms-kdiba/Data/Output/collected_outputs/figures/_temp_individual_posteriors/2026-09-16/gor01_two_2006-6-12_16-53-46/ripple/combined/multi/,p_x_given_n[102].png,2026-09-16 22:56:05+00:00,9198,gor01_two_2006-6-12_16-53-46
2870,file,/umms-kdiba/Data/Output/collected_outputs/figures/_temp_individual_posteriors/2026-09-16/gor01_two_2006-6-12_16-53-46/ripple/combined/multi/,p_x_given_n[103].png,2026-09-16 22:56:05+00:00,3136,gor01_two_2006-6-12_16-53-46
2871,file,/umms-kdiba/Data/Output/collected_outputs/figures/_temp_individual_posteriors/2026-09-16/gor01_two_2006-6-12_16-53-46/ripple/combined/multi/,p_x_given_n[106].png,2026-09-16 22:56:05+00:00,757,gor01_two_2006-6-12_16-53-46
2872,file,/umms-kdiba/Data/Output/collected_outputs/figures/_temp_individual_posteriors/2026-09-16/gor01_two_2006-6-12_16-53-46/ripple/combined/multi/,p_x_given_n[107].png,2026-09-16 22:56:05+00:00,707,gor01_two_2006-6-12_16-53-46
2873,file,/umms-kdiba/Data/Output/collected_outputs/figures/_temp_individual_posteriors/2026-09-16/gor01_two_2006-6-12_16-53-46/ripple/combined/multi/,p_x_given_n[108].png,2026-09-16 22:56:05+00:00,8684,gor01_two_2006-6-12_16-53-46
2874,file,/umms-kdiba/Data/Output/collected_outputs/figures/_temp_individual_posteriors/2026-09-16/gor01_two_2006-6-12_16-53-46/ripple/combined/multi/,p_x_given_n[109].png,2026-09-16 22:56:05+00:00,8712,gor01_two_2006-6-12_16-53-46
2875,file,/umms-kdiba/Data/Output/collected_outputs/figures/_temp_individual_posteriors/2026-09-16/gor01_two_2006-6-12_16-53-46/ripple/combined/multi/,p_x_given_n[110].png,2026-09-16 22:56:05+00:00,3383,gor01_two_2006-6-12_16-53-46
2876,file,/umms-kdiba/Data/Output/collected_outputs/figures/_temp_individual_posteriors/2026-09-16/gor01_two_2006-6-12_16-53-46/ripple/combined/multi/,p_x_given_n[111].png,2026-09-16 22:56:05+00:00,2769,gor01_two_2006-6-12_16-53-46
2877,file,/umms-kdiba/Data/Output/collected_outputs/figures/_temp_individual_posteriors/2026-09-16/gor01_two_2006-6-12_16-53-46/ripple/combined/multi/,p_x_given_n[112].png,2026-09-16 22:56:05+00:00,4143,gor01_two_2006-6-12_16-53-46
2878,file,/umms-kdiba/Data/Output/collected_outputs/figures/_temp_individual_posteriors/2026-09-16/gor01_two_2006-6-12_16-53-46/ripple/combined/multi/,p_x_given_n[000].png,2026-09-16 22:56:04+00:00,3639,gor01_two_2006-6-12_16-53-46
2879,file,/umms-kdiba/Data/Output/collected_outputs/figures/_temp_individual_posteriors/2026-09-16/gor01_two_2006-6-12_16-53-46/ripple/combined/multi/,p_x_given_n[001].png,2026-09-16 22:56:04+00:00,802,gor01_two_2006-6-12_16-53-46
2880,file,/umms-kdiba/Data/Output/collected_outputs/figures/_temp_individual_posteriors/2026-09-16/gor01_two_2006-6-12_16-53-46/ripple/combined/multi/,p_x_given_n[002].png,2026-09-16 22:56:04+00:00,731,gor01_two_2006-6-12_16-53-46
2881,file,/umms-kdiba/Data/Output/collected_outputs/figures/_temp_individual_posteriors/2026-09-16/gor01_two_2006-6-12_16-53-46/ripple/combined/multi/,p_x_given_n[003].png,2026-09-16 22:56:04+00:00,8909,gor01_two_2006-6-12_16-53-46
2882,file,/umms-kdiba/Data/Output/collected_outputs/figures/_temp_individual_posteriors/2026-09-16/gor01_two_2006-6-12_16-53-46/ripple/combined/multi/,p_x_given_n[004].png,2026-09-16 22:56:04+00:00,5006,gor01_two_2006-6-12_16-53-46
2883,file,/umms-kdiba/Data/Output/collected_outputs/figures/_temp_individual_posteriors/2026-09-16/gor01_two_2006-6-12_16-53-46/ripple/combined/multi/,p_x_given_n[005].png,2026-09-16 22:56:04+00:00,9449,gor01_two_2006-6-12_16-53-46
2884,file,/umms-kdiba/Data/Output/collected_outputs/figures/_temp_individual_posteriors/2026-09-16/gor01_two_2006-6-12_16-53-46/ripple/combined/multi/,p_x_given_n[006].png,2026-09-16 22:56:04+00:00,4726,gor01_two_2006-6-12_16-53-46
2885,file,/umms-kdiba/Data/Output/collected_outputs/figures/_temp_individual_posteriors/2026-09-16/gor01_two_2006-6-12_16-53-46/ripple/combined/multi/,p_x_given_n[007].png,2026-09-16 22:56:04+00:00,629,gor01_two_2006-6-12_16-53-46
2886,file,/umms-kdiba/Data/Output/collected_outputs/figures/_temp_individual_posteriors/2026-09-16/gor01_two_2006-6-12_16-53-46/ripple/combined/multi/,p_x_given_n[008].png,2026-09-16 22:56:04+00:00,12377,gor01_two_2006-6-12_16-53-46
2887,file,/umms-kdiba/Data/Output/collected_outputs/figures/_temp_individual_posteriors/2026-09-16/gor01_two_2006-6-12_16-53-46/ripple/combined/multi/,p_x_given_n[009].png,2026-09-16 22:56:04+00:00,798,gor01_two_2006-6-12_16-53-46
2888,file,/umms-kdiba/Data/Output/collected_outputs/figures/_temp_individual_posteriors/2026-09-16/gor01_two_2006-6-12_16-53-46/ripple/combined/multi/,p_x_given_n[010].png,2026-09-16 22:56:04+00:00,3573,gor01_two_2006-6-12_16-53-46
2889,file,/umms-kdiba/Data/Output/collected_outputs/figures/_temp_individual_posteriors/2026-09-16/gor01_two_2006-6-12_16-53-46/ripple/combined/multi/,p_x_given_n[011].png,2026-09-16 22:56:04+00:00,3300,gor01_two_2006-6-12_16-53-46
2890,file,/umms-kdiba/Data/Output/collected_outputs/figures/_temp_individual_posteriors/2026-09-16/gor01_two_2006-6-12_16-53-46/ripple/combined/multi/,p_x_given_n[012].png,2026-09-16 22:56:04+00:00,9454,gor01_two_2006-6-12_16-53-46
2891,file,/umms-kdiba/Data/Output/collected_outputs/figures/_temp_individual_posteriors/2026-09-16/gor01_two_2006-6-12_16-53-46/ripple/combined/multi/,p_x_given_n[013].png,2026-09-16 22:56:04+00:00,3158,gor01_two_2006-6-12_16-53-46
2892,file,/umms-kdiba/Data/Output/collected_outputs/figures/_temp_individual_posteriors/2026-09-16/gor01_two_2006-6-12_16-53-46/ripple/combined/multi/,p_x_given_n[014].png,2026-09-16 22:56:04+00:00,11349,gor01_two_2006-6-12_16-53-46
2893,file,/umms-kdiba/Data/Output/collected_outputs/figures/_temp_individual_posteriors/2026-09-16/gor01_two_2006-6-12_16-53-46/ripple/combined/multi/,p_x_given_n[015].png,2026-09-16 22:56:04+00:00,893,gor01_two_2006-6-12_16-53-46
2894,file,/umms-kdiba/Data/Output/collected_outputs/figures/_temp_individual_posteriors/2026-09-16/gor01_two_2006-6-12_16-53-46/ripple/combined/multi/,p_x_given_n[016].png,2026-09-16 22:56:04+00:00,9421,gor01_two_2006-6-12_16-53-46
2895,file,/umms-kdiba/Data/Output/collected_outputs/figures/_temp_individual_posteriors/2026-09-16/gor01_two_2006-6-12_16-53-46/ripple/combined/multi/,p_x_given_n[017].png,2026-09-16 22:56:04+00:00,5861,gor01_two_2006-6-12_16-53-46
2896,file,/umms-kdiba/Data/Output/collected_outputs/figures/_temp_individual_posteriors/2026-09-16/gor01_two_2006-6-12_16-53-46/ripple/combined/multi/,p_x_given_n[018].png,2026-09-16 22:56:04+00:00,5714,gor01_two_2006-6-12_16-53-46
2897,file,/umms-kdiba/Data/Output/collected_outputs/figures/_temp_individual_posteriors/2026-09-16/gor01_two_2006-6-12_16-53-46/ripple/combined/multi/,p_x_given_n[019].png,2026-09-16 22:56:04+00:00,3240,gor01_two_2006-6-12_16-53-46
2898,file,/umms-kdiba/Data/Output/collected_outputs/figures/_temp_individual_posteriors/2026-09-16/gor01_two_2006-6-12_16-53-46/ripple/combined/multi/,p_x_given_n[020].png,2026-09-16 22:56:04+00:00,882,gor01_two_2006-6-12_16-53-46
2899,file,/umms-kdiba/Data/Output/collected_outputs/figures/_temp_individual_posteriors/2026-09-16/gor01_two_2006-6-12_16-53-46/ripple/combined/multi/,p_x_given_n[021].png,2026-09-16 22:56:04+00:00,634,gor01_two_2006-6-12_16-53-46
2900,file,/umms-kdiba/Data/Output/collected_outputs/figures/_temp_individual_posteriors/2026-09-16/gor01_two_2006-6-12_16-53-46/ripple/combined/multi/,p_x_given_n[022].png,2026-09-16 22:56:04+00:00,5374,gor01_two_2006-6-12_16-53-46
2901,file,/umms-kdiba/Data/Output/collected_outputs/figures/_temp_individual_posteriors/2026-09-16/gor01_two_2006-6-12_16-53-46/ripple/combined/multi/,p_x_given_n[023].png,2026-09-16 22:56:04+00:00,3255,gor01_two_2006-6-12_16-53-46
2902,file,/umms-kdiba/Data/Output/collected_outputs/figures/_temp_individual_posteriors/2026-09-16/gor01_two_2006-6-12_16-53-46/ripple/combined/multi/,p_x_given_n[026].png,2026-09-16 22:56:04+00:00,8892,gor01_two_2006-6-12_16-53-46
2903,file,/umms-kdiba/Data/Output/collected_outputs/figures/_temp_individual_posteriors/2026-09-16/pin01_one_11-02_17-46-44/ripple/combined/multi/,p_x_given_n[566].png,2026-09-16 23:05:14+00:00,11375,pin01_one_11-02_17-46-44
2904,file,/umms-kdiba/Data/Output/collected_outputs/figures/_temp_individual_posteriors/2026-09-16/pin01_one_11-02_17-46-44/ripple/combined/multi/,p_x_given_n[567].png,2026-09-16 23:05:14+00:00,9933,pin01_one_11-02_17-46-44
2905,file,/umms-kdiba/Data/Output/collected_outputs/figures/_temp_individual_posteriors/2026-09-16/pin01_one_11-02_17-46-44/ripple/combined/multi/,p_x_given_n[568].png,2026-09-16 23:05:14+00:00,10717,pin01_one_11-02_17-46-44
2906,file,/umms-kdiba/Data/Output/collected_outputs/figures/_temp_individual_posteriors/2026-09-16/pin01_one_11-02_17-46-44/ripple/combined/multi/,p_x_given_n[570].png,2026-09-16 23:05:14+00:00,5612,pin01_one_11-02_17-46-44
2907,file,/umms-kdiba/Data/Output/collected_outputs/figures/_temp_individual_posteriors/2026-09-16/pin01_one_11-02_17-46-44/ripple/combined/multi/,p_x_given_n[573].png,2026-09-16 23:05:14+00:00,5613,pin01_one_11-02_17-46-44
2908,file,/umms-kdiba/Data/Output/collected_outputs/figures/_temp_individual_posteriors/2026-09-16/pin01_one_11-02_17-46-44/ripple/combined/multi/,p_x_given_n[574].png,2026-09-16 23:05:14+00:00,8330,pin01_one_11-02_17-46-44
2909,file,/umms-kdiba/Data/Output/collected_outputs/figures/_temp_individual_posteriors/2026-09-16/pin01_one_11-02_17-46-44/ripple/combined/multi/,p_x_given_n[576].png,2026-09-16 23:05:14+00:00,7098,pin01_one_11-02_17-46-44
2910,file,/umms-kdiba/Data/Output/collected_outputs/figures/_temp_individual_posteriors/2026-09-16/pin01_one_11-02_17-46-44/ripple/combined/multi/,p_x_given_n[578].png,2026-09-16 23:05:14+00:00,3255,pin01_one_11-02_17-46-44
2911,file,/umms-kdiba/Data/Output/collected_outputs/figures/_temp_individual_posteriors/2026-09-16/pin01_one_11-02_17-46-44/ripple/combined/multi/,p_x_given_n[579].png,2026-09-16 23:05:14+00:00,10090,pin01_one_11-02_17-46-44
2912,file,/umms-kdiba/Data/Output/collected_outputs/figures/_temp_individual_posteriors/2026-09-16/pin01_one_11-02_17-46-44/ripple/combined/multi/,p_x_given_n[580].png,2026-09-16 23:05:14+00:00,5867,pin01_one_11-02_17-46-44
2913,file,/umms-kdiba/Data/Output/collected_outputs/figures/_temp_individual_posteriors/2026-09-16/pin01_one_11-02_17-46-44/ripple/combined/multi/,p_x_given_n[581].png,2026-09-16 23:05:14+00:00,11145,pin01_one_11-02_17-46-44
2914,file,/umms-kdiba/Data/Output/collected_outputs/figures/_temp_individual_posteriors/2026-09-16/pin01_one_11-02_17-46-44/ripple/combined/multi/,p_x_given_n[582].png,2026-09-16 23:05:14+00:00,12171,pin01_one_11-02_17-46-44
2915,file,/umms-kdiba/Data/Output/collected_outputs/figures/_temp_individual_posteriors/2026-09-16/pin01_one_11-02_17-46-44/ripple/combined/multi/,p_x_given_n[583].png,2026-09-16 23:05:14+00:00,6604,pin01_one_11-02_17-46-44
2916,file,/umms-kdiba/Data/Output/collected_outputs/figures/_temp_individual_posteriors/2026-09-16/pin01_one_11-02_17-46-44/ripple/combined/multi/,p_x_given_n[585].png,2026-09-16 23:05:14+00:00,2949,pin01_one_11-02_17-46-44
2917,file,/umms-kdiba/Data/Output/collected_outputs/figures/_temp_individual_posteriors/2026-09-16/pin01_one_11-02_17-46-44/ripple/combined/multi/,p_x_given_n[586].png,2026-09-16 23:05:14+00:00,12097,pin01_one_11-02_17-46-44
2918,file,/umms-kdiba/Data/Output/collected_outputs/figures/_temp_individual_posteriors/2026-09-16/pin01_one_11-02_17-46-44/ripple/combined/multi/,p_x_given_n[587].png,2026-09-16 23:05:14+00:00,5533,pin01_one_11-02_17-46-44
2919,file,/umms-kdiba/Data/Output/collected_outputs/figures/_temp_individual_posteriors/2026-09-16/pin01_one_11-02_17-46-44/ripple/combined/multi/,p_x_given_n[588].png,2026-09-16 23:05:14+00:00,7408,pin01_one_11-02_17-46-44
2920,file,/umms-kdiba/Data/Output/collected_outputs/figures/_temp_individual_posteriors/2026-09-16/pin01_one_11-02_17-46-44/ripple/combined/multi/,p_x_given_n[590].png,2026-09-16 23:05:14+00:00,11789,pin01_one_11-02_17-46-44
2921,file,/umms-kdiba/Data/Output/collected_outputs/figures/_temp_individual_posteriors/2026-09-16/pin01_one_11-02_17-46-44/ripple/combined/multi/,p_x_given_n[593].png,2026-09-16 23:05:14+00:00,8597,pin01_one_11-02_17-46-44
2922,file,/umms-kdiba/Data/Output/collected_outputs/figures/_temp_individual_posteriors/2026-09-16/pin01_one_11-02_17-46-44/ripple/combined/multi/,p_x_given_n[594].png,2026-09-16 23:05:14+00:00,5728,pin01_one_11-02_17-46-44
2923,file,/umms-kdiba/Data/Output/collected_outputs/figures/_temp_individual_posteriors/2026-09-16/pin01_one_11-02_17-46-44/ripple/combined/multi/,p_x_given_n[596].png,2026-09-16 23:05:14+00:00,6729,pin01_one_11-02_17-46-44
2924,file,/umms-kdiba/Data/Output/collected_outputs/figures/_temp_individual_posteriors/2026-09-16/pin01_one_11-02_17-46-44/ripple/combined/multi/,p_x_given_n[600].png,2026-09-16 23:05:14+00:00,2950,pin01_one_11-02_17-46-44
2925,file,/umms-kdiba/Data/Output/collected_outputs/figures/_temp_individual_posteriors/2026-09-16/pin01_one_11-02_17-46-44/ripple/combined/multi/,p_x_given_n[601].png,2026-09-16 23:05:14+00:00,8167,pin01_one_11-02_17-46-44
2926,file,/umms-kdiba/Data/Output/collected_outputs/figures/_temp_individual_posteriors/2026-09-16/pin01_one_11-02_17-46-44/ripple/combined/multi/,p_x_given_n[606].png,2026-09-16 23:05:14+00:00,5455,pin01_one_11-02_17-46-44
2927,file,/umms-kdiba/Data/Output/collected_outputs/figures/_temp_individual_posteriors/2026-09-16/pin01_one_11-02_17-46-44/ripple/combined/multi/,p_x_given_n[608].png,2026-09-16 23:05:14+00:00,3889,pin01_one_11-02_17-46-44
2928,file,/umms-kdiba/Data/Output/collected_outputs/figures/_temp_individual_posteriors/2026-09-16/pin01_one_11-02_17-46-44/ripple/combined/multi/,p_x_given_n[610].png,2026-09-16 23:05:14+00:00,12121,pin01_one_11-02_17-46-44
2929,file,/umms-kdiba/Data/Output/collected_outputs/figures/_temp_individual_posteriors/2026-09-16/pin01_one_11-02_17-46-44/ripple/combined/multi/,p_x_given_n[613].png,2026-09-16 23:05:14+00:00,15128,pin01_one_11-02_17-46-44
2930,file,/umms-kdiba/Data/Output/collected_outputs/figures/_temp_individual_posteriors/2026-09-16/pin01_one_11-02_17-46-44/ripple/combined/multi/,p_x_given_n[619].png,2026-09-16 23:05:14+00:00,12749,pin01_one_11-02_17-46-44
2931,file,/umms-kdiba/Data/Output/collected_outputs/figures/_temp_individual_posteriors/2026-09-16/pin01_one_11-02_17-46-44/ripple/combined/multi/,p_x_given_n[620].png,2026-09-16 23:05:14+00:00,5961,pin01_one_11-02_17-46-44
2932,file,/umms-kdiba/Data/Output/collected_outputs/figures/_temp_individual_posteriors/2026-09-16/pin01_one_11-02_17-46-44/ripple/combined/multi/,p_x_given_n[621].png,2026-09-16 23:05:14+00:00,9154,pin01_one_11-02_17-46-44
2933,file,/umms-kdiba/Data/Output/collected_outputs/figures/_temp_individual_posteriors/2026-09-16/pin01_one_11-02_17-46-44/ripple/combined/multi/,p_x_given_n[623].png,2026-09-16 23:05:14+00:00,492,pin01_one_11-02_17-46-44
2934,file,/umms-kdiba/Data/Output/collected_outputs/figures/_temp_individual_posteriors/2026-09-16/pin01_one_11-02_17-46-44/ripple/combined/multi/,p_x_given_n[624].png,2026-09-16 23:05:14+00:00,5471,pin01_one_11-02_17-46-44
2935,file,/umms-kdiba/Data/Output/collected_outputs/figures/_temp_individual_posteriors/2026-09-16/pin01_one_11-02_17-46-44/ripple/combined/multi/,p_x_given_n[507].png,2026-09-16 23:05:13+00:00,12089,pin01_one_11-02_17-46-44
2936,file,/umms-kdiba/Data/Output/collected_outputs/figures/_temp_individual_posteriors/2026-09-16/pin01_one_11-02_17-46-44/ripple/combined/multi/,p_x_given_n[508].png,2026-09-16 23:05:13+00:00,3618,pin01_one_11-02_17-46-44
2937,file,/umms-kdiba/Data/Output/collected_outputs/figures/_temp_individual_posteriors/2026-09-16/pin01_one_11-02_17-46-44/ripple/combined/multi/,p_x_given_n[509].png,2026-09-16 23:05:13+00:00,8423,pin01_one_11-02_17-46-44
2938,file,/umms-kdiba/Data/Output/collected_outputs/figures/_temp_individual_posteriors/2026-09-16/pin01_one_11-02_17-46-44/ripple/combined/multi/,p_x_given_n[510].png,2026-09-16 23:05:13+00:00,12077,pin01_one_11-02_17-46-44
2939,file,/umms-kdiba/Data/Output/collected_outputs/figures/_temp_individual_posteriors/2026-09-16/pin01_one_11-02_17-46-44/ripple/combined/multi/,p_x_given_n[513].png,2026-09-16 23:05:13+00:00,9706,pin01_one_11-02_17-46-44
2940,file,/umms-kdiba/Data/Output/collected_outputs/figures/_temp_individual_posteriors/2026-09-16/pin01_one_11-02_17-46-44/ripple/combined/multi/,p_x_given_n[516].png,2026-09-16 23:05:13+00:00,8926,pin01_one_11-02_17-46-44
2941,file,/umms-kdiba/Data/Output/collected_outputs/figures/_temp_individual_posteriors/2026-09-16/pin01_one_11-02_17-46-44/ripple/combined/multi/,p_x_given_n[517].png,2026-09-16 23:05:13+00:00,5398,pin01_one_11-02_17-46-44
2942,file,/umms-kdiba/Data/Output/collected_outputs/figures/_temp_individual_posteriors/2026-09-16/pin01_one_11-02_17-46-44/ripple/combined/multi/,p_x_given_n[518].png,2026-09-16 23:05:13+00:00,7466,pin01_one_11-02_17-46-44
2943,file,/umms-kdiba/Data/Output/collected_outputs/figures/_temp_individual_posteriors/2026-09-16/pin01_one_11-02_17-46-44/ripple/combined/multi/,p_x_given_n[520].png,2026-09-16 23:05:13+00:00,11564,pin01_one_11-02_17-46-44
2944,file,/umms-kdiba/Data/Output/collected_outputs/figures/_temp_individual_posteriors/2026-09-16/pin01_one_11-02_17-46-44/ripple/combined/multi/,p_x_given_n[521].png,2026-09-16 23:05:13+00:00,3051,pin01_one_11-02_17-46-44
2945,file,/umms-kdiba/Data/Output/collected_outputs/figures/_temp_individual_posteriors/2026-09-16/pin01_one_11-02_17-46-44/ripple/combined/multi/,p_x_given_n[522].png,2026-09-16 23:05:13+00:00,11722,pin01_one_11-02_17-46-44
2946,file,/umms-kdiba/Data/Output/collected_outputs/figures/_temp_individual_posteriors/2026-09-16/pin01_one_11-02_17-46-44/ripple/combined/multi/,p_x_given_n[523].png,2026-09-16 23:05:13+00:00,5460,pin01_one_11-02_17-46-44
2947,file,/umms-kdiba/Data/Output/collected_outputs/figures/_temp_individual_posteriors/2026-09-16/pin01_one_11-02_17-46-44/ripple/combined/multi/,p_x_given_n[524].png,2026-09-16 23:05:13+00:00,7698,pin01_one_11-02_17-46-44
2948,file,/umms-kdiba/Data/Output/collected_outputs/figures/_temp_individual_posteriors/2026-09-16/pin01_one_11-02_17-46-44/ripple/combined/multi/,p_x_given_n[525].png,2026-09-16 23:05:13+00:00,6463,pin01_one_11-02_17-46-44
2949,file,/umms-kdiba/Data/Output/collected_outputs/figures/_temp_individual_posteriors/2026-09-16/pin01_one_11-02_17-46-44/ripple/combined/multi/,p_x_given_n[527].png,2026-09-16 23:05:13+00:00,10655,pin01_one_11-02_17-46-44
2950,file,/umms-kdiba/Data/Output/collected_outputs/figures/_temp_individual_posteriors/2026-09-16/pin01_one_11-02_17-46-44/ripple/combined/multi/,p_x_given_n[529].png,2026-09-16 23:05:13+00:00,6810,pin01_one_11-02_17-46-44
2951,file,/umms-kdiba/Data/Output/collected_outputs/figures/_temp_individual_posteriors/2026-09-16/pin01_one_11-02_17-46-44/ripple/combined/multi/,p_x_given_n[530].png,2026-09-16 23:05:13+00:00,11698,pin01_one_11-02_17-46-44
2952,file,/umms-kdiba/Data/Output/collected_outputs/figures/_temp_individual_posteriors/2026-09-16/pin01_one_11-02_17-46-44/ripple/combined/multi/,p_x_given_n[532].png,2026-09-16 23:05:13+00:00,2627,pin01_one_11-02_17-46-44
2953,file,/umms-kdiba/Data/Output/collected_outputs/figures/_temp_individual_posteriors/2026-09-16/pin01_one_11-02_17-46-44/ripple/combined/multi/,p_x_given_n[534].png,2026-09-16 23:05:13+00:00,3713,pin01_one_11-02_17-46-44
2954,file,/umms-kdiba/Data/Output/collected_outputs/figures/_temp_individual_posteriors/2026-09-16/pin01_one_11-02_17-46-44/ripple/combined/multi/,p_x_given_n[535].png,2026-09-16 23:05:13+00:00,10253,pin01_one_11-02_17-46-44
2955,file,/umms-kdiba/Data/Output/collected_outputs/figures/_temp_individual_posteriors/2026-09-16/pin01_one_11-02_17-46-44/ripple/combined/multi/,p_x_given_n[538].png,2026-09-16 23:05:13+00:00,16208,pin01_one_11-02_17-46-44
2956,file,/umms-kdiba/Data/Output/collected_outputs/figures/_temp_individual_posteriors/2026-09-16/pin01_one_11-02_17-46-44/ripple/combined/multi/,p_x_given_n[539].png,2026-09-16 23:05:13+00:00,8111,pin01_one_11-02_17-46-44
2957,file,/umms-kdiba/Data/Output/collected_outputs/figures/_temp_individual_posteriors/2026-09-16/pin01_one_11-02_17-46-44/ripple/combined/multi/,p_x_given_n[540].png,2026-09-16 23:05:13+00:00,9385,pin01_one_11-02_17-46-44
2958,file,/umms-kdiba/Data/Output/collected_outputs/figures/_temp_individual_posteriors/2026-09-16/pin01_one_11-02_17-46-44/ripple/combined/multi/,p_x_given_n[541].png,2026-09-16 23:05:13+00:00,10366,pin01_one_11-02_17-46-44
2959,file,/umms-kdiba/Data/Output/collected_outputs/figures/_temp_individual_posteriors/2026-09-16/pin01_one_11-02_17-46-44/ripple/combined/multi/,p_x_given_n[544].png,2026-09-16 23:05:13+00:00,8159,pin01_one_11-02_17-46-44
2960,file,/umms-kdiba/Data/Output/collected_outputs/figures/_temp_individual_posteriors/2026-09-16/pin01_one_11-02_17-46-44/ripple/combined/multi/,p_x_given_n[547].png,2026-09-16 23:05:13+00:00,5590,pin01_one_11-02_17-46-44
2961,file,/umms-kdiba/Data/Output/collected_outputs/figures/_temp_individual_posteriors/2026-09-16/pin01_one_11-02_17-46-44/ripple/combined/multi/,p_x_given_n[551].png,2026-09-16 23:05:13+00:00,8749,pin01_one_11-02_17-46-44
2962,file,/umms-kdiba/Data/Output/collected_outputs/figures/_temp_individual_posteriors/2026-09-16/pin01_one_11-02_17-46-44/ripple/combined/multi/,p_x_given_n[557].png,2026-09-16 23:05:13+00:00,10819,pin01_one_11-02_17-46-44
2963,file,/umms-kdiba/Data/Output/collected_outputs/figures/_temp_individual_posteriors/2026-09-16/pin01_one_11-02_17-46-44/ripple/combined/multi/,p_x_given_n[558].png,2026-09-16 23:05:13+00:00,13432,pin01_one_11-02_17-46-44
2964,file,/umms-kdiba/Data/Output/collected_outputs/figures/_temp_individual_posteriors/2026-09-16/pin01_one_11-02_17-46-44/ripple/combined/multi/,p_x_given_n[560].png,2026-09-16 23:05:13+00:00,779,pin01_one_11-02_17-46-44
2965,file,/umms-kdiba/Data/Output/collected_outputs/figures/_temp_individual_posteriors/2026-09-16/pin01_one_11-02_17-46-44/ripple/combined/multi/,p_x_given_n[564].png,2026-09-16 23:05:13+00:00,6588,pin01_one_11-02_17-46-44
2966,file,/umms-kdiba/Data/Output/collected_outputs/figures/_temp_individual_posteriors/2026-09-16/pin01_one_11-02_17-46-44/ripple/combined/multi/,p_x_given_n[452].png,2026-09-16 23:05:12+00:00,3381,pin01_one_11-02_17-46-44
2967,file,/umms-kdiba/Data/Output/collected_outputs/figures/_temp_individual_posteriors/2026-09-16/pin01_one_11-02_17-46-44/ripple/combined/multi/,p_x_given_n[455].png,2026-09-16 23:05:12+00:00,7300,pin01_one_11-02_17-46-44
2968,file,/umms-kdiba/Data/Output/collected_outputs/figures/_temp_individual_posteriors/2026-09-16/pin01_one_11-02_17-46-44/ripple/combined/multi/,p_x_given_n[456].png,2026-09-16 23:05:12+00:00,12904,pin01_one_11-02_17-46-44
2969,file,/umms-kdiba/Data/Output/collected_outputs/figures/_temp_individual_posteriors/2026-09-16/pin01_one_11-02_17-46-44/ripple/combined/multi/,p_x_given_n[457].png,2026-09-16 23:05:12+00:00,13340,pin01_one_11-02_17-46-44
2970,file,/umms-kdiba/Data/Output/collected_outputs/figures/_temp_individual_posteriors/2026-09-16/pin01_one_11-02_17-46-44/ripple/combined/multi/,p_x_given_n[459].png,2026-09-16 23:05:12+00:00,5734,pin01_one_11-02_17-46-44
2971,file,/umms-kdiba/Data/Output/collected_outputs/figures/_temp_individual_posteriors/2026-09-16/pin01_one_11-02_17-46-44/ripple/combined/multi/,p_x_given_n[461].png,2026-09-16 23:05:12+00:00,9305,pin01_one_11-02_17-46-44
2972,file,/umms-kdiba/Data/Output/collected_outputs/figures/_temp_individual_posteriors/2026-09-16/pin01_one_11-02_17-46-44/ripple/combined/multi/,p_x_given_n[462].png,2026-09-16 23:05:12+00:00,14381,pin01_one_11-02_17-46-44
2973,file,/umms-kdiba/Data/Output/collected_outputs/figures/_temp_individual_posteriors/2026-09-16/pin01_one_11-02_17-46-44/ripple/combined/multi/,p_x_given_n[463].png,2026-09-16 23:05:12+00:00,6407,pin01_one_11-02_17-46-44
2974,file,/umms-kdiba/Data/Output/collected_outputs/figures/_temp_individual_posteriors/2026-09-16/pin01_one_11-02_17-46-44/ripple/combined/multi/,p_x_given_n[464].png,2026-09-16 23:05:12+00:00,5918,pin01_one_11-02_17-46-44
2975,file,/umms-kdiba/Data/Output/collected_outputs/figures/_temp_individual_posteriors/2026-09-16/pin01_one_11-02_17-46-44/ripple/combined/multi/,p_x_given_n[470].png,2026-09-16 23:05:12+00:00,9373,pin01_one_11-02_17-46-44
2976,file,/umms-kdiba/Data/Output/collected_outputs/figures/_temp_individual_posteriors/2026-09-16/pin01_one_11-02_17-46-44/ripple/combined/multi/,p_x_given_n[472].png,2026-09-16 23:05:12+00:00,8268,pin01_one_11-02_17-46-44
2977,file,/umms-kdiba/Data/Output/collected_outputs/figures/_temp_individual_posteriors/2026-09-16/pin01_one_11-02_17-46-44/ripple/combined/multi/,p_x_given_n[473].png,2026-09-16 23:05:12+00:00,9360,pin01_one_11-02_17-46-44
2978,file,/umms-kdiba/Data/Output/collected_outputs/figures/_temp_individual_posteriors/2026-09-16/pin01_one_11-02_17-46-44/ripple/combined/multi/,p_x_given_n[474].png,2026-09-16 23:05:12+00:00,8078,pin01_one_11-02_17-46-44
2979,file,/umms-kdiba/Data/Output/collected_outputs/figures/_temp_individual_posteriors/2026-09-16/pin01_one_11-02_17-46-44/ripple/combined/multi/,p_x_given_n[475].png,2026-09-16 23:05:12+00:00,12411,pin01_one_11-02_17-46-44
2980,file,/umms-kdiba/Data/Output/collected_outputs/figures/_temp_individual_posteriors/2026-09-16/pin01_one_11-02_17-46-44/ripple/combined/multi/,p_x_given_n[478].png,2026-09-16 23:05:12+00:00,11033,pin01_one_11-02_17-46-44
2981,file,/umms-kdiba/Data/Output/collected_outputs/figures/_temp_individual_posteriors/2026-09-16/pin01_one_11-02_17-46-44/ripple/combined/multi/,p_x_given_n[480].png,2026-09-16 23:05:12+00:00,3686,pin01_one_11-02_17-46-44
2982,file,/umms-kdiba/Data/Output/collected_outputs/figures/_temp_individual_posteriors/2026-09-16/pin01_one_11-02_17-46-44/ripple/combined/multi/,p_x_given_n[484].png,2026-09-16 23:05:12+00:00,11856,pin01_one_11-02_17-46-44
2983,file,/umms-kdiba/Data/Output/collected_outputs/figures/_temp_individual_posteriors/2026-09-16/pin01_one_11-02_17-46-44/ripple/combined/multi/,p_x_given_n[485].png,2026-09-16 23:05:12+00:00,9983,pin01_one_11-02_17-46-44
2984,file,/umms-kdiba/Data/Output/collected_outputs/figures/_temp_individual_posteriors/2026-09-16/pin01_one_11-02_17-46-44/ripple/combined/multi/,p_x_given_n[488].png,2026-09-16 23:05:12+00:00,9846,pin01_one_11-02_17-46-44
2985,file,/umms-kdiba/Data/Output/collected_outputs/figures/_temp_individual_posteriors/2026-09-16/pin01_one_11-02_17-46-44/ripple/combined/multi/,p_x_given_n[489].png,2026-09-16 23:05:12+00:00,14689,pin01_one_11-02_17-46-44
2986,file,/umms-kdiba/Data/Output/collected_outputs/figures/_temp_individual_posteriors/2026-09-16/pin01_one_11-02_17-46-44/ripple/combined/multi/,p_x_given_n[491].png,2026-09-16 23:05:12+00:00,12487,pin01_one_11-02_17-46-44
2987,file,/umms-kdiba/Data/Output/collected_outputs/figures/_temp_individual_posteriors/2026-09-16/pin01_one_11-02_17-46-44/ripple/combined/multi/,p_x_given_n[493].png,2026-09-16 23:05:12+00:00,4759,pin01_one_11-02_17-46-44
2988,file,/umms-kdiba/Data/Output/collected_outputs/figures/_temp_individual_posteriors/2026-09-16/pin01_one_11-02_17-46-44/ripple/combined/multi/,p_x_given_n[494].png,2026-09-16 23:05:12+00:00,12410,pin01_one_11-02_17-46-44
2989,file,/umms-kdiba/Data/Output/collected_outputs/figures/_temp_individual_posteriors/2026-09-16/pin01_one_11-02_17-46-44/ripple/combined/multi/,p_x_given_n[498].png,2026-09-16 23:05:12+00:00,12671,pin01_one_11-02_17-46-44
2990,file,/umms-kdiba/Data/Output/collected_outputs/figures/_temp_individual_posteriors/2026-09-16/pin01_one_11-02_17-46-44/ripple/combined/multi/,p_x_given_n[499].png,2026-09-16 23:05:12+00:00,7912,pin01_one_11-02_17-46-44
2991,file,/umms-kdiba/Data/Output/collected_outputs/figures/_temp_individual_posteriors/2026-09-16/pin01_one_11-02_17-46-44/ripple/combined/multi/,p_x_given_n[500].png,2026-09-16 23:05:12+00:00,2697,pin01_one_11-02_17-46-44
2992,file,/umms-kdiba/Data/Output/collected_outputs/figures/_temp_individual_posteriors/2026-09-16/pin01_one_11-02_17-46-44/ripple/combined/multi/,p_x_given_n[502].png,2026-09-16 23:05:12+00:00,8803,pin01_one_11-02_17-46-44
2993,file,/umms-kdiba/Data/Output/collected_outputs/figures/_temp_individual_posteriors/2026-09-16/pin01_one_11-02_17-46-44/ripple/combined/multi/,p_x_given_n[504].png,2026-09-16 23:05:12+00:00,9924,pin01_one_11-02_17-46-44
2994,file,/umms-kdiba/Data/Output/collected_outputs/figures/_temp_individual_posteriors/2026-09-16/pin01_one_11-02_17-46-44/ripple/combined/multi/,p_x_given_n[505].png,2026-09-16 23:05:12+00:00,5085,pin01_one_11-02_17-46-44
2995,file,/umms-kdiba/Data/Output/collected_outputs/figures/_temp_individual_posteriors/2026-09-16/pin01_one_11-02_17-46-44/ripple/combined/multi/,p_x_given_n[506].png,2026-09-16 23:05:12+00:00,5196,pin01_one_11-02_17-46-44
2996,file,/umms-kdiba/Data/Output/collected_outputs/figures/_temp_individual_posteriors/2026-09-16/pin01_one_11-02_17-46-44/ripple/combined/multi/,p_x_given_n[359].png,2026-09-16 23:05:11+00:00,15512,pin01_one_11-02_17-46-44
2997,file,/umms-kdiba/Data/Output/collected_outputs/figures/_temp_individual_posteriors/2026-09-16/pin01_one_11-02_17-46-44/ripple/combined/multi/,p_x_given_n[363].png,2026-09-16 23:05:11+00:00,12862,pin01_one_11-02_17-46-44
2998,file,/umms-kdiba/Data/Output/collected_outputs/figures/_temp_individual_posteriors/2026-09-16/pin01_one_11-02_17-46-44/ripple/combined/multi/,p_x_given_n[364].png,2026-09-16 23:05:11+00:00,10834,pin01_one_11-02_17-46-44
2999,file,/umms-kdiba/Data/Output/collected_outputs/figures/_temp_individual_posteriors/2026-09-16/pin01_one_11-02_17-46-44/ripple/combined/multi/,p_x_given_n[365].png,2026-09-16 23:05:11+00:00,13419,pin01_one_11-02_17-46-44
3000,file,/umms-kdiba/Data/Output/collected_outputs/figures/_temp_individual_posteriors/2026-09-16/pin01_one_11-02_17-46-44/ripple/combined/multi/,p_x_given_n[367].png,2026-09-16 23:05:11+00:00,16473,pin01_one_11-02_17-46-44
3001,file,/umms-kdiba/Data/Output/collected_outputs/figures/_temp_individual_posteriors/2026-09-16/pin01_one_11-02_17-46-44/ripple/combined/multi/,p_x_given_n[368].png,2026-09-16 23:05:11+00:00,12212,pin01_one_11-02_17-46-44
3002,file,/umms-kdiba/Data/Output/collected_outputs/figures/_temp_individual_posteriors/2026-09-16/pin01_one_11-02_17-46-44/ripple/combined/multi/,p_x_given_n[369].png,2026-09-16 23:05:11+00:00,10103,pin01_one_11-02_17-46-44
3003,file,/umms-kdiba/Data/Output/collected_outputs/figures/_temp_individual_posteriors/2026-09-16/pin01_one_11-02_17-46-44/ripple/combined/multi/,p_x_given_n[371].png,2026-09-16 23:05:11+00:00,6770,pin01_one_11-02_17-46-44
3004,file,/umms-kdiba/Data/Output/collected_outputs/figures/_temp_individual_posteriors/2026-09-16/pin01_one_11-02_17-46-44/ripple/combined/multi/,p_x_given_n[374].png,2026-09-16 23:05:11+00:00,4657,pin01_one_11-02_17-46-44
3005,file,/umms-kdiba/Data/Output/collected_outputs/figures/_temp_individual_posteriors/2026-09-16/pin01_one_11-02_17-46-44/ripple/combined/multi/,p_x_given_n[378].png,2026-09-16 23:05:11+00:00,16169,pin01_one_11-02_17-46-44
3006,file,/umms-kdiba/Data/Output/collected_outputs/figures/_temp_individual_posteriors/2026-09-16/pin01_one_11-02_17-46-44/ripple/combined/multi/,p_x_given_n[379].png,2026-09-16 23:05:11+00:00,12699,pin01_one_11-02_17-46-44
3007,file,/umms-kdiba/Data/Output/collected_outputs/figures/_temp_individual_posteriors/2026-09-16/pin01_one_11-02_17-46-44/ripple/combined/multi/,p_x_given_n[383].png,2026-09-16 23:05:11+00:00,14088,pin01_one_11-02_17-46-44
3008,file,/umms-kdiba/Data/Output/collected_outputs/figures/_temp_individual_posteriors/2026-09-16/pin01_one_11-02_17-46-44/ripple/combined/multi/,p_x_given_n[385].png,2026-09-16 23:05:11+00:00,7984,pin01_one_11-02_17-46-44
3009,file,/umms-kdiba/Data/Output/collected_outputs/figures/_temp_individual_posteriors/2026-09-16/pin01_one_11-02_17-46-44/ripple/combined/multi/,p_x_given_n[387].png,2026-09-16 23:05:11+00:00,12702,pin01_one_11-02_17-46-44
3010,file,/umms-kdiba/Data/Output/collected_outputs/figures/_temp_individual_posteriors/2026-09-16/pin01_one_11-02_17-46-44/ripple/combined/multi/,p_x_given_n[390].png,2026-09-16 23:05:11+00:00,8338,pin01_one_11-02_17-46-44
3011,file,/umms-kdiba/Data/Output/collected_outputs/figures/_temp_individual_posteriors/2026-09-16/pin01_one_11-02_17-46-44/ripple/combined/multi/,p_x_given_n[391].png,2026-09-16 23:05:11+00:00,12512,pin01_one_11-02_17-46-44
3012,file,/umms-kdiba/Data/Output/collected_outputs/figures/_temp_individual_posteriors/2026-09-16/pin01_one_11-02_17-46-44/ripple/combined/multi/,p_x_given_n[393].png,2026-09-16 23:05:11+00:00,6758,pin01_one_11-02_17-46-44
3013,file,/umms-kdiba/Data/Output/collected_outputs/figures/_temp_individual_posteriors/2026-09-16/pin01_one_11-02_17-46-44/ripple/combined/multi/,p_x_given_n[394].png,2026-09-16 23:05:11+00:00,3683,pin01_one_11-02_17-46-44
3014,file,/umms-kdiba/Data/Output/collected_outputs/figures/_temp_individual_posteriors/2026-09-16/pin01_one_11-02_17-46-44/ripple/combined/multi/,p_x_given_n[395].png,2026-09-16 23:05:11+00:00,12231,pin01_one_11-02_17-46-44
3015,file,/umms-kdiba/Data/Output/collected_outputs/figures/_temp_individual_posteriors/2026-09-16/pin01_one_11-02_17-46-44/ripple/combined/multi/,p_x_given_n[396].png,2026-09-16 23:05:11+00:00,8999,pin01_one_11-02_17-46-44
3016,file,/umms-kdiba/Data/Output/collected_outputs/figures/_temp_individual_posteriors/2026-09-16/pin01_one_11-02_17-46-44/ripple/combined/multi/,p_x_given_n[401].png,2026-09-16 23:05:11+00:00,11161,pin01_one_11-02_17-46-44
3017,file,/umms-kdiba/Data/Output/collected_outputs/figures/_temp_individual_posteriors/2026-09-16/pin01_one_11-02_17-46-44/ripple/combined/multi/,p_x_given_n[403].png,2026-09-16 23:05:11+00:00,12071,pin01_one_11-02_17-46-44
3018,file,/umms-kdiba/Data/Output/collected_outputs/figures/_temp_individual_posteriors/2026-09-16/pin01_one_11-02_17-46-44/ripple/combined/multi/,p_x_given_n[405].png,2026-09-16 23:05:11+00:00,9531,pin01_one_11-02_17-46-44
3019,file,/umms-kdiba/Data/Output/collected_outputs/figures/_temp_individual_posteriors/2026-09-16/pin01_one_11-02_17-46-44/ripple/combined/multi/,p_x_given_n[407].png,2026-09-16 23:05:11+00:00,8283,pin01_one_11-02_17-46-44
3020,file,/umms-kdiba/Data/Output/collected_outputs/figures/_temp_individual_posteriors/2026-09-16/pin01_one_11-02_17-46-44/ripple/combined/multi/,p_x_given_n[408].png,2026-09-16 23:05:11+00:00,11732,pin01_one_11-02_17-46-44
3021,file,/umms-kdiba/Data/Output/collected_outputs/figures/_temp_individual_posteriors/2026-09-16/pin01_one_11-02_17-46-44/ripple/combined/multi/,p_x_given_n[410].png,2026-09-16 23:05:11+00:00,2686,pin01_one_11-02_17-46-44
3022,file,/umms-kdiba/Data/Output/collected_outputs/figures/_temp_individual_posteriors/2026-09-16/pin01_one_11-02_17-46-44/ripple/combined/multi/,p_x_given_n[411].png,2026-09-16 23:05:11+00:00,7916,pin01_one_11-02_17-46-44
3023,file,/umms-kdiba/Data/Output/collected_outputs/figures/_temp_individual_posteriors/2026-09-16/pin01_one_11-02_17-46-44/ripple/combined/multi/,p_x_given_n[412].png,2026-09-16 23:05:11+00:00,11561,pin01_one_11-02_17-46-44
3024,file,/umms-kdiba/Data/Output/collected_outputs/figures/_temp_individual_posteriors/2026-09-16/pin01_one_11-02_17-46-44/ripple/combined/multi/,p_x_given_n[413].png,2026-09-16 23:05:11+00:00,4561,pin01_one_11-02_17-46-44
3025,file,/umms-kdiba/Data/Output/collected_outputs/figures/_temp_individual_posteriors/2026-09-16/pin01_one_11-02_17-46-44/ripple/combined/multi/,p_x_given_n[414].png,2026-09-16 23:05:11+00:00,8972,pin01_one_11-02_17-46-44
3026,file,/umms-kdiba/Data/Output/collected_outputs/figures/_temp_individual_posteriors/2026-09-16/pin01_one_11-02_17-46-44/ripple/combined/multi/,p_x_given_n[415].png,2026-09-16 23:05:11+00:00,11442,pin01_one_11-02_17-46-44
3027,file,/umms-kdiba/Data/Output/collected_outputs/figures/_temp_individual_posteriors/2026-09-16/pin01_one_11-02_17-46-44/ripple/combined/multi/,p_x_given_n[418].png,2026-09-16 23:05:11+00:00,10513,pin01_one_11-02_17-46-44
3028,file,/umms-kdiba/Data/Output/collected_outputs/figures/_temp_individual_posteriors/2026-09-16/pin01_one_11-02_17-46-44/ripple/combined/multi/,p_x_given_n[426].png,2026-09-16 23:05:11+00:00,6308,pin01_one_11-02_17-46-44
3029,file,/umms-kdiba/Data/Output/collected_outputs/figures/_temp_individual_posteriors/2026-09-16/pin01_one_11-02_17-46-44/ripple/combined/multi/,p_x_given_n[427].png,2026-09-16 23:05:11+00:00,7722,pin01_one_11-02_17-46-44
3030,file,/umms-kdiba/Data/Output/collected_outputs/figures/_temp_individual_posteriors/2026-09-16/pin01_one_11-02_17-46-44/ripple/combined/multi/,p_x_given_n[429].png,2026-09-16 23:05:11+00:00,8526,pin01_one_11-02_17-46-44
3031,file,/umms-kdiba/Data/Output/collected_outputs/figures/_temp_individual_posteriors/2026-09-16/pin01_one_11-02_17-46-44/ripple/combined/multi/,p_x_given_n[430].png,2026-09-16 23:05:11+00:00,2865,pin01_one_11-02_17-46-44
3032,file,/umms-kdiba/Data/Output/collected_outputs/figures/_temp_individual_posteriors/2026-09-16/pin01_one_11-02_17-46-44/ripple/combined/multi/,p_x_given_n[431].png,2026-09-16 23:05:11+00:00,9253,pin01_one_11-02_17-46-44
3033,file,/umms-kdiba/Data/Output/collected_outputs/figures/_temp_individual_posteriors/2026-09-16/pin01_one_11-02_17-46-44/ripple/combined/multi/,p_x_given_n[432].png,2026-09-16 23:05:11+00:00,8284,pin01_one_11-02_17-46-44
3034,file,/umms-kdiba/Data/Output/collected_outputs/figures/_temp_individual_posteriors/2026-09-16/pin01_one_11-02_17-46-44/ripple/combined/multi/,p_x_given_n[433].png,2026-09-16 23:05:11+00:00,11389,pin01_one_11-02_17-46-44
3035,file,/umms-kdiba/Data/Output/collected_outputs/figures/_temp_individual_posteriors/2026-09-16/pin01_one_11-02_17-46-44/ripple/combined/multi/,p_x_given_n[440].png,2026-09-16 23:05:11+00:00,11775,pin01_one_11-02_17-46-44
3036,file,/umms-kdiba/Data/Output/collected_outputs/figures/_temp_individual_posteriors/2026-09-16/pin01_one_11-02_17-46-44/ripple/combined/multi/,p_x_given_n[443].png,2026-09-16 23:05:11+00:00,12842,pin01_one_11-02_17-46-44
3037,file,/umms-kdiba/Data/Output/collected_outputs/figures/_temp_individual_posteriors/2026-09-16/pin01_one_11-02_17-46-44/ripple/combined/multi/,p_x_given_n[448].png,2026-09-16 23:05:11+00:00,10787,pin01_one_11-02_17-46-44
3038,file,/umms-kdiba/Data/Output/collected_outputs/figures/_temp_individual_posteriors/2026-09-16/pin01_one_11-02_17-46-44/ripple/combined/multi/,p_x_given_n[234].png,2026-09-16 23:05:10+00:00,7567,pin01_one_11-02_17-46-44
3039,file,/umms-kdiba/Data/Output/collected_outputs/figures/_temp_individual_posteriors/2026-09-16/pin01_one_11-02_17-46-44/ripple/combined/multi/,p_x_given_n[241].png,2026-09-16 23:05:10+00:00,12341,pin01_one_11-02_17-46-44
3040,file,/umms-kdiba/Data/Output/collected_outputs/figures/_temp_individual_posteriors/2026-09-16/pin01_one_11-02_17-46-44/ripple/combined/multi/,p_x_given_n[242].png,2026-09-16 23:05:10+00:00,11375,pin01_one_11-02_17-46-44
3041,file,/umms-kdiba/Data/Output/collected_outputs/figures/_temp_individual_posteriors/2026-09-16/pin01_one_11-02_17-46-44/ripple/combined/multi/,p_x_given_n[248].png,2026-09-16 23:05:10+00:00,6029,pin01_one_11-02_17-46-44
3042,file,/umms-kdiba/Data/Output/collected_outputs/figures/_temp_individual_posteriors/2026-09-16/pin01_one_11-02_17-46-44/ripple/combined/multi/,p_x_given_n[253].png,2026-09-16 23:05:10+00:00,6189,pin01_one_11-02_17-46-44
3043,file,/umms-kdiba/Data/Output/collected_outputs/figures/_temp_individual_posteriors/2026-09-16/pin01_one_11-02_17-46-44/ripple/combined/multi/,p_x_given_n[258].png,2026-09-16 23:05:10+00:00,12390,pin01_one_11-02_17-46-44
3044,file,/umms-kdiba/Data/Output/collected_outputs/figures/_temp_individual_posteriors/2026-09-16/pin01_one_11-02_17-46-44/ripple/combined/multi/,p_x_given_n[259].png,2026-09-16 23:05:10+00:00,9953,pin01_one_11-02_17-46-44
3045,file,/umms-kdiba/Data/Output/collected_outputs/figures/_temp_individual_posteriors/2026-09-16/pin01_one_11-02_17-46-44/ripple/combined/multi/,p_x_given_n[265].png,2026-09-16 23:05:10+00:00,7605,pin01_one_11-02_17-46-44
3046,file,/umms-kdiba/Data/Output/collected_outputs/figures/_temp_individual_posteriors/2026-09-16/pin01_one_11-02_17-46-44/ripple/combined/multi/,p_x_given_n[269].png,2026-09-16 23:05:10+00:00,5439,pin01_one_11-02_17-46-44
3047,file,/umms-kdiba/Data/Output/collected_outputs/figures/_temp_individual_posteriors/2026-09-16/pin01_one_11-02_17-46-44/ripple/combined/multi/,p_x_given_n[276].png,2026-09-16 23:05:10+00:00,12028,pin01_one_11-02_17-46-44
3048,file,/umms-kdiba/Data/Output/collected_outputs/figures/_temp_individual_posteriors/2026-09-16/pin01_one_11-02_17-46-44/ripple/combined/multi/,p_x_given_n[280].png,2026-09-16 23:05:10+00:00,3127,pin01_one_11-02_17-46-44
3049,file,/umms-kdiba/Data/Output/collected_outputs/figures/_temp_individual_posteriors/2026-09-16/pin01_one_11-02_17-46-44/ripple/combined/multi/,p_x_given_n[282].png,2026-09-16 23:05:10+00:00,10227,pin01_one_11-02_17-46-44
3050,file,/umms-kdiba/Data/Output/collected_outputs/figures/_temp_individual_posteriors/2026-09-16/pin01_one_11-02_17-46-44/ripple/combined/multi/,p_x_given_n[284].png,2026-09-16 23:05:10+00:00,2626,pin01_one_11-02_17-46-44
3051,file,/umms-kdiba/Data/Output/collected_outputs/figures/_temp_individual_posteriors/2026-09-16/pin01_one_11-02_17-46-44/ripple/combined/multi/,p_x_given_n[285].png,2026-09-16 23:05:10+00:00,5226,pin01_one_11-02_17-46-44
3052,file,/umms-kdiba/Data/Output/collected_outputs/figures/_temp_individual_posteriors/2026-09-16/pin01_one_11-02_17-46-44/ripple/combined/multi/,p_x_given_n[286].png,2026-09-16 23:05:10+00:00,12869,pin01_one_11-02_17-46-44
3053,file,/umms-kdiba/Data/Output/collected_outputs/figures/_temp_individual_posteriors/2026-09-16/pin01_one_11-02_17-46-44/ripple/combined/multi/,p_x_given_n[289].png,2026-09-16 23:05:10+00:00,3917,pin01_one_11-02_17-46-44
3054,file,/umms-kdiba/Data/Output/collected_outputs/figures/_temp_individual_posteriors/2026-09-16/pin01_one_11-02_17-46-44/ripple/combined/multi/,p_x_given_n[290].png,2026-09-16 23:05:10+00:00,14164,pin01_one_11-02_17-46-44
3055,file,/umms-kdiba/Data/Output/collected_outputs/figures/_temp_individual_posteriors/2026-09-16/pin01_one_11-02_17-46-44/ripple/combined/multi/,p_x_given_n[294].png,2026-09-16 23:05:10+00:00,12330,pin01_one_11-02_17-46-44
3056,file,/umms-kdiba/Data/Output/collected_outputs/figures/_temp_individual_posteriors/2026-09-16/pin01_one_11-02_17-46-44/ripple/combined/multi/,p_x_given_n[297].png,2026-09-16 23:05:10+00:00,3500,pin01_one_11-02_17-46-44
3057,file,/umms-kdiba/Data/Output/collected_outputs/figures/_temp_individual_posteriors/2026-09-16/pin01_one_11-02_17-46-44/ripple/combined/multi/,p_x_given_n[302].png,2026-09-16 23:05:10+00:00,13462,pin01_one_11-02_17-46-44
3058,file,/umms-kdiba/Data/Output/collected_outputs/figures/_temp_individual_posteriors/2026-09-16/pin01_one_11-02_17-46-44/ripple/combined/multi/,p_x_given_n[303].png,2026-09-16 23:05:10+00:00,5533,pin01_one_11-02_17-46-44
3059,file,/umms-kdiba/Data/Output/collected_outputs/figures/_temp_individual_posteriors/2026-09-16/pin01_one_11-02_17-46-44/ripple/combined/multi/,p_x_given_n[304].png,2026-09-16 23:05:10+00:00,11341,pin01_one_11-02_17-46-44
3060,file,/umms-kdiba/Data/Output/collected_outputs/figures/_temp_individual_posteriors/2026-09-16/pin01_one_11-02_17-46-44/ripple/combined/multi/,p_x_given_n[308].png,2026-09-16 23:05:10+00:00,9467,pin01_one_11-02_17-46-44
3061,file,/umms-kdiba/Data/Output/collected_outputs/figures/_temp_individual_posteriors/2026-09-16/pin01_one_11-02_17-46-44/ripple/combined/multi/,p_x_given_n[312].png,2026-09-16 23:05:10+00:00,9310,pin01_one_11-02_17-46-44
3062,file,/umms-kdiba/Data/Output/collected_outputs/figures/_temp_individual_posteriors/2026-09-16/pin01_one_11-02_17-46-44/ripple/combined/multi/,p_x_given_n[313].png,2026-09-16 23:05:10+00:00,8557,pin01_one_11-02_17-46-44
3063,file,/umms-kdiba/Data/Output/collected_outputs/figures/_temp_individual_posteriors/2026-09-16/pin01_one_11-02_17-46-44/ripple/combined/multi/,p_x_given_n[314].png,2026-09-16 23:05:10+00:00,12217,pin01_one_11-02_17-46-44
3064,file,/umms-kdiba/Data/Output/collected_outputs/figures/_temp_individual_posteriors/2026-09-16/pin01_one_11-02_17-46-44/ripple/combined/multi/,p_x_given_n[316].png,2026-09-16 23:05:10+00:00,11994,pin01_one_11-02_17-46-44
3065,file,/umms-kdiba/Data/Output/collected_outputs/figures/_temp_individual_posteriors/2026-09-16/pin01_one_11-02_17-46-44/ripple/combined/multi/,p_x_given_n[317].png,2026-09-16 23:05:10+00:00,2292,pin01_one_11-02_17-46-44
3066,file,/umms-kdiba/Data/Output/collected_outputs/figures/_temp_individual_posteriors/2026-09-16/pin01_one_11-02_17-46-44/ripple/combined/multi/,p_x_given_n[318].png,2026-09-16 23:05:10+00:00,12298,pin01_one_11-02_17-46-44
3067,file,/umms-kdiba/Data/Output/collected_outputs/figures/_temp_individual_posteriors/2026-09-16/pin01_one_11-02_17-46-44/ripple/combined/multi/,p_x_given_n[319].png,2026-09-16 23:05:10+00:00,10695,pin01_one_11-02_17-46-44
3068,file,/umms-kdiba/Data/Output/collected_outputs/figures/_temp_individual_posteriors/2026-09-16/pin01_one_11-02_17-46-44/ripple/combined/multi/,p_x_given_n[324].png,2026-09-16 23:05:10+00:00,10387,pin01_one_11-02_17-46-44
3069,file,/umms-kdiba/Data/Output/collected_outputs/figures/_temp_individual_posteriors/2026-09-16/pin01_one_11-02_17-46-44/ripple/combined/multi/,p_x_given_n[327].png,2026-09-16 23:05:10+00:00,10353,pin01_one_11-02_17-46-44
3070,file,/umms-kdiba/Data/Output/collected_outputs/figures/_temp_individual_posteriors/2026-09-16/pin01_one_11-02_17-46-44/ripple/combined/multi/,p_x_given_n[329].png,2026-09-16 23:05:10+00:00,7697,pin01_one_11-02_17-46-44
3071,file,/umms-kdiba/Data/Output/collected_outputs/figures/_temp_individual_posteriors/2026-09-16/pin01_one_11-02_17-46-44/ripple/combined/multi/,p_x_given_n[330].png,2026-09-16 23:05:10+00:00,5390,pin01_one_11-02_17-46-44
3072,file,/umms-kdiba/Data/Output/collected_outputs/figures/_temp_individual_posteriors/2026-09-16/pin01_one_11-02_17-46-44/ripple/combined/multi/,p_x_given_n[331].png,2026-09-16 23:05:10+00:00,7324,pin01_one_11-02_17-46-44
3073,file,/umms-kdiba/Data/Output/collected_outputs/figures/_temp_individual_posteriors/2026-09-16/pin01_one_11-02_17-46-44/ripple/combined/multi/,p_x_given_n[332].png,2026-09-16 23:05:10+00:00,10707,pin01_one_11-02_17-46-44
3074,file,/umms-kdiba/Data/Output/collected_outputs/figures/_temp_individual_posteriors/2026-09-16/pin01_one_11-02_17-46-44/ripple/combined/multi/,p_x_given_n[336].png,2026-09-16 23:05:10+00:00,8233,pin01_one_11-02_17-46-44
3075,file,/umms-kdiba/Data/Output/collected_outputs/figures/_temp_individual_posteriors/2026-09-16/pin01_one_11-02_17-46-44/ripple/combined/multi/,p_x_given_n[338].png,2026-09-16 23:05:10+00:00,5941,pin01_one_11-02_17-46-44
3076,file,/umms-kdiba/Data/Output/collected_outputs/figures/_temp_individual_posteriors/2026-09-16/pin01_one_11-02_17-46-44/ripple/combined/multi/,p_x_given_n[340].png,2026-09-16 23:05:10+00:00,10716,pin01_one_11-02_17-46-44
3077,file,/umms-kdiba/Data/Output/collected_outputs/figures/_temp_individual_posteriors/2026-09-16/pin01_one_11-02_17-46-44/ripple/combined/multi/,p_x_given_n[344].png,2026-09-16 23:05:10+00:00,3043,pin01_one_11-02_17-46-44
3078,file,/umms-kdiba/Data/Output/collected_outputs/figures/_temp_individual_posteriors/2026-09-16/pin01_one_11-02_17-46-44/ripple/combined/multi/,p_x_given_n[345].png,2026-09-16 23:05:10+00:00,829,pin01_one_11-02_17-46-44
3079,file,/umms-kdiba/Data/Output/collected_outputs/figures/_temp_individual_posteriors/2026-09-16/pin01_one_11-02_17-46-44/ripple/combined/multi/,p_x_given_n[350].png,2026-09-16 23:05:10+00:00,9377,pin01_one_11-02_17-46-44
3080,file,/umms-kdiba/Data/Output/collected_outputs/figures/_temp_individual_posteriors/2026-09-16/pin01_one_11-02_17-46-44/ripple/combined/multi/,p_x_given_n[356].png,2026-09-16 23:05:10+00:00,12438,pin01_one_11-02_17-46-44
3081,file,/umms-kdiba/Data/Output/collected_outputs/figures/_temp_individual_posteriors/2026-09-16/pin01_one_11-02_17-46-44/ripple/combined/multi/,p_x_given_n[358].png,2026-09-16 23:05:10+00:00,10116,pin01_one_11-02_17-46-44
3082,file,/umms-kdiba/Data/Output/collected_outputs/figures/_temp_individual_posteriors/2026-09-16/pin01_one_11-02_17-46-44/ripple/combined/multi/,p_x_given_n[113].png,2026-09-16 23:05:09+00:00,12338,pin01_one_11-02_17-46-44
3083,file,/umms-kdiba/Data/Output/collected_outputs/figures/_temp_individual_posteriors/2026-09-16/pin01_one_11-02_17-46-44/ripple/combined/multi/,p_x_given_n[115].png,2026-09-16 23:05:09+00:00,3282,pin01_one_11-02_17-46-44
3084,file,/umms-kdiba/Data/Output/collected_outputs/figures/_temp_individual_posteriors/2026-09-16/pin01_one_11-02_17-46-44/ripple/combined/multi/,p_x_given_n[119].png,2026-09-16 23:05:09+00:00,14343,pin01_one_11-02_17-46-44
3085,file,/umms-kdiba/Data/Output/collected_outputs/figures/_temp_individual_posteriors/2026-09-16/pin01_one_11-02_17-46-44/ripple/combined/multi/,p_x_given_n[126].png,2026-09-16 23:05:09+00:00,10829,pin01_one_11-02_17-46-44
3086,file,/umms-kdiba/Data/Output/collected_outputs/figures/_temp_individual_posteriors/2026-09-16/pin01_one_11-02_17-46-44/ripple/combined/multi/,p_x_given_n[130].png,2026-09-16 23:05:09+00:00,13111,pin01_one_11-02_17-46-44
3087,file,/umms-kdiba/Data/Output/collected_outputs/figures/_temp_individual_posteriors/2026-09-16/pin01_one_11-02_17-46-44/ripple/combined/multi/,p_x_given_n[132].png,2026-09-16 23:05:09+00:00,5957,pin01_one_11-02_17-46-44
3088,file,/umms-kdiba/Data/Output/collected_outputs/figures/_temp_individual_posteriors/2026-09-16/pin01_one_11-02_17-46-44/ripple/combined/multi/,p_x_given_n[133].png,2026-09-16 23:05:09+00:00,12044,pin01_one_11-02_17-46-44
3089,file,/umms-kdiba/Data/Output/collected_outputs/figures/_temp_individual_posteriors/2026-09-16/pin01_one_11-02_17-46-44/ripple/combined/multi/,p_x_given_n[136].png,2026-09-16 23:05:09+00:00,14894,pin01_one_11-02_17-46-44
3090,file,/umms-kdiba/Data/Output/collected_outputs/figures/_temp_individual_posteriors/2026-09-16/pin01_one_11-02_17-46-44/ripple/combined/multi/,p_x_given_n[137].png,2026-09-16 23:05:09+00:00,5977,pin01_one_11-02_17-46-44
3091,file,/umms-kdiba/Data/Output/collected_outputs/figures/_temp_individual_posteriors/2026-09-16/pin01_one_11-02_17-46-44/ripple/combined/multi/,p_x_given_n[140].png,2026-09-16 23:05:09+00:00,5423,pin01_one_11-02_17-46-44
3092,file,/umms-kdiba/Data/Output/collected_outputs/figures/_temp_individual_posteriors/2026-09-16/pin01_one_11-02_17-46-44/ripple/combined/multi/,p_x_given_n[141].png,2026-09-16 23:05:09+00:00,9733,pin01_one_11-02_17-46-44
3093,file,/umms-kdiba/Data/Output/collected_outputs/figures/_temp_individual_posteriors/2026-09-16/pin01_one_11-02_17-46-44/ripple/combined/multi/,p_x_given_n[146].png,2026-09-16 23:05:09+00:00,3067,pin01_one_11-02_17-46-44
3094,file,/umms-kdiba/Data/Output/collected_outputs/figures/_temp_individual_posteriors/2026-09-16/pin01_one_11-02_17-46-44/ripple/combined/multi/,p_x_given_n[147].png,2026-09-16 23:05:09+00:00,8458,pin01_one_11-02_17-46-44
3095,file,/umms-kdiba/Data/Output/collected_outputs/figures/_temp_individual_posteriors/2026-09-16/pin01_one_11-02_17-46-44/ripple/combined/multi/,p_x_given_n[153].png,2026-09-16 23:05:09+00:00,3015,pin01_one_11-02_17-46-44
3096,file,/umms-kdiba/Data/Output/collected_outputs/figures/_temp_individual_posteriors/2026-09-16/pin01_one_11-02_17-46-44/ripple/combined/multi/,p_x_given_n[155].png,2026-09-16 23:05:09+00:00,2678,pin01_one_11-02_17-46-44
3097,file,/umms-kdiba/Data/Output/collected_outputs/figures/_temp_individual_posteriors/2026-09-16/pin01_one_11-02_17-46-44/ripple/combined/multi/,p_x_given_n[161].png,2026-09-16 23:05:09+00:00,4893,pin01_one_11-02_17-46-44
3098,file,/umms-kdiba/Data/Output/collected_outputs/figures/_temp_individual_posteriors/2026-09-16/pin01_one_11-02_17-46-44/ripple/combined/multi/,p_x_given_n[162].png,2026-09-16 23:05:09+00:00,5746,pin01_one_11-02_17-46-44
3099,file,/umms-kdiba/Data/Output/collected_outputs/figures/_temp_individual_posteriors/2026-09-16/pin01_one_11-02_17-46-44/ripple/combined/multi/,p_x_given_n[163].png,2026-09-16 23:05:09+00:00,3693,pin01_one_11-02_17-46-44
3100,file,/umms-kdiba/Data/Output/collected_outputs/figures/_temp_individual_posteriors/2026-09-16/pin01_one_11-02_17-46-44/ripple/combined/multi/,p_x_given_n[171].png,2026-09-16 23:05:09+00:00,8393,pin01_one_11-02_17-46-44
3101,file,/umms-kdiba/Data/Output/collected_outputs/figures/_temp_individual_posteriors/2026-09-16/pin01_one_11-02_17-46-44/ripple/combined/multi/,p_x_given_n[178].png,2026-09-16 23:05:09+00:00,13033,pin01_one_11-02_17-46-44
3102,file,/umms-kdiba/Data/Output/collected_outputs/figures/_temp_individual_posteriors/2026-09-16/pin01_one_11-02_17-46-44/ripple/combined/multi/,p_x_given_n[179].png,2026-09-16 23:05:09+00:00,8583,pin01_one_11-02_17-46-44
3103,file,/umms-kdiba/Data/Output/collected_outputs/figures/_temp_individual_posteriors/2026-09-16/pin01_one_11-02_17-46-44/ripple/combined/multi/,p_x_given_n[185].png,2026-09-16 23:05:09+00:00,6927,pin01_one_11-02_17-46-44
3104,file,/umms-kdiba/Data/Output/collected_outputs/figures/_temp_individual_posteriors/2026-09-16/pin01_one_11-02_17-46-44/ripple/combined/multi/,p_x_given_n[188].png,2026-09-16 23:05:09+00:00,4760,pin01_one_11-02_17-46-44
3105,file,/umms-kdiba/Data/Output/collected_outputs/figures/_temp_individual_posteriors/2026-09-16/pin01_one_11-02_17-46-44/ripple/combined/multi/,p_x_given_n[190].png,2026-09-16 23:05:09+00:00,3299,pin01_one_11-02_17-46-44
3106,file,/umms-kdiba/Data/Output/collected_outputs/figures/_temp_individual_posteriors/2026-09-16/pin01_one_11-02_17-46-44/ripple/combined/multi/,p_x_given_n[195].png,2026-09-16 23:05:09+00:00,11232,pin01_one_11-02_17-46-44
3107,file,/umms-kdiba/Data/Output/collected_outputs/figures/_temp_individual_posteriors/2026-09-16/pin01_one_11-02_17-46-44/ripple/combined/multi/,p_x_given_n[196].png,2026-09-16 23:05:09+00:00,8074,pin01_one_11-02_17-46-44
3108,file,/umms-kdiba/Data/Output/collected_outputs/figures/_temp_individual_posteriors/2026-09-16/pin01_one_11-02_17-46-44/ripple/combined/multi/,p_x_given_n[199].png,2026-09-16 23:05:09+00:00,10788,pin01_one_11-02_17-46-44
3109,file,/umms-kdiba/Data/Output/collected_outputs/figures/_temp_individual_posteriors/2026-09-16/pin01_one_11-02_17-46-44/ripple/combined/multi/,p_x_given_n[200].png,2026-09-16 23:05:09+00:00,4044,pin01_one_11-02_17-46-44
3110,file,/umms-kdiba/Data/Output/collected_outputs/figures/_temp_individual_posteriors/2026-09-16/pin01_one_11-02_17-46-44/ripple/combined/multi/,p_x_given_n[201].png,2026-09-16 23:05:09+00:00,7913,pin01_one_11-02_17-46-44
3111,file,/umms-kdiba/Data/Output/collected_outputs/figures/_temp_individual_posteriors/2026-09-16/pin01_one_11-02_17-46-44/ripple/combined/multi/,p_x_given_n[206].png,2026-09-16 23:05:09+00:00,8538,pin01_one_11-02_17-46-44
3112,file,/umms-kdiba/Data/Output/collected_outputs/figures/_temp_individual_posteriors/2026-09-16/pin01_one_11-02_17-46-44/ripple/combined/multi/,p_x_given_n[208].png,2026-09-16 23:05:09+00:00,2962,pin01_one_11-02_17-46-44
3113,file,/umms-kdiba/Data/Output/collected_outputs/figures/_temp_individual_posteriors/2026-09-16/pin01_one_11-02_17-46-44/ripple/combined/multi/,p_x_given_n[209].png,2026-09-16 23:05:09+00:00,2875,pin01_one_11-02_17-46-44
3114,file,/umms-kdiba/Data/Output/collected_outputs/figures/_temp_individual_posteriors/2026-09-16/pin01_one_11-02_17-46-44/ripple/combined/multi/,p_x_given_n[211].png,2026-09-16 23:05:09+00:00,10812,pin01_one_11-02_17-46-44
3115,file,/umms-kdiba/Data/Output/collected_outputs/figures/_temp_individual_posteriors/2026-09-16/pin01_one_11-02_17-46-44/ripple/combined/multi/,p_x_given_n[218].png,2026-09-16 23:05:09+00:00,9419,pin01_one_11-02_17-46-44
3116,file,/umms-kdiba/Data/Output/collected_outputs/figures/_temp_individual_posteriors/2026-09-16/pin01_one_11-02_17-46-44/ripple/combined/multi/,p_x_given_n[222].png,2026-09-16 23:05:09+00:00,12217,pin01_one_11-02_17-46-44
3117,file,/umms-kdiba/Data/Output/collected_outputs/figures/_temp_individual_posteriors/2026-09-16/pin01_one_11-02_17-46-44/ripple/combined/multi/,p_x_given_n[223].png,2026-09-16 23:05:09+00:00,12463,pin01_one_11-02_17-46-44
3118,file,/umms-kdiba/Data/Output/collected_outputs/figures/_temp_individual_posteriors/2026-09-16/pin01_one_11-02_17-46-44/ripple/combined/multi/,p_x_given_n[224].png,2026-09-16 23:05:09+00:00,11386,pin01_one_11-02_17-46-44
3119,file,/umms-kdiba/Data/Output/collected_outputs/figures/_temp_individual_posteriors/2026-09-16/pin01_one_11-02_17-46-44/ripple/combined/multi/,p_x_given_n[228].png,2026-09-16 23:05:09+00:00,3074,pin01_one_11-02_17-46-44
3120,file,/umms-kdiba/Data/Output/collected_outputs/figures/_temp_individual_posteriors/2026-09-16/pin01_one_11-02_17-46-44/ripple/combined/multi/,p_x_given_n[230].png,2026-09-16 23:05:09+00:00,10971,pin01_one_11-02_17-46-44
3121,file,/umms-kdiba/Data/Output/collected_outputs/figures/_temp_individual_posteriors/2026-09-16/pin01_one_11-02_17-46-44/ripple/combined/multi/,p_x_given_n[231].png,2026-09-16 23:05:09+00:00,5463,pin01_one_11-02_17-46-44
3122,file,/umms-kdiba/Data/Output/collected_outputs/figures/_temp_individual_posteriors/2026-09-16/pin01_one_11-02_17-46-44/ripple/combined/multi/,p_x_given_n[000].png,2026-09-16 23:05:08+00:00,7750,pin01_one_11-02_17-46-44
3123,file,/umms-kdiba/Data/Output/collected_outputs/figures/_temp_individual_posteriors/2026-09-16/pin01_one_11-02_17-46-44/ripple/combined/multi/,p_x_given_n[001].png,2026-09-16 23:05:08+00:00,8981,pin01_one_11-02_17-46-44
3124,file,/umms-kdiba/Data/Output/collected_outputs/figures/_temp_individual_posteriors/2026-09-16/pin01_one_11-02_17-46-44/ripple/combined/multi/,p_x_given_n[002].png,2026-09-16 23:05:08+00:00,8338,pin01_one_11-02_17-46-44
3125,file,/umms-kdiba/Data/Output/collected_outputs/figures/_temp_individual_posteriors/2026-09-16/pin01_one_11-02_17-46-44/ripple/combined/multi/,p_x_given_n[009].png,2026-09-16 23:05:08+00:00,3215,pin01_one_11-02_17-46-44
3126,file,/umms-kdiba/Data/Output/collected_outputs/figures/_temp_individual_posteriors/2026-09-16/pin01_one_11-02_17-46-44/ripple/combined/multi/,p_x_given_n[010].png,2026-09-16 23:05:08+00:00,8894,pin01_one_11-02_17-46-44
3127,file,/umms-kdiba/Data/Output/collected_outputs/figures/_temp_individual_posteriors/2026-09-16/pin01_one_11-02_17-46-44/ripple/combined/multi/,p_x_given_n[015].png,2026-09-16 23:05:08+00:00,6323,pin01_one_11-02_17-46-44
3128,file,/umms-kdiba/Data/Output/collected_outputs/figures/_temp_individual_posteriors/2026-09-16/pin01_one_11-02_17-46-44/ripple/combined/multi/,p_x_given_n[017].png,2026-09-16 23:05:08+00:00,13384,pin01_one_11-02_17-46-44
3129,file,/umms-kdiba/Data/Output/collected_outputs/figures/_temp_individual_posteriors/2026-09-16/pin01_one_11-02_17-46-44/ripple/combined/multi/,p_x_given_n[019].png,2026-09-16 23:05:08+00:00,8120,pin01_one_11-02_17-46-44
3130,file,/umms-kdiba/Data/Output/collected_outputs/figures/_temp_individual_posteriors/2026-09-16/pin01_one_11-02_17-46-44/ripple/combined/multi/,p_x_given_n[024].png,2026-09-16 23:05:08+00:00,12166,pin01_one_11-02_17-46-44
3131,file,/umms-kdiba/Data/Output/collected_outputs/figures/_temp_individual_posteriors/2026-09-16/pin01_one_11-02_17-46-44/ripple/combined/multi/,p_x_given_n[025].png,2026-09-16 23:05:08+00:00,14489,pin01_one_11-02_17-46-44
3132,file,/umms-kdiba/Data/Output/collected_outputs/figures/_temp_individual_posteriors/2026-09-16/pin01_one_11-02_17-46-44/ripple/combined/multi/,p_x_given_n[031].png,2026-09-16 23:05:08+00:00,9843,pin01_one_11-02_17-46-44
3133,file,/umms-kdiba/Data/Output/collected_outputs/figures/_temp_individual_posteriors/2026-09-16/pin01_one_11-02_17-46-44/ripple/combined/multi/,p_x_given_n[033].png,2026-09-16 23:05:08+00:00,15478,pin01_one_11-02_17-46-44
3134,file,/umms-kdiba/Data/Output/collected_outputs/figures/_temp_individual_posteriors/2026-09-16/pin01_one_11-02_17-46-44/ripple/combined/multi/,p_x_given_n[034].png,2026-09-16 23:05:08+00:00,10217,pin01_one_11-02_17-46-44
3135,file,/umms-kdiba/Data/Output/collected_outputs/figures/_temp_individual_posteriors/2026-09-16/pin01_one_11-02_17-46-44/ripple/combined/multi/,p_x_given_n[035].png,2026-09-16 23:05:08+00:00,14022,pin01_one_11-02_17-46-44
3136,file,/umms-kdiba/Data/Output/collected_outputs/figures/_temp_individual_posteriors/2026-09-16/pin01_one_11-02_17-46-44/ripple/combined/multi/,p_x_given_n[038].png,2026-09-16 23:05:08+00:00,7381,pin01_one_11-02_17-46-44
3137,file,/umms-kdiba/Data/Output/collected_outputs/figures/_temp_individual_posteriors/2026-09-16/pin01_one_11-02_17-46-44/ripple/combined/multi/,p_x_given_n[041].png,2026-09-16 23:05:08+00:00,12669,pin01_one_11-02_17-46-44
3138,file,/umms-kdiba/Data/Output/collected_outputs/figures/_temp_individual_posteriors/2026-09-16/pin01_one_11-02_17-46-44/ripple/combined/multi/,p_x_given_n[043].png,2026-09-16 23:05:08+00:00,12843,pin01_one_11-02_17-46-44
3139,file,/umms-kdiba/Data/Output/collected_outputs/figures/_temp_individual_posteriors/2026-09-16/pin01_one_11-02_17-46-44/ripple/combined/multi/,p_x_given_n[052].png,2026-09-16 23:05:08+00:00,13563,pin01_one_11-02_17-46-44
3140,file,/umms-kdiba/Data/Output/collected_outputs/figures/_temp_individual_posteriors/2026-09-16/pin01_one_11-02_17-46-44/ripple/combined/multi/,p_x_given_n[060].png,2026-09-16 23:05:08+00:00,9094,pin01_one_11-02_17-46-44
3141,file,/umms-kdiba/Data/Output/collected_outputs/figures/_temp_individual_posteriors/2026-09-16/pin01_one_11-02_17-46-44/ripple/combined/multi/,p_x_given_n[061].png,2026-09-16 23:05:08+00:00,11407,pin01_one_11-02_17-46-44
3142,file,/umms-kdiba/Data/Output/collected_outputs/figures/_temp_individual_posteriors/2026-09-16/pin01_one_11-02_17-46-44/ripple/combined/multi/,p_x_given_n[065].png,2026-09-16 23:05:08+00:00,5776,pin01_one_11-02_17-46-44
3143,file,/umms-kdiba/Data/Output/collected_outputs/figures/_temp_individual_posteriors/2026-09-16/pin01_one_11-02_17-46-44/ripple/combined/multi/,p_x_given_n[069].png,2026-09-16 23:05:08+00:00,6756,pin01_one_11-02_17-46-44
3144,file,/umms-kdiba/Data/Output/collected_outputs/figures/_temp_individual_posteriors/2026-09-16/pin01_one_11-02_17-46-44/ripple/combined/multi/,p_x_given_n[070].png,2026-09-16 23:05:08+00:00,5815,pin01_one_11-02_17-46-44
3145,file,/umms-kdiba/Data/Output/collected_outputs/figures/_temp_individual_posteriors/2026-09-16/pin01_one_11-02_17-46-44/ripple/combined/multi/,p_x_given_n[071].png,2026-09-16 23:05:08+00:00,4824,pin01_one_11-02_17-46-44
3146,file,/umms-kdiba/Data/Output/collected_outputs/figures/_temp_individual_posteriors/2026-09-16/pin01_one_11-02_17-46-44/ripple/combined/multi/,p_x_given_n[078].png,2026-09-16 23:05:08+00:00,2850,pin01_one_11-02_17-46-44
3147,file,/umms-kdiba/Data/Output/collected_outputs/figures/_temp_individual_posteriors/2026-09-16/pin01_one_11-02_17-46-44/ripple/combined/multi/,p_x_given_n[080].png,2026-09-16 23:05:08+00:00,3046,pin01_one_11-02_17-46-44
3148,file,/umms-kdiba/Data/Output/collected_outputs/figures/_temp_individual_posteriors/2026-09-16/pin01_one_11-02_17-46-44/ripple/combined/multi/,p_x_given_n[081].png,2026-09-16 23:05:08+00:00,4223,pin01_one_11-02_17-46-44
3149,file,/umms-kdiba/Data/Output/collected_outputs/figures/_temp_individual_posteriors/2026-09-16/pin01_one_11-02_17-46-44/ripple/combined/multi/,p_x_given_n[082].png,2026-09-16 23:05:08+00:00,14205,pin01_one_11-02_17-46-44
3150,file,/umms-kdiba/Data/Output/collected_outputs/figures/_temp_individual_posteriors/2026-09-16/pin01_one_11-02_17-46-44/ripple/combined/multi/,p_x_given_n[083].png,2026-09-16 23:05:08+00:00,3512,pin01_one_11-02_17-46-44
3151,file,/umms-kdiba/Data/Output/collected_outputs/figures/_temp_individual_posteriors/2026-09-16/pin01_one_11-02_17-46-44/ripple/combined/multi/,p_x_given_n[084].png,2026-09-16 23:05:08+00:00,10999,pin01_one_11-02_17-46-44
3152,file,/umms-kdiba/Data/Output/collected_outputs/figures/_temp_individual_posteriors/2026-09-16/pin01_one_11-02_17-46-44/ripple/combined/multi/,p_x_given_n[085].png,2026-09-16 23:05:08+00:00,5538,pin01_one_11-02_17-46-44
3153,file,/umms-kdiba/Data/Output/collected_outputs/figures/_temp_individual_posteriors/2026-09-16/pin01_one_11-02_17-46-44/ripple/combined/multi/,p_x_given_n[087].png,2026-09-16 23:05:08+00:00,5446,pin01_one_11-02_17-46-44
3154,file,/umms-kdiba/Data/Output/collected_outputs/figures/_temp_individual_posteriors/2026-09-16/pin01_one_11-02_17-46-44/ripple/combined/multi/,p_x_given_n[095].png,2026-09-16 23:05:08+00:00,6307,pin01_one_11-02_17-46-44
3155,file,/umms-kdiba/Data/Output/collected_outputs/figures/_temp_individual_posteriors/2026-09-16/pin01_one_11-02_17-46-44/ripple/combined/multi/,p_x_given_n[100].png,2026-09-16 23:05:08+00:00,8947,pin01_one_11-02_17-46-44
3156,file,/umms-kdiba/Data/Output/collected_outputs/figures/_temp_individual_posteriors/2026-09-16/pin01_one_11-02_17-46-44/ripple/combined/multi/,p_x_given_n[102].png,2026-09-16 23:05:08+00:00,9602,pin01_one_11-02_17-46-44
3157,file,/umms-kdiba/Data/Output/collected_outputs/figures/_temp_individual_posteriors/2026-09-16/pin01_one_11-02_17-46-44/ripple/combined/multi/,p_x_given_n[103].png,2026-09-16 23:05:08+00:00,2639,pin01_one_11-02_17-46-44
3158,file,/umms-kdiba/Data/Output/collected_outputs/figures/_temp_individual_posteriors/2026-09-16/pin01_one_11-02_17-46-44/ripple/combined/multi/,p_x_given_n[104].png,2026-09-16 23:05:08+00:00,8248,pin01_one_11-02_17-46-44
3159,file,/umms-kdiba/Data/Output/collected_outputs/figures/_temp_individual_posteriors/2026-09-16/pin01_one_11-02_17-46-44/ripple/combined/multi/,p_x_given_n[106].png,2026-09-16 23:05:08+00:00,5618,pin01_one_11-02_17-46-44
3160,file,/umms-kdiba/Data/Output/collected_outputs/figures/_temp_individual_posteriors/2026-09-16/pin01_one_11-02_17-46-44/ripple/combined/multi/,p_x_given_n[109].png,2026-09-16 23:05:08+00:00,6312,pin01_one_11-02_17-46-44
3161,file,/umms-kdiba/Data/Output/collected_outputs/figures/_temp_individual_posteriors/2026-09-16/pin01_one_11-02_17-46-44/ripple/combined/multi/,p_x_given_n[110].png,2026-09-16 23:05:08+00:00,3146,pin01_one_11-02_17-46-44
3162,file,/umms-kdiba/Data/Output/collected_outputs/figures/_temp_individual_posteriors/2026-09-16/pin01_one_11-03_12-3-25/ripple/combined/multi/,p_x_given_n[101].png,2026-09-16 22:54:39+00:00,11957,pin01_one_11-03_12-3-25
3163,file,/umms-kdiba/Data/Output/collected_outputs/figures/_temp_individual_posteriors/2026-09-16/pin01_one_11-03_12-3-25/ripple/combined/multi/,p_x_given_n[104].png,2026-09-16 22:54:39+00:00,5214,pin01_one_11-03_12-3-25
3164,file,/umms-kdiba/Data/Output/collected_outputs/figures/_temp_individual_posteriors/2026-09-16/pin01_one_11-03_12-3-25/ripple/combined/multi/,p_x_given_n[107].png,2026-09-16 22:54:39+00:00,7776,pin01_one_11-03_12-3-25
3165,file,/umms-kdiba/Data/Output/collected_outputs/figures/_temp_individual_posteriors/2026-09-16/pin01_one_11-03_12-3-25/ripple/combined/multi/,p_x_given_n[108].png,2026-09-16 22:54:39+00:00,11932,pin01_one_11-03_12-3-25
3166,file,/umms-kdiba/Data/Output/collected_outputs/figures/_temp_individual_posteriors/2026-09-16/pin01_one_11-03_12-3-25/ripple/combined/multi/,p_x_given_n[110].png,2026-09-16 22:54:39+00:00,10298,pin01_one_11-03_12-3-25
3167,file,/umms-kdiba/Data/Output/collected_outputs/figures/_temp_individual_posteriors/2026-09-16/pin01_one_11-03_12-3-25/ripple/combined/multi/,p_x_given_n[112].png,2026-09-16 22:54:39+00:00,12072,pin01_one_11-03_12-3-25
3168,file,/umms-kdiba/Data/Output/collected_outputs/figures/_temp_individual_posteriors/2026-09-16/pin01_one_11-03_12-3-25/ripple/combined/multi/,p_x_given_n[114].png,2026-09-16 22:54:39+00:00,9138,pin01_one_11-03_12-3-25
3169,file,/umms-kdiba/Data/Output/collected_outputs/figures/_temp_individual_posteriors/2026-09-16/pin01_one_11-03_12-3-25/ripple/combined/multi/,p_x_given_n[115].png,2026-09-16 22:54:39+00:00,9566,pin01_one_11-03_12-3-25
3170,file,/umms-kdiba/Data/Output/collected_outputs/figures/_temp_individual_posteriors/2026-09-16/pin01_one_11-03_12-3-25/ripple/combined/multi/,p_x_given_n[118].png,2026-09-16 22:54:39+00:00,10010,pin01_one_11-03_12-3-25
3171,file,/umms-kdiba/Data/Output/collected_outputs/figures/_temp_individual_posteriors/2026-09-16/pin01_one_11-03_12-3-25/ripple/combined/multi/,p_x_given_n[120].png,2026-09-16 22:54:39+00:00,9685,pin01_one_11-03_12-3-25
3172,file,/umms-kdiba/Data/Output/collected_outputs/figures/_temp_individual_posteriors/2026-09-16/pin01_one_11-03_12-3-25/ripple/combined/multi/,p_x_given_n[122].png,2026-09-16 22:54:39+00:00,5966,pin01_one_11-03_12-3-25
3173,file,/umms-kdiba/Data/Output/collected_outputs/figures/_temp_individual_posteriors/2026-09-16/pin01_one_11-03_12-3-25/ripple/combined/multi/,p_x_given_n[123].png,2026-09-16 22:54:39+00:00,15022,pin01_one_11-03_12-3-25
3174,file,/umms-kdiba/Data/Output/collected_outputs/figures/_temp_individual_posteriors/2026-09-16/pin01_one_11-03_12-3-25/ripple/combined/multi/,p_x_given_n[130].png,2026-09-16 22:54:39+00:00,12093,pin01_one_11-03_12-3-25
3175,file,/umms-kdiba/Data/Output/collected_outputs/figures/_temp_individual_posteriors/2026-09-16/pin01_one_11-03_12-3-25/ripple/combined/multi/,p_x_given_n[131].png,2026-09-16 22:54:39+00:00,13921,pin01_one_11-03_12-3-25
3176,file,/umms-kdiba/Data/Output/collected_outputs/figures/_temp_individual_posteriors/2026-09-16/pin01_one_11-03_12-3-25/ripple/combined/multi/,p_x_given_n[135].png,2026-09-16 22:54:39+00:00,5621,pin01_one_11-03_12-3-25
3177,file,/umms-kdiba/Data/Output/collected_outputs/figures/_temp_individual_posteriors/2026-09-16/pin01_one_11-03_12-3-25/ripple/combined/multi/,p_x_given_n[138].png,2026-09-16 22:54:39+00:00,14603,pin01_one_11-03_12-3-25
3178,file,/umms-kdiba/Data/Output/collected_outputs/figures/_temp_individual_posteriors/2026-09-16/pin01_one_11-03_12-3-25/ripple/combined/multi/,p_x_given_n[139].png,2026-09-16 22:54:39+00:00,9386,pin01_one_11-03_12-3-25
3179,file,/umms-kdiba/Data/Output/collected_outputs/figures/_temp_individual_posteriors/2026-09-16/pin01_one_11-03_12-3-25/ripple/combined/multi/,p_x_given_n[140].png,2026-09-16 22:54:39+00:00,2997,pin01_one_11-03_12-3-25
3180,file,/umms-kdiba/Data/Output/collected_outputs/figures/_temp_individual_posteriors/2026-09-16/pin01_one_11-03_12-3-25/ripple/combined/multi/,p_x_given_n[148].png,2026-09-16 22:54:39+00:00,5174,pin01_one_11-03_12-3-25
3181,file,/umms-kdiba/Data/Output/collected_outputs/figures/_temp_individual_posteriors/2026-09-16/pin01_one_11-03_12-3-25/ripple/combined/multi/,p_x_given_n[151].png,2026-09-16 22:54:39+00:00,9001,pin01_one_11-03_12-3-25
3182,file,/umms-kdiba/Data/Output/collected_outputs/figures/_temp_individual_posteriors/2026-09-16/pin01_one_11-03_12-3-25/ripple/combined/multi/,p_x_given_n[160].png,2026-09-16 22:54:39+00:00,14934,pin01_one_11-03_12-3-25
3183,file,/umms-kdiba/Data/Output/collected_outputs/figures/_temp_individual_posteriors/2026-09-16/pin01_one_11-03_12-3-25/ripple/combined/multi/,p_x_given_n[163].png,2026-09-16 22:54:39+00:00,9177,pin01_one_11-03_12-3-25
3184,file,/umms-kdiba/Data/Output/collected_outputs/figures/_temp_individual_posteriors/2026-09-16/pin01_one_11-03_12-3-25/ripple/combined/multi/,p_x_given_n[170].png,2026-09-16 22:54:39+00:00,6016,pin01_one_11-03_12-3-25
3185,file,/umms-kdiba/Data/Output/collected_outputs/figures/_temp_individual_posteriors/2026-09-16/pin01_one_11-03_12-3-25/ripple/combined/multi/,p_x_given_n[172].png,2026-09-16 22:54:39+00:00,12143,pin01_one_11-03_12-3-25
3186,file,/umms-kdiba/Data/Output/collected_outputs/figures/_temp_individual_posteriors/2026-09-16/pin01_one_11-03_12-3-25/ripple/combined/multi/,p_x_given_n[008].png,2026-09-16 22:54:38+00:00,12730,pin01_one_11-03_12-3-25
3187,file,/umms-kdiba/Data/Output/collected_outputs/figures/_temp_individual_posteriors/2026-09-16/pin01_one_11-03_12-3-25/ripple/combined/multi/,p_x_given_n[011].png,2026-09-16 22:54:38+00:00,4800,pin01_one_11-03_12-3-25
3188,file,/umms-kdiba/Data/Output/collected_outputs/figures/_temp_individual_posteriors/2026-09-16/pin01_one_11-03_12-3-25/ripple/combined/multi/,p_x_given_n[016].png,2026-09-16 22:54:38+00:00,3325,pin01_one_11-03_12-3-25
3189,file,/umms-kdiba/Data/Output/collected_outputs/figures/_temp_individual_posteriors/2026-09-16/pin01_one_11-03_12-3-25/ripple/combined/multi/,p_x_given_n[022].png,2026-09-16 22:54:38+00:00,12522,pin01_one_11-03_12-3-25
3190,file,/umms-kdiba/Data/Output/collected_outputs/figures/_temp_individual_posteriors/2026-09-16/pin01_one_11-03_12-3-25/ripple/combined/multi/,p_x_given_n[023].png,2026-09-16 22:54:38+00:00,9208,pin01_one_11-03_12-3-25
3191,file,/umms-kdiba/Data/Output/collected_outputs/figures/_temp_individual_posteriors/2026-09-16/pin01_one_11-03_12-3-25/ripple/combined/multi/,p_x_given_n[024].png,2026-09-16 22:54:38+00:00,4754,pin01_one_11-03_12-3-25
3192,file,/umms-kdiba/Data/Output/collected_outputs/figures/_temp_individual_posteriors/2026-09-16/pin01_one_11-03_12-3-25/ripple/combined/multi/,p_x_given_n[028].png,2026-09-16 22:54:38+00:00,5294,pin01_one_11-03_12-3-25
3193,file,/umms-kdiba/Data/Output/collected_outputs/figures/_temp_individual_posteriors/2026-09-16/pin01_one_11-03_12-3-25/ripple/combined/multi/,p_x_given_n[030].png,2026-09-16 22:54:38+00:00,3701,pin01_one_11-03_12-3-25
3194,file,/umms-kdiba/Data/Output/collected_outputs/figures/_temp_individual_posteriors/2026-09-16/pin01_one_11-03_12-3-25/ripple/combined/multi/,p_x_given_n[033].png,2026-09-16 22:54:38+00:00,13032,pin01_one_11-03_12-3-25
3195,file,/umms-kdiba/Data/Output/collected_outputs/figures/_temp_individual_posteriors/2026-09-16/pin01_one_11-03_12-3-25/ripple/combined/multi/,p_x_given_n[035].png,2026-09-16 22:54:38+00:00,12964,pin01_one_11-03_12-3-25
3196,file,/umms-kdiba/Data/Output/collected_outputs/figures/_temp_individual_posteriors/2026-09-16/pin01_one_11-03_12-3-25/ripple/combined/multi/,p_x_given_n[036].png,2026-09-16 22:54:38+00:00,10968,pin01_one_11-03_12-3-25
3197,file,/umms-kdiba/Data/Output/collected_outputs/figures/_temp_individual_posteriors/2026-09-16/pin01_one_11-03_12-3-25/ripple/combined/multi/,p_x_given_n[038].png,2026-09-16 22:54:38+00:00,9475,pin01_one_11-03_12-3-25
3198,file,/umms-kdiba/Data/Output/collected_outputs/figures/_temp_individual_posteriors/2026-09-16/pin01_one_11-03_12-3-25/ripple/combined/multi/,p_x_given_n[039].png,2026-09-16 22:54:38+00:00,3059,pin01_one_11-03_12-3-25
3199,file,/umms-kdiba/Data/Output/collected_outputs/figures/_temp_individual_posteriors/2026-09-16/pin01_one_11-03_12-3-25/ripple/combined/multi/,p_x_given_n[041].png,2026-09-16 22:54:38+00:00,8436,pin01_one_11-03_12-3-25
3200,file,/umms-kdiba/Data/Output/collected_outputs/figures/_temp_individual_posteriors/2026-09-16/pin01_one_11-03_12-3-25/ripple/combined/multi/,p_x_given_n[047].png,2026-09-16 22:54:38+00:00,10671,pin01_one_11-03_12-3-25
3201,file,/umms-kdiba/Data/Output/collected_outputs/figures/_temp_individual_posteriors/2026-09-16/pin01_one_11-03_12-3-25/ripple/combined/multi/,p_x_given_n[050].png,2026-09-16 22:54:38+00:00,12031,pin01_one_11-03_12-3-25
3202,file,/umms-kdiba/Data/Output/collected_outputs/figures/_temp_individual_posteriors/2026-09-16/pin01_one_11-03_12-3-25/ripple/combined/multi/,p_x_given_n[054].png,2026-09-16 22:54:38+00:00,15416,pin01_one_11-03_12-3-25
3203,file,/umms-kdiba/Data/Output/collected_outputs/figures/_temp_individual_posteriors/2026-09-16/pin01_one_11-03_12-3-25/ripple/combined/multi/,p_x_given_n[061].png,2026-09-16 22:54:38+00:00,12022,pin01_one_11-03_12-3-25
3204,file,/umms-kdiba/Data/Output/collected_outputs/figures/_temp_individual_posteriors/2026-09-16/pin01_one_11-03_12-3-25/ripple/combined/multi/,p_x_given_n[065].png,2026-09-16 22:54:38+00:00,9155,pin01_one_11-03_12-3-25
3205,file,/umms-kdiba/Data/Output/collected_outputs/figures/_temp_individual_posteriors/2026-09-16/pin01_one_11-03_12-3-25/ripple/combined/multi/,p_x_given_n[066].png,2026-09-16 22:54:38+00:00,16157,pin01_one_11-03_12-3-25
3206,file,/umms-kdiba/Data/Output/collected_outputs/figures/_temp_individual_posteriors/2026-09-16/pin01_one_11-03_12-3-25/ripple/combined/multi/,p_x_given_n[067].png,2026-09-16 22:54:38+00:00,12962,pin01_one_11-03_12-3-25
3207,file,/umms-kdiba/Data/Output/collected_outputs/figures/_temp_individual_posteriors/2026-09-16/pin01_one_11-03_12-3-25/ripple/combined/multi/,p_x_given_n[069].png,2026-09-16 22:54:38+00:00,8984,pin01_one_11-03_12-3-25
3208,file,/umms-kdiba/Data/Output/collected_outputs/figures/_temp_individual_posteriors/2026-09-16/pin01_one_11-03_12-3-25/ripple/combined/multi/,p_x_given_n[078].png,2026-09-16 22:54:38+00:00,12765,pin01_one_11-03_12-3-25
3209,file,/umms-kdiba/Data/Output/collected_outputs/figures/_temp_individual_posteriors/2026-09-16/pin01_one_11-03_12-3-25/ripple/combined/multi/,p_x_given_n[088].png,2026-09-16 22:54:38+00:00,5458,pin01_one_11-03_12-3-25
3210,file,/umms-kdiba/Data/Output/collected_outputs/figures/_temp_individual_posteriors/2026-09-16/pin01_one_11-03_12-3-25/ripple/combined/multi/,p_x_given_n[093].png,2026-09-16 22:54:38+00:00,9668,pin01_one_11-03_12-3-25
3211,file,/umms-kdiba/Data/Output/collected_outputs/figures/_temp_individual_posteriors/2026-09-16/pin01_one_11-03_12-3-25/ripple/combined/multi/,p_x_given_n[094].png,2026-09-16 22:54:38+00:00,14040,pin01_one_11-03_12-3-25
3212,file,/umms-kdiba/Data/Output/collected_outputs/figures/_temp_individual_posteriors/2026-09-16/pin01_one_11-03_12-3-25/ripple/combined/multi/,p_x_given_n[098].png,2026-09-16 22:54:38+00:00,10500,pin01_one_11-03_12-3-25
3213,file,/umms-kdiba/Data/Output/collected_outputs/figures/_temp_individual_posteriors/2026-09-16/pin01_one_fet11-01_12-58-54/ripple/combined/multi/,p_x_given_n[1241].png,2026-09-16 20:46:39+00:00,17607,pin01_one_fet11-01_12-58-54
3214,file,/umms-kdiba/Data/Output/collected_outputs/figures/_temp_individual_posteriors/2026-09-16/pin01_one_fet11-01_12-58-54/ripple/combined/multi/,p_x_given_n[1245].png,2026-09-16 20:46:39+00:00,18063,pin01_one_fet11-01_12-58-54
3215,file,/umms-kdiba/Data/Output/collected_outputs/figures/_temp_individual_posteriors/2026-09-16/pin01_one_fet11-01_12-58-54/ripple/combined/multi/,p_x_given_n[1246].png,2026-09-16 20:46:39+00:00,16267,pin01_one_fet11-01_12-58-54
3216,file,/umms-kdiba/Data/Output/collected_outputs/figures/_temp_individual_posteriors/2026-09-16/pin01_one_fet11-01_12-58-54/ripple/combined/multi/,p_x_given_n[1248].png,2026-09-16 20:46:39+00:00,13703,pin01_one_fet11-01_12-58-54
3217,file,/umms-kdiba/Data/Output/collected_outputs/figures/_temp_individual_posteriors/2026-09-16/pin01_one_fet11-01_12-58-54/ripple/combined/multi/,p_x_given_n[1251].png,2026-09-16 20:46:39+00:00,20059,pin01_one_fet11-01_12-58-54
3218,file,/umms-kdiba/Data/Output/collected_outputs/figures/_temp_individual_posteriors/2026-09-16/pin01_one_fet11-01_12-58-54/ripple/combined/multi/,p_x_given_n[1252].png,2026-09-16 20:46:39+00:00,16335,pin01_one_fet11-01_12-58-54
3219,file,/umms-kdiba/Data/Output/collected_outputs/figures/_temp_individual_posteriors/2026-09-16/pin01_one_fet11-01_12-58-54/ripple/combined/multi/,p_x_given_n[1254].png,2026-09-16 20:46:39+00:00,3508,pin01_one_fet11-01_12-58-54
3220,file,/umms-kdiba/Data/Output/collected_outputs/figures/_temp_individual_posteriors/2026-09-16/pin01_one_fet11-01_12-58-54/ripple/combined/multi/,p_x_given_n[1256].png,2026-09-16 20:46:39+00:00,16666,pin01_one_fet11-01_12-58-54
3221,file,/umms-kdiba/Data/Output/collected_outputs/figures/_temp_individual_posteriors/2026-09-16/pin01_one_fet11-01_12-58-54/ripple/combined/multi/,p_x_given_n[1258].png,2026-09-16 20:46:39+00:00,15513,pin01_one_fet11-01_12-58-54
3222,file,/umms-kdiba/Data/Output/collected_outputs/figures/_temp_individual_posteriors/2026-09-16/pin01_one_fet11-01_12-58-54/ripple/combined/multi/,p_x_given_n[1259].png,2026-09-16 20:46:39+00:00,22186,pin01_one_fet11-01_12-58-54
3223,file,/umms-kdiba/Data/Output/collected_outputs/figures/_temp_individual_posteriors/2026-09-16/pin01_one_fet11-01_12-58-54/ripple/combined/multi/,p_x_given_n[1260].png,2026-09-16 20:46:39+00:00,24042,pin01_one_fet11-01_12-58-54
3224,file,/umms-kdiba/Data/Output/collected_outputs/figures/_temp_individual_posteriors/2026-09-16/pin01_one_fet11-01_12-58-54/ripple/combined/multi/,p_x_given_n[1261].png,2026-09-16 20:46:39+00:00,18313,pin01_one_fet11-01_12-58-54
3225,file,/umms-kdiba/Data/Output/collected_outputs/figures/_temp_individual_posteriors/2026-09-16/pin01_one_fet11-01_12-58-54/ripple/combined/multi/,p_x_given_n[1262].png,2026-09-16 20:46:39+00:00,17844,pin01_one_fet11-01_12-58-54
3226,file,/umms-kdiba/Data/Output/collected_outputs/figures/_temp_individual_posteriors/2026-09-16/pin01_one_fet11-01_12-58-54/ripple/combined/multi/,p_x_given_n[1263].png,2026-09-16 20:46:39+00:00,20100,pin01_one_fet11-01_12-58-54
3227,file,/umms-kdiba/Data/Output/collected_outputs/figures/_temp_individual_posteriors/2026-09-16/pin01_one_fet11-01_12-58-54/ripple/combined/multi/,p_x_given_n[1264].png,2026-09-16 20:46:39+00:00,11502,pin01_one_fet11-01_12-58-54
3228,file,/umms-kdiba/Data/Output/collected_outputs/figures/_temp_individual_posteriors/2026-09-16/pin01_one_fet11-01_12-58-54/ripple/combined/multi/,p_x_given_n[1265].png,2026-09-16 20:46:39+00:00,18469,pin01_one_fet11-01_12-58-54
3229,file,/umms-kdiba/Data/Output/collected_outputs/figures/_temp_individual_posteriors/2026-09-16/pin01_one_fet11-01_12-58-54/ripple/combined/multi/,p_x_given_n[1266].png,2026-09-16 20:46:39+00:00,8415,pin01_one_fet11-01_12-58-54
3230,file,/umms-kdiba/Data/Output/collected_outputs/figures/_temp_individual_posteriors/2026-09-16/pin01_one_fet11-01_12-58-54/ripple/combined/multi/,p_x_given_n[1267].png,2026-09-16 20:46:39+00:00,16774,pin01_one_fet11-01_12-58-54
3231,file,/umms-kdiba/Data/Output/collected_outputs/figures/_temp_individual_posteriors/2026-09-16/pin01_one_fet11-01_12-58-54/ripple/combined/multi/,p_x_given_n[1269].png,2026-09-16 20:46:39+00:00,17776,pin01_one_fet11-01_12-58-54
3232,file,/umms-kdiba/Data/Output/collected_outputs/figures/_temp_individual_posteriors/2026-09-16/pin01_one_fet11-01_12-58-54/ripple/combined/multi/,p_x_given_n[1270].png,2026-09-16 20:46:39+00:00,8816,pin01_one_fet11-01_12-58-54
3233,file,/umms-kdiba/Data/Output/collected_outputs/figures/_temp_individual_posteriors/2026-09-16/pin01_one_fet11-01_12-58-54/ripple/combined/multi/,p_x_given_n[1271].png,2026-09-16 20:46:39+00:00,15216,pin01_one_fet11-01_12-58-54
3234,file,/umms-kdiba/Data/Output/collected_outputs/figures/_temp_individual_posteriors/2026-09-16/pin01_one_fet11-01_12-58-54/ripple/combined/multi/,p_x_given_n[1273].png,2026-09-16 20:46:39+00:00,15804,pin01_one_fet11-01_12-58-54
3235,file,/umms-kdiba/Data/Output/collected_outputs/figures/_temp_individual_posteriors/2026-09-16/pin01_one_fet11-01_12-58-54/ripple/combined/multi/,p_x_given_n[1274].png,2026-09-16 20:46:39+00:00,6758,pin01_one_fet11-01_12-58-54
3236,file,/umms-kdiba/Data/Output/collected_outputs/figures/_temp_individual_posteriors/2026-09-16/pin01_one_fet11-01_12-58-54/ripple/combined/multi/,p_x_given_n[1276].png,2026-09-16 20:46:39+00:00,13921,pin01_one_fet11-01_12-58-54
3237,file,/umms-kdiba/Data/Output/collected_outputs/figures/_temp_individual_posteriors/2026-09-16/pin01_one_fet11-01_12-58-54/ripple/combined/multi/,p_x_given_n[1277].png,2026-09-16 20:46:39+00:00,13262,pin01_one_fet11-01_12-58-54
3238,file,/umms-kdiba/Data/Output/collected_outputs/figures/_temp_individual_posteriors/2026-09-16/pin01_one_fet11-01_12-58-54/ripple/combined/multi/,p_x_given_n[1278].png,2026-09-16 20:46:39+00:00,14957,pin01_one_fet11-01_12-58-54
3239,file,/umms-kdiba/Data/Output/collected_outputs/figures/_temp_individual_posteriors/2026-09-16/pin01_one_fet11-01_12-58-54/ripple/combined/multi/,p_x_given_n[1279].png,2026-09-16 20:46:39+00:00,16725,pin01_one_fet11-01_12-58-54
3240,file,/umms-kdiba/Data/Output/collected_outputs/figures/_temp_individual_posteriors/2026-09-16/pin01_one_fet11-01_12-58-54/ripple/combined/multi/,p_x_given_n[1280].png,2026-09-16 20:46:39+00:00,7381,pin01_one_fet11-01_12-58-54
3241,file,/umms-kdiba/Data/Output/collected_outputs/figures/_temp_individual_posteriors/2026-09-16/pin01_one_fet11-01_12-58-54/ripple/combined/multi/,p_x_given_n[1282].png,2026-09-16 20:46:39+00:00,11597,pin01_one_fet11-01_12-58-54
3242,file,/umms-kdiba/Data/Output/collected_outputs/figures/_temp_individual_posteriors/2026-09-16/pin01_one_fet11-01_12-58-54/ripple/combined/multi/,p_x_given_n[1284].png,2026-09-16 20:46:39+00:00,21011,pin01_one_fet11-01_12-58-54
3243,file,/umms-kdiba/Data/Output/collected_outputs/figures/_temp_individual_posteriors/2026-09-16/pin01_one_fet11-01_12-58-54/ripple/combined/multi/,p_x_given_n[1285].png,2026-09-16 20:46:39+00:00,7134,pin01_one_fet11-01_12-58-54
3244,file,/umms-kdiba/Data/Output/collected_outputs/figures/_temp_individual_posteriors/2026-09-16/pin01_one_fet11-01_12-58-54/ripple/combined/multi/,p_x_given_n[1286].png,2026-09-16 20:46:39+00:00,6755,pin01_one_fet11-01_12-58-54
3245,file,/umms-kdiba/Data/Output/collected_outputs/figures/_temp_individual_posteriors/2026-09-16/pin01_one_fet11-01_12-58-54/ripple/combined/multi/,p_x_given_n[1287].png,2026-09-16 20:46:39+00:00,6689,pin01_one_fet11-01_12-58-54
3246,file,/umms-kdiba/Data/Output/collected_outputs/figures/_temp_individual_posteriors/2026-09-16/pin01_one_fet11-01_12-58-54/ripple/combined/multi/,p_x_given_n[1291].png,2026-09-16 20:46:39+00:00,19555,pin01_one_fet11-01_12-58-54
3247,file,/umms-kdiba/Data/Output/collected_outputs/figures/_temp_individual_posteriors/2026-09-16/pin01_one_fet11-01_12-58-54/ripple/combined/multi/,p_x_given_n[1292].png,2026-09-16 20:46:39+00:00,21479,pin01_one_fet11-01_12-58-54
3248,file,/umms-kdiba/Data/Output/collected_outputs/figures/_temp_individual_posteriors/2026-09-16/pin01_one_fet11-01_12-58-54/ripple/combined/multi/,p_x_given_n[1294].png,2026-09-16 20:46:39+00:00,16284,pin01_one_fet11-01_12-58-54
3249,file,/umms-kdiba/Data/Output/collected_outputs/figures/_temp_individual_posteriors/2026-09-16/pin01_one_fet11-01_12-58-54/ripple/combined/multi/,p_x_given_n[1296].png,2026-09-16 20:46:39+00:00,19789,pin01_one_fet11-01_12-58-54
3250,file,/umms-kdiba/Data/Output/collected_outputs/figures/_temp_individual_posteriors/2026-09-16/pin01_one_fet11-01_12-58-54/ripple/combined/multi/,p_x_given_n[1153].png,2026-09-16 20:46:38+00:00,18093,pin01_one_fet11-01_12-58-54
3251,file,/umms-kdiba/Data/Output/collected_outputs/figures/_temp_individual_posteriors/2026-09-16/pin01_one_fet11-01_12-58-54/ripple/combined/multi/,p_x_given_n[1154].png,2026-09-16 20:46:38+00:00,5619,pin01_one_fet11-01_12-58-54
3252,file,/umms-kdiba/Data/Output/collected_outputs/figures/_temp_individual_posteriors/2026-09-16/pin01_one_fet11-01_12-58-54/ripple/combined/multi/,p_x_given_n[1155].png,2026-09-16 20:46:38+00:00,14811,pin01_one_fet11-01_12-58-54
3253,file,/umms-kdiba/Data/Output/collected_outputs/figures/_temp_individual_posteriors/2026-09-16/pin01_one_fet11-01_12-58-54/ripple/combined/multi/,p_x_given_n[1156].png,2026-09-16 20:46:38+00:00,12755,pin01_one_fet11-01_12-58-54
3254,file,/umms-kdiba/Data/Output/collected_outputs/figures/_temp_individual_posteriors/2026-09-16/pin01_one_fet11-01_12-58-54/ripple/combined/multi/,p_x_given_n[1159].png,2026-09-16 20:46:38+00:00,10306,pin01_one_fet11-01_12-58-54
3255,file,/umms-kdiba/Data/Output/collected_outputs/figures/_temp_individual_posteriors/2026-09-16/pin01_one_fet11-01_12-58-54/ripple/combined/multi/,p_x_given_n[1160].png,2026-09-16 20:46:38+00:00,16976,pin01_one_fet11-01_12-58-54
3256,file,/umms-kdiba/Data/Output/collected_outputs/figures/_temp_individual_posteriors/2026-09-16/pin01_one_fet11-01_12-58-54/ripple/combined/multi/,p_x_given_n[1161].png,2026-09-16 20:46:38+00:00,15528,pin01_one_fet11-01_12-58-54
3257,file,/umms-kdiba/Data/Output/collected_outputs/figures/_temp_individual_posteriors/2026-09-16/pin01_one_fet11-01_12-58-54/ripple/combined/multi/,p_x_given_n[1162].png,2026-09-16 20:46:38+00:00,12622,pin01_one_fet11-01_12-58-54
3258,file,/umms-kdiba/Data/Output/collected_outputs/figures/_temp_individual_posteriors/2026-09-16/pin01_one_fet11-01_12-58-54/ripple/combined/multi/,p_x_given_n[1163].png,2026-09-16 20:46:38+00:00,19879,pin01_one_fet11-01_12-58-54
3259,file,/umms-kdiba/Data/Output/collected_outputs/figures/_temp_individual_posteriors/2026-09-16/pin01_one_fet11-01_12-58-54/ripple/combined/multi/,p_x_given_n[1165].png,2026-09-16 20:46:38+00:00,15009,pin01_one_fet11-01_12-58-54
3260,file,/umms-kdiba/Data/Output/collected_outputs/figures/_temp_individual_posteriors/2026-09-16/pin01_one_fet11-01_12-58-54/ripple/combined/multi/,p_x_given_n[1166].png,2026-09-16 20:46:38+00:00,6218,pin01_one_fet11-01_12-58-54
3261,file,/umms-kdiba/Data/Output/collected_outputs/figures/_temp_individual_posteriors/2026-09-16/pin01_one_fet11-01_12-58-54/ripple/combined/multi/,p_x_given_n[1169].png,2026-09-16 20:46:38+00:00,18099,pin01_one_fet11-01_12-58-54
3262,file,/umms-kdiba/Data/Output/collected_outputs/figures/_temp_individual_posteriors/2026-09-16/pin01_one_fet11-01_12-58-54/ripple/combined/multi/,p_x_given_n[1171].png,2026-09-16 20:46:38+00:00,9281,pin01_one_fet11-01_12-58-54
3263,file,/umms-kdiba/Data/Output/collected_outputs/figures/_temp_individual_posteriors/2026-09-16/pin01_one_fet11-01_12-58-54/ripple/combined/multi/,p_x_given_n[1172].png,2026-09-16 20:46:38+00:00,8256,pin01_one_fet11-01_12-58-54
3264,file,/umms-kdiba/Data/Output/collected_outputs/figures/_temp_individual_posteriors/2026-09-16/pin01_one_fet11-01_12-58-54/ripple/combined/multi/,p_x_given_n[1173].png,2026-09-16 20:46:38+00:00,18825,pin01_one_fet11-01_12-58-54
3265,file,/umms-kdiba/Data/Output/collected_outputs/figures/_temp_individual_posteriors/2026-09-16/pin01_one_fet11-01_12-58-54/ripple/combined/multi/,p_x_given_n[1175].png,2026-09-16 20:46:38+00:00,5429,pin01_one_fet11-01_12-58-54
3266,file,/umms-kdiba/Data/Output/collected_outputs/figures/_temp_individual_posteriors/2026-09-16/pin01_one_fet11-01_12-58-54/ripple/combined/multi/,p_x_given_n[1177].png,2026-09-16 20:46:38+00:00,12553,pin01_one_fet11-01_12-58-54
3267,file,/umms-kdiba/Data/Output/collected_outputs/figures/_temp_individual_posteriors/2026-09-16/pin01_one_fet11-01_12-58-54/ripple/combined/multi/,p_x_given_n[1183].png,2026-09-16 20:46:38+00:00,18430,pin01_one_fet11-01_12-58-54
3268,file,/umms-kdiba/Data/Output/collected_outputs/figures/_temp_individual_posteriors/2026-09-16/pin01_one_fet11-01_12-58-54/ripple/combined/multi/,p_x_given_n[1188].png,2026-09-16 20:46:38+00:00,22285,pin01_one_fet11-01_12-58-54
3269,file,/umms-kdiba/Data/Output/collected_outputs/figures/_temp_individual_posteriors/2026-09-16/pin01_one_fet11-01_12-58-54/ripple/combined/multi/,p_x_given_n[1191].png,2026-09-16 20:46:38+00:00,14985,pin01_one_fet11-01_12-58-54
3270,file,/umms-kdiba/Data/Output/collected_outputs/figures/_temp_individual_posteriors/2026-09-16/pin01_one_fet11-01_12-58-54/ripple/combined/multi/,p_x_given_n[1193].png,2026-09-16 20:46:38+00:00,12323,pin01_one_fet11-01_12-58-54
3271,file,/umms-kdiba/Data/Output/collected_outputs/figures/_temp_individual_posteriors/2026-09-16/pin01_one_fet11-01_12-58-54/ripple/combined/multi/,p_x_given_n[1194].png,2026-09-16 20:46:38+00:00,6226,pin01_one_fet11-01_12-58-54
3272,file,/umms-kdiba/Data/Output/collected_outputs/figures/_temp_individual_posteriors/2026-09-16/pin01_one_fet11-01_12-58-54/ripple/combined/multi/,p_x_given_n[1196].png,2026-09-16 20:46:38+00:00,23609,pin01_one_fet11-01_12-58-54
3273,file,/umms-kdiba/Data/Output/collected_outputs/figures/_temp_individual_posteriors/2026-09-16/pin01_one_fet11-01_12-58-54/ripple/combined/multi/,p_x_given_n[1197].png,2026-09-16 20:46:38+00:00,16704,pin01_one_fet11-01_12-58-54
3274,file,/umms-kdiba/Data/Output/collected_outputs/figures/_temp_individual_posteriors/2026-09-16/pin01_one_fet11-01_12-58-54/ripple/combined/multi/,p_x_given_n[1198].png,2026-09-16 20:46:38+00:00,18153,pin01_one_fet11-01_12-58-54
3275,file,/umms-kdiba/Data/Output/collected_outputs/figures/_temp_individual_posteriors/2026-09-16/pin01_one_fet11-01_12-58-54/ripple/combined/multi/,p_x_given_n[1203].png,2026-09-16 20:46:38+00:00,23305,pin01_one_fet11-01_12-58-54
3276,file,/umms-kdiba/Data/Output/collected_outputs/figures/_temp_individual_posteriors/2026-09-16/pin01_one_fet11-01_12-58-54/ripple/combined/multi/,p_x_given_n[1204].png,2026-09-16 20:46:38+00:00,20273,pin01_one_fet11-01_12-58-54
3277,file,/umms-kdiba/Data/Output/collected_outputs/figures/_temp_individual_posteriors/2026-09-16/pin01_one_fet11-01_12-58-54/ripple/combined/multi/,p_x_given_n[1207].png,2026-09-16 20:46:38+00:00,16080,pin01_one_fet11-01_12-58-54
3278,file,/umms-kdiba/Data/Output/collected_outputs/figures/_temp_individual_posteriors/2026-09-16/pin01_one_fet11-01_12-58-54/ripple/combined/multi/,p_x_given_n[1220].png,2026-09-16 20:46:38+00:00,13908,pin01_one_fet11-01_12-58-54
3279,file,/umms-kdiba/Data/Output/collected_outputs/figures/_temp_individual_posteriors/2026-09-16/pin01_one_fet11-01_12-58-54/ripple/combined/multi/,p_x_given_n[1222].png,2026-09-16 20:46:38+00:00,19138,pin01_one_fet11-01_12-58-54
3280,file,/umms-kdiba/Data/Output/collected_outputs/figures/_temp_individual_posteriors/2026-09-16/pin01_one_fet11-01_12-58-54/ripple/combined/multi/,p_x_given_n[1223].png,2026-09-16 20:46:38+00:00,3446,pin01_one_fet11-01_12-58-54
3281,file,/umms-kdiba/Data/Output/collected_outputs/figures/_temp_individual_posteriors/2026-09-16/pin01_one_fet11-01_12-58-54/ripple/combined/multi/,p_x_given_n[1225].png,2026-09-16 20:46:38+00:00,13656,pin01_one_fet11-01_12-58-54
3282,file,/umms-kdiba/Data/Output/collected_outputs/figures/_temp_individual_posteriors/2026-09-16/pin01_one_fet11-01_12-58-54/ripple/combined/multi/,p_x_given_n[1226].png,2026-09-16 20:46:38+00:00,23062,pin01_one_fet11-01_12-58-54
3283,file,/umms-kdiba/Data/Output/collected_outputs/figures/_temp_individual_posteriors/2026-09-16/pin01_one_fet11-01_12-58-54/ripple/combined/multi/,p_x_given_n[1230].png,2026-09-16 20:46:38+00:00,17387,pin01_one_fet11-01_12-58-54
3284,file,/umms-kdiba/Data/Output/collected_outputs/figures/_temp_individual_posteriors/2026-09-16/pin01_one_fet11-01_12-58-54/ripple/combined/multi/,p_x_given_n[1231].png,2026-09-16 20:46:38+00:00,12115,pin01_one_fet11-01_12-58-54
3285,file,/umms-kdiba/Data/Output/collected_outputs/figures/_temp_individual_posteriors/2026-09-16/pin01_one_fet11-01_12-58-54/ripple/combined/multi/,p_x_given_n[1235].png,2026-09-16 20:46:38+00:00,10370,pin01_one_fet11-01_12-58-54
3286,file,/umms-kdiba/Data/Output/collected_outputs/figures/_temp_individual_posteriors/2026-09-16/pin01_one_fet11-01_12-58-54/ripple/combined/multi/,p_x_given_n[1237].png,2026-09-16 20:46:38+00:00,19653,pin01_one_fet11-01_12-58-54
3287,file,/umms-kdiba/Data/Output/collected_outputs/figures/_temp_individual_posteriors/2026-09-16/pin01_one_fet11-01_12-58-54/ripple/combined/multi/,p_x_given_n[1238].png,2026-09-16 20:46:38+00:00,17551,pin01_one_fet11-01_12-58-54
3288,file,/umms-kdiba/Data/Output/collected_outputs/figures/_temp_individual_posteriors/2026-09-16/pin01_one_fet11-01_12-58-54/ripple/combined/multi/,p_x_given_n[1240].png,2026-09-16 20:46:38+00:00,15638,pin01_one_fet11-01_12-58-54
3289,file,/umms-kdiba/Data/Output/collected_outputs/figures/_temp_individual_posteriors/2026-09-16/pin01_one_fet11-01_12-58-54/ripple/combined/multi/,p_x_given_n[1076].png,2026-09-16 20:46:37+00:00,16211,pin01_one_fet11-01_12-58-54
3290,file,/umms-kdiba/Data/Output/collected_outputs/figures/_temp_individual_posteriors/2026-09-16/pin01_one_fet11-01_12-58-54/ripple/combined/multi/,p_x_given_n[1078].png,2026-09-16 20:46:37+00:00,23002,pin01_one_fet11-01_12-58-54
3291,file,/umms-kdiba/Data/Output/collected_outputs/figures/_temp_individual_posteriors/2026-09-16/pin01_one_fet11-01_12-58-54/ripple/combined/multi/,p_x_given_n[1079].png,2026-09-16 20:46:37+00:00,23689,pin01_one_fet11-01_12-58-54
3292,file,/umms-kdiba/Data/Output/collected_outputs/figures/_temp_individual_posteriors/2026-09-16/pin01_one_fet11-01_12-58-54/ripple/combined/multi/,p_x_given_n[1085].png,2026-09-16 20:46:37+00:00,3907,pin01_one_fet11-01_12-58-54
3293,file,/umms-kdiba/Data/Output/collected_outputs/figures/_temp_individual_posteriors/2026-09-16/pin01_one_fet11-01_12-58-54/ripple/combined/multi/,p_x_given_n[1091].png,2026-09-16 20:46:37+00:00,13373,pin01_one_fet11-01_12-58-54
3294,file,/umms-kdiba/Data/Output/collected_outputs/figures/_temp_individual_posteriors/2026-09-16/pin01_one_fet11-01_12-58-54/ripple/combined/multi/,p_x_given_n[1092].png,2026-09-16 20:46:37+00:00,20258,pin01_one_fet11-01_12-58-54
3295,file,/umms-kdiba/Data/Output/collected_outputs/figures/_temp_individual_posteriors/2026-09-16/pin01_one_fet11-01_12-58-54/ripple/combined/multi/,p_x_given_n[1093].png,2026-09-16 20:46:37+00:00,17367,pin01_one_fet11-01_12-58-54
3296,file,/umms-kdiba/Data/Output/collected_outputs/figures/_temp_individual_posteriors/2026-09-16/pin01_one_fet11-01_12-58-54/ripple/combined/multi/,p_x_given_n[1094].png,2026-09-16 20:46:37+00:00,19408,pin01_one_fet11-01_12-58-54
3297,file,/umms-kdiba/Data/Output/collected_outputs/figures/_temp_individual_posteriors/2026-09-16/pin01_one_fet11-01_12-58-54/ripple/combined/multi/,p_x_given_n[1095].png,2026-09-16 20:46:37+00:00,18977,pin01_one_fet11-01_12-58-54
3298,file,/umms-kdiba/Data/Output/collected_outputs/figures/_temp_individual_posteriors/2026-09-16/pin01_one_fet11-01_12-58-54/ripple/combined/multi/,p_x_given_n[1096].png,2026-09-16 20:46:37+00:00,23527,pin01_one_fet11-01_12-58-54
3299,file,/umms-kdiba/Data/Output/collected_outputs/figures/_temp_individual_posteriors/2026-09-16/pin01_one_fet11-01_12-58-54/ripple/combined/multi/,p_x_given_n[1097].png,2026-09-16 20:46:37+00:00,22887,pin01_one_fet11-01_12-58-54
3300,file,/umms-kdiba/Data/Output/collected_outputs/figures/_temp_individual_posteriors/2026-09-16/pin01_one_fet11-01_12-58-54/ripple/combined/multi/,p_x_given_n[1099].png,2026-09-16 20:46:37+00:00,19113,pin01_one_fet11-01_12-58-54
3301,file,/umms-kdiba/Data/Output/collected_outputs/figures/_temp_individual_posteriors/2026-09-16/pin01_one_fet11-01_12-58-54/ripple/combined/multi/,p_x_given_n[1101].png,2026-09-16 20:46:37+00:00,17334,pin01_one_fet11-01_12-58-54
3302,file,/umms-kdiba/Data/Output/collected_outputs/figures/_temp_individual_posteriors/2026-09-16/pin01_one_fet11-01_12-58-54/ripple/combined/multi/,p_x_given_n[1103].png,2026-09-16 20:46:37+00:00,7195,pin01_one_fet11-01_12-58-54
3303,file,/umms-kdiba/Data/Output/collected_outputs/figures/_temp_individual_posteriors/2026-09-16/pin01_one_fet11-01_12-58-54/ripple/combined/multi/,p_x_given_n[1104].png,2026-09-16 20:46:37+00:00,15285,pin01_one_fet11-01_12-58-54
3304,file,/umms-kdiba/Data/Output/collected_outputs/figures/_temp_individual_posteriors/2026-09-16/pin01_one_fet11-01_12-58-54/ripple/combined/multi/,p_x_given_n[1105].png,2026-09-16 20:46:37+00:00,17013,pin01_one_fet11-01_12-58-54
3305,file,/umms-kdiba/Data/Output/collected_outputs/figures/_temp_individual_posteriors/2026-09-16/pin01_one_fet11-01_12-58-54/ripple/combined/multi/,p_x_given_n[1106].png,2026-09-16 20:46:37+00:00,19730,pin01_one_fet11-01_12-58-54
3306,file,/umms-kdiba/Data/Output/collected_outputs/figures/_temp_individual_posteriors/2026-09-16/pin01_one_fet11-01_12-58-54/ripple/combined/multi/,p_x_given_n[1108].png,2026-09-16 20:46:37+00:00,15005,pin01_one_fet11-01_12-58-54
3307,file,/umms-kdiba/Data/Output/collected_outputs/figures/_temp_individual_posteriors/2026-09-16/pin01_one_fet11-01_12-58-54/ripple/combined/multi/,p_x_given_n[1109].png,2026-09-16 20:46:37+00:00,16478,pin01_one_fet11-01_12-58-54
3308,file,/umms-kdiba/Data/Output/collected_outputs/figures/_temp_individual_posteriors/2026-09-16/pin01_one_fet11-01_12-58-54/ripple/combined/multi/,p_x_given_n[1110].png,2026-09-16 20:46:37+00:00,14458,pin01_one_fet11-01_12-58-54
3309,file,/umms-kdiba/Data/Output/collected_outputs/figures/_temp_individual_posteriors/2026-09-16/pin01_one_fet11-01_12-58-54/ripple/combined/multi/,p_x_given_n[1111].png,2026-09-16 20:46:37+00:00,13640,pin01_one_fet11-01_12-58-54
3310,file,/umms-kdiba/Data/Output/collected_outputs/figures/_temp_individual_posteriors/2026-09-16/pin01_one_fet11-01_12-58-54/ripple/combined/multi/,p_x_given_n[1112].png,2026-09-16 20:46:37+00:00,21922,pin01_one_fet11-01_12-58-54
3311,file,/umms-kdiba/Data/Output/collected_outputs/figures/_temp_individual_posteriors/2026-09-16/pin01_one_fet11-01_12-58-54/ripple/combined/multi/,p_x_given_n[1114].png,2026-09-16 20:46:37+00:00,21972,pin01_one_fet11-01_12-58-54
3312,file,/umms-kdiba/Data/Output/collected_outputs/figures/_temp_individual_posteriors/2026-09-16/pin01_one_fet11-01_12-58-54/ripple/combined/multi/,p_x_given_n[1122].png,2026-09-16 20:46:37+00:00,15095,pin01_one_fet11-01_12-58-54
3313,file,/umms-kdiba/Data/Output/collected_outputs/figures/_temp_individual_posteriors/2026-09-16/pin01_one_fet11-01_12-58-54/ripple/combined/multi/,p_x_given_n[1123].png,2026-09-16 20:46:37+00:00,20205,pin01_one_fet11-01_12-58-54
3314,file,/umms-kdiba/Data/Output/collected_outputs/figures/_temp_individual_posteriors/2026-09-16/pin01_one_fet11-01_12-58-54/ripple/combined/multi/,p_x_given_n[1126].png,2026-09-16 20:46:37+00:00,16191,pin01_one_fet11-01_12-58-54
3315,file,/umms-kdiba/Data/Output/collected_outputs/figures/_temp_individual_posteriors/2026-09-16/pin01_one_fet11-01_12-58-54/ripple/combined/multi/,p_x_given_n[1128].png,2026-09-16 20:46:37+00:00,18903,pin01_one_fet11-01_12-58-54
3316,file,/umms-kdiba/Data/Output/collected_outputs/figures/_temp_individual_posteriors/2026-09-16/pin01_one_fet11-01_12-58-54/ripple/combined/multi/,p_x_given_n[1132].png,2026-09-16 20:46:37+00:00,16291,pin01_one_fet11-01_12-58-54
3317,file,/umms-kdiba/Data/Output/collected_outputs/figures/_temp_individual_posteriors/2026-09-16/pin01_one_fet11-01_12-58-54/ripple/combined/multi/,p_x_given_n[1133].png,2026-09-16 20:46:37+00:00,18859,pin01_one_fet11-01_12-58-54
3318,file,/umms-kdiba/Data/Output/collected_outputs/figures/_temp_individual_posteriors/2026-09-16/pin01_one_fet11-01_12-58-54/ripple/combined/multi/,p_x_given_n[1134].png,2026-09-16 20:46:37+00:00,19837,pin01_one_fet11-01_12-58-54
3319,file,/umms-kdiba/Data/Output/collected_outputs/figures/_temp_individual_posteriors/2026-09-16/pin01_one_fet11-01_12-58-54/ripple/combined/multi/,p_x_given_n[1135].png,2026-09-16 20:46:37+00:00,14738,pin01_one_fet11-01_12-58-54
3320,file,/umms-kdiba/Data/Output/collected_outputs/figures/_temp_individual_posteriors/2026-09-16/pin01_one_fet11-01_12-58-54/ripple/combined/multi/,p_x_given_n[1136].png,2026-09-16 20:46:37+00:00,13867,pin01_one_fet11-01_12-58-54
3321,file,/umms-kdiba/Data/Output/collected_outputs/figures/_temp_individual_posteriors/2026-09-16/pin01_one_fet11-01_12-58-54/ripple/combined/multi/,p_x_given_n[1138].png,2026-09-16 20:46:37+00:00,6946,pin01_one_fet11-01_12-58-54
3322,file,/umms-kdiba/Data/Output/collected_outputs/figures/_temp_individual_posteriors/2026-09-16/pin01_one_fet11-01_12-58-54/ripple/combined/multi/,p_x_given_n[1148].png,2026-09-16 20:46:37+00:00,14099,pin01_one_fet11-01_12-58-54
3323,file,/umms-kdiba/Data/Output/collected_outputs/figures/_temp_individual_posteriors/2026-09-16/pin01_one_fet11-01_12-58-54/ripple/combined/multi/,p_x_given_n[1000].png,2026-09-16 20:46:36+00:00,14897,pin01_one_fet11-01_12-58-54
3324,file,/umms-kdiba/Data/Output/collected_outputs/figures/_temp_individual_posteriors/2026-09-16/pin01_one_fet11-01_12-58-54/ripple/combined/multi/,p_x_given_n[1001].png,2026-09-16 20:46:36+00:00,19339,pin01_one_fet11-01_12-58-54
3325,file,/umms-kdiba/Data/Output/collected_outputs/figures/_temp_individual_posteriors/2026-09-16/pin01_one_fet11-01_12-58-54/ripple/combined/multi/,p_x_given_n[1002].png,2026-09-16 20:46:36+00:00,12169,pin01_one_fet11-01_12-58-54
3326,file,/umms-kdiba/Data/Output/collected_outputs/figures/_temp_individual_posteriors/2026-09-16/pin01_one_fet11-01_12-58-54/ripple/combined/multi/,p_x_given_n[1003].png,2026-09-16 20:46:36+00:00,15896,pin01_one_fet11-01_12-58-54
3327,file,/umms-kdiba/Data/Output/collected_outputs/figures/_temp_individual_posteriors/2026-09-16/pin01_one_fet11-01_12-58-54/ripple/combined/multi/,p_x_given_n[1004].png,2026-09-16 20:46:36+00:00,16269,pin01_one_fet11-01_12-58-54
3328,file,/umms-kdiba/Data/Output/collected_outputs/figures/_temp_individual_posteriors/2026-09-16/pin01_one_fet11-01_12-58-54/ripple/combined/multi/,p_x_given_n[1007].png,2026-09-16 20:46:36+00:00,22398,pin01_one_fet11-01_12-58-54
3329,file,/umms-kdiba/Data/Output/collected_outputs/figures/_temp_individual_posteriors/2026-09-16/pin01_one_fet11-01_12-58-54/ripple/combined/multi/,p_x_given_n[1008].png,2026-09-16 20:46:36+00:00,4249,pin01_one_fet11-01_12-58-54
3330,file,/umms-kdiba/Data/Output/collected_outputs/figures/_temp_individual_posteriors/2026-09-16/pin01_one_fet11-01_12-58-54/ripple/combined/multi/,p_x_given_n[1011].png,2026-09-16 20:46:36+00:00,14206,pin01_one_fet11-01_12-58-54
3331,file,/umms-kdiba/Data/Output/collected_outputs/figures/_temp_individual_posteriors/2026-09-16/pin01_one_fet11-01_12-58-54/ripple/combined/multi/,p_x_given_n[1015].png,2026-09-16 20:46:36+00:00,16612,pin01_one_fet11-01_12-58-54
3332,file,/umms-kdiba/Data/Output/collected_outputs/figures/_temp_individual_posteriors/2026-09-16/pin01_one_fet11-01_12-58-54/ripple/combined/multi/,p_x_given_n[1018].png,2026-09-16 20:46:36+00:00,20076,pin01_one_fet11-01_12-58-54
3333,file,/umms-kdiba/Data/Output/collected_outputs/figures/_temp_individual_posteriors/2026-09-16/pin01_one_fet11-01_12-58-54/ripple/combined/multi/,p_x_given_n[1019].png,2026-09-16 20:46:36+00:00,17998,pin01_one_fet11-01_12-58-54
3334,file,/umms-kdiba/Data/Output/collected_outputs/figures/_temp_individual_posteriors/2026-09-16/pin01_one_fet11-01_12-58-54/ripple/combined/multi/,p_x_given_n[1021].png,2026-09-16 20:46:36+00:00,18068,pin01_one_fet11-01_12-58-54
3335,file,/umms-kdiba/Data/Output/collected_outputs/figures/_temp_individual_posteriors/2026-09-16/pin01_one_fet11-01_12-58-54/ripple/combined/multi/,p_x_given_n[1023].png,2026-09-16 20:46:36+00:00,11922,pin01_one_fet11-01_12-58-54
3336,file,/umms-kdiba/Data/Output/collected_outputs/figures/_temp_individual_posteriors/2026-09-16/pin01_one_fet11-01_12-58-54/ripple/combined/multi/,p_x_given_n[1026].png,2026-09-16 20:46:36+00:00,17578,pin01_one_fet11-01_12-58-54
3337,file,/umms-kdiba/Data/Output/collected_outputs/figures/_temp_individual_posteriors/2026-09-16/pin01_one_fet11-01_12-58-54/ripple/combined/multi/,p_x_given_n[1029].png,2026-09-16 20:46:36+00:00,3731,pin01_one_fet11-01_12-58-54
3338,file,/umms-kdiba/Data/Output/collected_outputs/figures/_temp_individual_posteriors/2026-09-16/pin01_one_fet11-01_12-58-54/ripple/combined/multi/,p_x_given_n[1030].png,2026-09-16 20:46:36+00:00,18581,pin01_one_fet11-01_12-58-54
3339,file,/umms-kdiba/Data/Output/collected_outputs/figures/_temp_individual_posteriors/2026-09-16/pin01_one_fet11-01_12-58-54/ripple/combined/multi/,p_x_given_n[1031].png,2026-09-16 20:46:36+00:00,19287,pin01_one_fet11-01_12-58-54
3340,file,/umms-kdiba/Data/Output/collected_outputs/figures/_temp_individual_posteriors/2026-09-16/pin01_one_fet11-01_12-58-54/ripple/combined/multi/,p_x_given_n[1034].png,2026-09-16 20:46:36+00:00,21011,pin01_one_fet11-01_12-58-54
3341,file,/umms-kdiba/Data/Output/collected_outputs/figures/_temp_individual_posteriors/2026-09-16/pin01_one_fet11-01_12-58-54/ripple/combined/multi/,p_x_given_n[1035].png,2026-09-16 20:46:36+00:00,17391,pin01_one_fet11-01_12-58-54
3342,file,/umms-kdiba/Data/Output/collected_outputs/figures/_temp_individual_posteriors/2026-09-16/pin01_one_fet11-01_12-58-54/ripple/combined/multi/,p_x_given_n[1036].png,2026-09-16 20:46:36+00:00,6483,pin01_one_fet11-01_12-58-54
3343,file,/umms-kdiba/Data/Output/collected_outputs/figures/_temp_individual_posteriors/2026-09-16/pin01_one_fet11-01_12-58-54/ripple/combined/multi/,p_x_given_n[1038].png,2026-09-16 20:46:36+00:00,15057,pin01_one_fet11-01_12-58-54
3344,file,/umms-kdiba/Data/Output/collected_outputs/figures/_temp_individual_posteriors/2026-09-16/pin01_one_fet11-01_12-58-54/ripple/combined/multi/,p_x_given_n[1041].png,2026-09-16 20:46:36+00:00,14277,pin01_one_fet11-01_12-58-54
3345,file,/umms-kdiba/Data/Output/collected_outputs/figures/_temp_individual_posteriors/2026-09-16/pin01_one_fet11-01_12-58-54/ripple/combined/multi/,p_x_given_n[1044].png,2026-09-16 20:46:36+00:00,5827,pin01_one_fet11-01_12-58-54
3346,file,/umms-kdiba/Data/Output/collected_outputs/figures/_temp_individual_posteriors/2026-09-16/pin01_one_fet11-01_12-58-54/ripple/combined/multi/,p_x_given_n[1045].png,2026-09-16 20:46:36+00:00,20315,pin01_one_fet11-01_12-58-54
3347,file,/umms-kdiba/Data/Output/collected_outputs/figures/_temp_individual_posteriors/2026-09-16/pin01_one_fet11-01_12-58-54/ripple/combined/multi/,p_x_given_n[1048].png,2026-09-16 20:46:36+00:00,19145,pin01_one_fet11-01_12-58-54
3348,file,/umms-kdiba/Data/Output/collected_outputs/figures/_temp_individual_posteriors/2026-09-16/pin01_one_fet11-01_12-58-54/ripple/combined/multi/,p_x_given_n[1056].png,2026-09-16 20:46:36+00:00,18479,pin01_one_fet11-01_12-58-54
3349,file,/umms-kdiba/Data/Output/collected_outputs/figures/_temp_individual_posteriors/2026-09-16/pin01_one_fet11-01_12-58-54/ripple/combined/multi/,p_x_given_n[1058].png,2026-09-16 20:46:36+00:00,14326,pin01_one_fet11-01_12-58-54
3350,file,/umms-kdiba/Data/Output/collected_outputs/figures/_temp_individual_posteriors/2026-09-16/pin01_one_fet11-01_12-58-54/ripple/combined/multi/,p_x_given_n[1059].png,2026-09-16 20:46:36+00:00,17102,pin01_one_fet11-01_12-58-54
3351,file,/umms-kdiba/Data/Output/collected_outputs/figures/_temp_individual_posteriors/2026-09-16/pin01_one_fet11-01_12-58-54/ripple/combined/multi/,p_x_given_n[1066].png,2026-09-16 20:46:36+00:00,16760,pin01_one_fet11-01_12-58-54
3352,file,/umms-kdiba/Data/Output/collected_outputs/figures/_temp_individual_posteriors/2026-09-16/pin01_one_fet11-01_12-58-54/ripple/combined/multi/,p_x_given_n[1069].png,2026-09-16 20:46:36+00:00,3251,pin01_one_fet11-01_12-58-54
3353,file,/umms-kdiba/Data/Output/collected_outputs/figures/_temp_individual_posteriors/2026-09-16/pin01_one_fet11-01_12-58-54/ripple/combined/multi/,p_x_given_n[1070].png,2026-09-16 20:46:36+00:00,5353,pin01_one_fet11-01_12-58-54
3354,file,/umms-kdiba/Data/Output/collected_outputs/figures/_temp_individual_posteriors/2026-09-16/pin01_one_fet11-01_12-58-54/ripple/combined/multi/,p_x_given_n[1073].png,2026-09-16 20:46:36+00:00,8137,pin01_one_fet11-01_12-58-54
3355,file,/umms-kdiba/Data/Output/collected_outputs/figures/_temp_individual_posteriors/2026-09-16/pin01_one_fet11-01_12-58-54/ripple/combined/multi/,p_x_given_n[985].png,2026-09-16 20:46:36+00:00,19190,pin01_one_fet11-01_12-58-54
3356,file,/umms-kdiba/Data/Output/collected_outputs/figures/_temp_individual_posteriors/2026-09-16/pin01_one_fet11-01_12-58-54/ripple/combined/multi/,p_x_given_n[988].png,2026-09-16 20:46:36+00:00,15946,pin01_one_fet11-01_12-58-54
3357,file,/umms-kdiba/Data/Output/collected_outputs/figures/_temp_individual_posteriors/2026-09-16/pin01_one_fet11-01_12-58-54/ripple/combined/multi/,p_x_given_n[992].png,2026-09-16 20:46:36+00:00,11725,pin01_one_fet11-01_12-58-54
3358,file,/umms-kdiba/Data/Output/collected_outputs/figures/_temp_individual_posteriors/2026-09-16/pin01_one_fet11-01_12-58-54/ripple/combined/multi/,p_x_given_n[993].png,2026-09-16 20:46:36+00:00,20520,pin01_one_fet11-01_12-58-54
3359,file,/umms-kdiba/Data/Output/collected_outputs/figures/_temp_individual_posteriors/2026-09-16/pin01_one_fet11-01_12-58-54/ripple/combined/multi/,p_x_given_n[994].png,2026-09-16 20:46:36+00:00,2984,pin01_one_fet11-01_12-58-54
3360,file,/umms-kdiba/Data/Output/collected_outputs/figures/_temp_individual_posteriors/2026-09-16/pin01_one_fet11-01_12-58-54/ripple/combined/multi/,p_x_given_n[995].png,2026-09-16 20:46:36+00:00,13562,pin01_one_fet11-01_12-58-54
3361,file,/umms-kdiba/Data/Output/collected_outputs/figures/_temp_individual_posteriors/2026-09-16/pin01_one_fet11-01_12-58-54/ripple/combined/multi/,p_x_given_n[997].png,2026-09-16 20:46:36+00:00,8822,pin01_one_fet11-01_12-58-54
3362,file,/umms-kdiba/Data/Output/collected_outputs/figures/_temp_individual_posteriors/2026-09-16/pin01_one_fet11-01_12-58-54/ripple/combined/multi/,p_x_given_n[922].png,2026-09-16 20:46:35+00:00,19661,pin01_one_fet11-01_12-58-54
3363,file,/umms-kdiba/Data/Output/collected_outputs/figures/_temp_individual_posteriors/2026-09-16/pin01_one_fet11-01_12-58-54/ripple/combined/multi/,p_x_given_n[923].png,2026-09-16 20:46:35+00:00,8645,pin01_one_fet11-01_12-58-54
3364,file,/umms-kdiba/Data/Output/collected_outputs/figures/_temp_individual_posteriors/2026-09-16/pin01_one_fet11-01_12-58-54/ripple/combined/multi/,p_x_given_n[924].png,2026-09-16 20:46:35+00:00,19022,pin01_one_fet11-01_12-58-54
3365,file,/umms-kdiba/Data/Output/collected_outputs/figures/_temp_individual_posteriors/2026-09-16/pin01_one_fet11-01_12-58-54/ripple/combined/multi/,p_x_given_n[925].png,2026-09-16 20:46:35+00:00,13147,pin01_one_fet11-01_12-58-54
3366,file,/umms-kdiba/Data/Output/collected_outputs/figures/_temp_individual_posteriors/2026-09-16/pin01_one_fet11-01_12-58-54/ripple/combined/multi/,p_x_given_n[927].png,2026-09-16 20:46:35+00:00,11850,pin01_one_fet11-01_12-58-54
3367,file,/umms-kdiba/Data/Output/collected_outputs/figures/_temp_individual_posteriors/2026-09-16/pin01_one_fet11-01_12-58-54/ripple/combined/multi/,p_x_given_n[928].png,2026-09-16 20:46:35+00:00,12741,pin01_one_fet11-01_12-58-54
3368,file,/umms-kdiba/Data/Output/collected_outputs/figures/_temp_individual_posteriors/2026-09-16/pin01_one_fet11-01_12-58-54/ripple/combined/multi/,p_x_given_n[930].png,2026-09-16 20:46:35+00:00,19542,pin01_one_fet11-01_12-58-54
3369,file,/umms-kdiba/Data/Output/collected_outputs/figures/_temp_individual_posteriors/2026-09-16/pin01_one_fet11-01_12-58-54/ripple/combined/multi/,p_x_given_n[931].png,2026-09-16 20:46:35+00:00,3884,pin01_one_fet11-01_12-58-54
3370,file,/umms-kdiba/Data/Output/collected_outputs/figures/_temp_individual_posteriors/2026-09-16/pin01_one_fet11-01_12-58-54/ripple/combined/multi/,p_x_given_n[933].png,2026-09-16 20:46:35+00:00,18145,pin01_one_fet11-01_12-58-54
3371,file,/umms-kdiba/Data/Output/collected_outputs/figures/_temp_individual_posteriors/2026-09-16/pin01_one_fet11-01_12-58-54/ripple/combined/multi/,p_x_given_n[934].png,2026-09-16 20:46:35+00:00,15928,pin01_one_fet11-01_12-58-54
3372,file,/umms-kdiba/Data/Output/collected_outputs/figures/_temp_individual_posteriors/2026-09-16/pin01_one_fet11-01_12-58-54/ripple/combined/multi/,p_x_given_n[936].png,2026-09-16 20:46:35+00:00,18288,pin01_one_fet11-01_12-58-54
3373,file,/umms-kdiba/Data/Output/collected_outputs/figures/_temp_individual_posteriors/2026-09-16/pin01_one_fet11-01_12-58-54/ripple/combined/multi/,p_x_given_n[937].png,2026-09-16 20:46:35+00:00,14303,pin01_one_fet11-01_12-58-54
3374,file,/umms-kdiba/Data/Output/collected_outputs/figures/_temp_individual_posteriors/2026-09-16/pin01_one_fet11-01_12-58-54/ripple/combined/multi/,p_x_given_n[938].png,2026-09-16 20:46:35+00:00,19370,pin01_one_fet11-01_12-58-54
3375,file,/umms-kdiba/Data/Output/collected_outputs/figures/_temp_individual_posteriors/2026-09-16/pin01_one_fet11-01_12-58-54/ripple/combined/multi/,p_x_given_n[939].png,2026-09-16 20:46:35+00:00,17378,pin01_one_fet11-01_12-58-54
3376,file,/umms-kdiba/Data/Output/collected_outputs/figures/_temp_individual_posteriors/2026-09-16/pin01_one_fet11-01_12-58-54/ripple/combined/multi/,p_x_given_n[942].png,2026-09-16 20:46:35+00:00,17124,pin01_one_fet11-01_12-58-54
3377,file,/umms-kdiba/Data/Output/collected_outputs/figures/_temp_individual_posteriors/2026-09-16/pin01_one_fet11-01_12-58-54/ripple/combined/multi/,p_x_given_n[943].png,2026-09-16 20:46:35+00:00,12350,pin01_one_fet11-01_12-58-54
3378,file,/umms-kdiba/Data/Output/collected_outputs/figures/_temp_individual_posteriors/2026-09-16/pin01_one_fet11-01_12-58-54/ripple/combined/multi/,p_x_given_n[946].png,2026-09-16 20:46:35+00:00,10397,pin01_one_fet11-01_12-58-54
3379,file,/umms-kdiba/Data/Output/collected_outputs/figures/_temp_individual_posteriors/2026-09-16/pin01_one_fet11-01_12-58-54/ripple/combined/multi/,p_x_given_n[948].png,2026-09-16 20:46:35+00:00,16749,pin01_one_fet11-01_12-58-54
3380,file,/umms-kdiba/Data/Output/collected_outputs/figures/_temp_individual_posteriors/2026-09-16/pin01_one_fet11-01_12-58-54/ripple/combined/multi/,p_x_given_n[952].png,2026-09-16 20:46:35+00:00,16511,pin01_one_fet11-01_12-58-54
3381,file,/umms-kdiba/Data/Output/collected_outputs/figures/_temp_individual_posteriors/2026-09-16/pin01_one_fet11-01_12-58-54/ripple/combined/multi/,p_x_given_n[953].png,2026-09-16 20:46:35+00:00,7620,pin01_one_fet11-01_12-58-54
3382,file,/umms-kdiba/Data/Output/collected_outputs/figures/_temp_individual_posteriors/2026-09-16/pin01_one_fet11-01_12-58-54/ripple/combined/multi/,p_x_given_n[955].png,2026-09-16 20:46:35+00:00,15835,pin01_one_fet11-01_12-58-54
3383,file,/umms-kdiba/Data/Output/collected_outputs/figures/_temp_individual_posteriors/2026-09-16/pin01_one_fet11-01_12-58-54/ripple/combined/multi/,p_x_given_n[956].png,2026-09-16 20:46:35+00:00,15707,pin01_one_fet11-01_12-58-54
3384,file,/umms-kdiba/Data/Output/collected_outputs/figures/_temp_individual_posteriors/2026-09-16/pin01_one_fet11-01_12-58-54/ripple/combined/multi/,p_x_given_n[957].png,2026-09-16 20:46:35+00:00,15708,pin01_one_fet11-01_12-58-54
3385,file,/umms-kdiba/Data/Output/collected_outputs/figures/_temp_individual_posteriors/2026-09-16/pin01_one_fet11-01_12-58-54/ripple/combined/multi/,p_x_given_n[958].png,2026-09-16 20:46:35+00:00,10979,pin01_one_fet11-01_12-58-54
3386,file,/umms-kdiba/Data/Output/collected_outputs/figures/_temp_individual_posteriors/2026-09-16/pin01_one_fet11-01_12-58-54/ripple/combined/multi/,p_x_given_n[960].png,2026-09-16 20:46:35+00:00,16979,pin01_one_fet11-01_12-58-54
3387,file,/umms-kdiba/Data/Output/collected_outputs/figures/_temp_individual_posteriors/2026-09-16/pin01_one_fet11-01_12-58-54/ripple/combined/multi/,p_x_given_n[961].png,2026-09-16 20:46:35+00:00,14356,pin01_one_fet11-01_12-58-54
3388,file,/umms-kdiba/Data/Output/collected_outputs/figures/_temp_individual_posteriors/2026-09-16/pin01_one_fet11-01_12-58-54/ripple/combined/multi/,p_x_given_n[962].png,2026-09-16 20:46:35+00:00,12411,pin01_one_fet11-01_12-58-54
3389,file,/umms-kdiba/Data/Output/collected_outputs/figures/_temp_individual_posteriors/2026-09-16/pin01_one_fet11-01_12-58-54/ripple/combined/multi/,p_x_given_n[963].png,2026-09-16 20:46:35+00:00,15109,pin01_one_fet11-01_12-58-54
3390,file,/umms-kdiba/Data/Output/collected_outputs/figures/_temp_individual_posteriors/2026-09-16/pin01_one_fet11-01_12-58-54/ripple/combined/multi/,p_x_given_n[965].png,2026-09-16 20:46:35+00:00,19697,pin01_one_fet11-01_12-58-54
3391,file,/umms-kdiba/Data/Output/collected_outputs/figures/_temp_individual_posteriors/2026-09-16/pin01_one_fet11-01_12-58-54/ripple/combined/multi/,p_x_given_n[970].png,2026-09-16 20:46:35+00:00,22569,pin01_one_fet11-01_12-58-54
3392,file,/umms-kdiba/Data/Output/collected_outputs/figures/_temp_individual_posteriors/2026-09-16/pin01_one_fet11-01_12-58-54/ripple/combined/multi/,p_x_given_n[971].png,2026-09-16 20:46:35+00:00,19194,pin01_one_fet11-01_12-58-54
3393,file,/umms-kdiba/Data/Output/collected_outputs/figures/_temp_individual_posteriors/2026-09-16/pin01_one_fet11-01_12-58-54/ripple/combined/multi/,p_x_given_n[972].png,2026-09-16 20:46:35+00:00,18247,pin01_one_fet11-01_12-58-54
3394,file,/umms-kdiba/Data/Output/collected_outputs/figures/_temp_individual_posteriors/2026-09-16/pin01_one_fet11-01_12-58-54/ripple/combined/multi/,p_x_given_n[973].png,2026-09-16 20:46:35+00:00,21387,pin01_one_fet11-01_12-58-54
3395,file,/umms-kdiba/Data/Output/collected_outputs/figures/_temp_individual_posteriors/2026-09-16/pin01_one_fet11-01_12-58-54/ripple/combined/multi/,p_x_given_n[975].png,2026-09-16 20:46:35+00:00,7159,pin01_one_fet11-01_12-58-54
3396,file,/umms-kdiba/Data/Output/collected_outputs/figures/_temp_individual_posteriors/2026-09-16/pin01_one_fet11-01_12-58-54/ripple/combined/multi/,p_x_given_n[977].png,2026-09-16 20:46:35+00:00,3319,pin01_one_fet11-01_12-58-54
3397,file,/umms-kdiba/Data/Output/collected_outputs/figures/_temp_individual_posteriors/2026-09-16/pin01_one_fet11-01_12-58-54/ripple/combined/multi/,p_x_given_n[979].png,2026-09-16 20:46:35+00:00,21965,pin01_one_fet11-01_12-58-54
3398,file,/umms-kdiba/Data/Output/collected_outputs/figures/_temp_individual_posteriors/2026-09-16/pin01_one_fet11-01_12-58-54/ripple/combined/multi/,p_x_given_n[980].png,2026-09-16 20:46:35+00:00,18783,pin01_one_fet11-01_12-58-54
3399,file,/umms-kdiba/Data/Output/collected_outputs/figures/_temp_individual_posteriors/2026-09-16/pin01_one_fet11-01_12-58-54/ripple/combined/multi/,p_x_given_n[981].png,2026-09-16 20:46:35+00:00,20066,pin01_one_fet11-01_12-58-54
3400,file,/umms-kdiba/Data/Output/collected_outputs/figures/_temp_individual_posteriors/2026-09-16/pin01_one_fet11-01_12-58-54/ripple/combined/multi/,p_x_given_n[982].png,2026-09-16 20:46:35+00:00,6520,pin01_one_fet11-01_12-58-54
3401,file,/umms-kdiba/Data/Output/collected_outputs/figures/_temp_individual_posteriors/2026-09-16/pin01_one_fet11-01_12-58-54/ripple/combined/multi/,p_x_given_n[983].png,2026-09-16 20:46:35+00:00,12750,pin01_one_fet11-01_12-58-54
3402,file,/umms-kdiba/Data/Output/collected_outputs/figures/_temp_individual_posteriors/2026-09-16/pin01_one_fet11-01_12-58-54/ripple/combined/multi/,p_x_given_n[984].png,2026-09-16 20:46:35+00:00,14751,pin01_one_fet11-01_12-58-54
3403,file,/umms-kdiba/Data/Output/collected_outputs/figures/_temp_individual_posteriors/2026-09-16/pin01_one_fet11-01_12-58-54/ripple/combined/multi/,p_x_given_n[859].png,2026-09-16 20:46:34+00:00,18464,pin01_one_fet11-01_12-58-54
3404,file,/umms-kdiba/Data/Output/collected_outputs/figures/_temp_individual_posteriors/2026-09-16/pin01_one_fet11-01_12-58-54/ripple/combined/multi/,p_x_given_n[860].png,2026-09-16 20:46:34+00:00,19451,pin01_one_fet11-01_12-58-54
3405,file,/umms-kdiba/Data/Output/collected_outputs/figures/_temp_individual_posteriors/2026-09-16/pin01_one_fet11-01_12-58-54/ripple/combined/multi/,p_x_given_n[865].png,2026-09-16 20:46:34+00:00,13864,pin01_one_fet11-01_12-58-54
3406,file,/umms-kdiba/Data/Output/collected_outputs/figures/_temp_individual_posteriors/2026-09-16/pin01_one_fet11-01_12-58-54/ripple/combined/multi/,p_x_given_n[866].png,2026-09-16 20:46:34+00:00,18088,pin01_one_fet11-01_12-58-54
3407,file,/umms-kdiba/Data/Output/collected_outputs/figures/_temp_individual_posteriors/2026-09-16/pin01_one_fet11-01_12-58-54/ripple/combined/multi/,p_x_given_n[867].png,2026-09-16 20:46:34+00:00,18463,pin01_one_fet11-01_12-58-54
3408,file,/umms-kdiba/Data/Output/collected_outputs/figures/_temp_individual_posteriors/2026-09-16/pin01_one_fet11-01_12-58-54/ripple/combined/multi/,p_x_given_n[869].png,2026-09-16 20:46:34+00:00,15630,pin01_one_fet11-01_12-58-54
3409,file,/umms-kdiba/Data/Output/collected_outputs/figures/_temp_individual_posteriors/2026-09-16/pin01_one_fet11-01_12-58-54/ripple/combined/multi/,p_x_given_n[870].png,2026-09-16 20:46:34+00:00,3846,pin01_one_fet11-01_12-58-54
3410,file,/umms-kdiba/Data/Output/collected_outputs/figures/_temp_individual_posteriors/2026-09-16/pin01_one_fet11-01_12-58-54/ripple/combined/multi/,p_x_given_n[871].png,2026-09-16 20:46:34+00:00,13462,pin01_one_fet11-01_12-58-54
3411,file,/umms-kdiba/Data/Output/collected_outputs/figures/_temp_individual_posteriors/2026-09-16/pin01_one_fet11-01_12-58-54/ripple/combined/multi/,p_x_given_n[872].png,2026-09-16 20:46:34+00:00,16893,pin01_one_fet11-01_12-58-54
3412,file,/umms-kdiba/Data/Output/collected_outputs/figures/_temp_individual_posteriors/2026-09-16/pin01_one_fet11-01_12-58-54/ripple/combined/multi/,p_x_given_n[873].png,2026-09-16 20:46:34+00:00,11728,pin01_one_fet11-01_12-58-54
3413,file,/umms-kdiba/Data/Output/collected_outputs/figures/_temp_individual_posteriors/2026-09-16/pin01_one_fet11-01_12-58-54/ripple/combined/multi/,p_x_given_n[876].png,2026-09-16 20:46:34+00:00,16045,pin01_one_fet11-01_12-58-54
3414,file,/umms-kdiba/Data/Output/collected_outputs/figures/_temp_individual_posteriors/2026-09-16/pin01_one_fet11-01_12-58-54/ripple/combined/multi/,p_x_given_n[878].png,2026-09-16 20:46:34+00:00,22706,pin01_one_fet11-01_12-58-54
3415,file,/umms-kdiba/Data/Output/collected_outputs/figures/_temp_individual_posteriors/2026-09-16/pin01_one_fet11-01_12-58-54/ripple/combined/multi/,p_x_given_n[880].png,2026-09-16 20:46:34+00:00,16350,pin01_one_fet11-01_12-58-54
3416,file,/umms-kdiba/Data/Output/collected_outputs/figures/_temp_individual_posteriors/2026-09-16/pin01_one_fet11-01_12-58-54/ripple/combined/multi/,p_x_given_n[881].png,2026-09-16 20:46:34+00:00,3507,pin01_one_fet11-01_12-58-54
3417,file,/umms-kdiba/Data/Output/collected_outputs/figures/_temp_individual_posteriors/2026-09-16/pin01_one_fet11-01_12-58-54/ripple/combined/multi/,p_x_given_n[882].png,2026-09-16 20:46:34+00:00,18291,pin01_one_fet11-01_12-58-54
3418,file,/umms-kdiba/Data/Output/collected_outputs/figures/_temp_individual_posteriors/2026-09-16/pin01_one_fet11-01_12-58-54/ripple/combined/multi/,p_x_given_n[884].png,2026-09-16 20:46:34+00:00,5728,pin01_one_fet11-01_12-58-54
3419,file,/umms-kdiba/Data/Output/collected_outputs/figures/_temp_individual_posteriors/2026-09-16/pin01_one_fet11-01_12-58-54/ripple/combined/multi/,p_x_given_n[886].png,2026-09-16 20:46:34+00:00,17770,pin01_one_fet11-01_12-58-54
3420,file,/umms-kdiba/Data/Output/collected_outputs/figures/_temp_individual_posteriors/2026-09-16/pin01_one_fet11-01_12-58-54/ripple/combined/multi/,p_x_given_n[887].png,2026-09-16 20:46:34+00:00,9266,pin01_one_fet11-01_12-58-54
3421,file,/umms-kdiba/Data/Output/collected_outputs/figures/_temp_individual_posteriors/2026-09-16/pin01_one_fet11-01_12-58-54/ripple/combined/multi/,p_x_given_n[888].png,2026-09-16 20:46:34+00:00,14025,pin01_one_fet11-01_12-58-54
3422,file,/umms-kdiba/Data/Output/collected_outputs/figures/_temp_individual_posteriors/2026-09-16/pin01_one_fet11-01_12-58-54/ripple/combined/multi/,p_x_given_n[890].png,2026-09-16 20:46:34+00:00,14616,pin01_one_fet11-01_12-58-54
3423,file,/umms-kdiba/Data/Output/collected_outputs/figures/_temp_individual_posteriors/2026-09-16/pin01_one_fet11-01_12-58-54/ripple/combined/multi/,p_x_given_n[891].png,2026-09-16 20:46:34+00:00,13897,pin01_one_fet11-01_12-58-54
3424,file,/umms-kdiba/Data/Output/collected_outputs/figures/_temp_individual_posteriors/2026-09-16/pin01_one_fet11-01_12-58-54/ripple/combined/multi/,p_x_given_n[894].png,2026-09-16 20:46:34+00:00,14598,pin01_one_fet11-01_12-58-54
3425,file,/umms-kdiba/Data/Output/collected_outputs/figures/_temp_individual_posteriors/2026-09-16/pin01_one_fet11-01_12-58-54/ripple/combined/multi/,p_x_given_n[896].png,2026-09-16 20:46:34+00:00,16893,pin01_one_fet11-01_12-58-54
3426,file,/umms-kdiba/Data/Output/collected_outputs/figures/_temp_individual_posteriors/2026-09-16/pin01_one_fet11-01_12-58-54/ripple/combined/multi/,p_x_given_n[897].png,2026-09-16 20:46:34+00:00,12736,pin01_one_fet11-01_12-58-54
3427,file,/umms-kdiba/Data/Output/collected_outputs/figures/_temp_individual_posteriors/2026-09-16/pin01_one_fet11-01_12-58-54/ripple/combined/multi/,p_x_given_n[898].png,2026-09-16 20:46:34+00:00,17207,pin01_one_fet11-01_12-58-54
3428,file,/umms-kdiba/Data/Output/collected_outputs/figures/_temp_individual_posteriors/2026-09-16/pin01_one_fet11-01_12-58-54/ripple/combined/multi/,p_x_given_n[899].png,2026-09-16 20:46:34+00:00,18932,pin01_one_fet11-01_12-58-54
3429,file,/umms-kdiba/Data/Output/collected_outputs/figures/_temp_individual_posteriors/2026-09-16/pin01_one_fet11-01_12-58-54/ripple/combined/multi/,p_x_given_n[900].png,2026-09-16 20:46:34+00:00,18615,pin01_one_fet11-01_12-58-54
3430,file,/umms-kdiba/Data/Output/collected_outputs/figures/_temp_individual_posteriors/2026-09-16/pin01_one_fet11-01_12-58-54/ripple/combined/multi/,p_x_given_n[902].png,2026-09-16 20:46:34+00:00,20131,pin01_one_fet11-01_12-58-54
3431,file,/umms-kdiba/Data/Output/collected_outputs/figures/_temp_individual_posteriors/2026-09-16/pin01_one_fet11-01_12-58-54/ripple/combined/multi/,p_x_given_n[905].png,2026-09-16 20:46:34+00:00,20176,pin01_one_fet11-01_12-58-54
3432,file,/umms-kdiba/Data/Output/collected_outputs/figures/_temp_individual_posteriors/2026-09-16/pin01_one_fet11-01_12-58-54/ripple/combined/multi/,p_x_given_n[906].png,2026-09-16 20:46:34+00:00,15055,pin01_one_fet11-01_12-58-54
3433,file,/umms-kdiba/Data/Output/collected_outputs/figures/_temp_individual_posteriors/2026-09-16/pin01_one_fet11-01_12-58-54/ripple/combined/multi/,p_x_given_n[907].png,2026-09-16 20:46:34+00:00,11528,pin01_one_fet11-01_12-58-54
3434,file,/umms-kdiba/Data/Output/collected_outputs/figures/_temp_individual_posteriors/2026-09-16/pin01_one_fet11-01_12-58-54/ripple/combined/multi/,p_x_given_n[911].png,2026-09-16 20:46:34+00:00,14365,pin01_one_fet11-01_12-58-54
3435,file,/umms-kdiba/Data/Output/collected_outputs/figures/_temp_individual_posteriors/2026-09-16/pin01_one_fet11-01_12-58-54/ripple/combined/multi/,p_x_given_n[913].png,2026-09-16 20:46:34+00:00,21725,pin01_one_fet11-01_12-58-54
3436,file,/umms-kdiba/Data/Output/collected_outputs/figures/_temp_individual_posteriors/2026-09-16/pin01_one_fet11-01_12-58-54/ripple/combined/multi/,p_x_given_n[915].png,2026-09-16 20:46:34+00:00,18494,pin01_one_fet11-01_12-58-54
3437,file,/umms-kdiba/Data/Output/collected_outputs/figures/_temp_individual_posteriors/2026-09-16/pin01_one_fet11-01_12-58-54/ripple/combined/multi/,p_x_given_n[916].png,2026-09-16 20:46:34+00:00,13272,pin01_one_fet11-01_12-58-54
3438,file,/umms-kdiba/Data/Output/collected_outputs/figures/_temp_individual_posteriors/2026-09-16/pin01_one_fet11-01_12-58-54/ripple/combined/multi/,p_x_given_n[917].png,2026-09-16 20:46:34+00:00,12578,pin01_one_fet11-01_12-58-54
3439,file,/umms-kdiba/Data/Output/collected_outputs/figures/_temp_individual_posteriors/2026-09-16/pin01_one_fet11-01_12-58-54/ripple/combined/multi/,p_x_given_n[918].png,2026-09-16 20:46:34+00:00,16061,pin01_one_fet11-01_12-58-54
3440,file,/umms-kdiba/Data/Output/collected_outputs/figures/_temp_individual_posteriors/2026-09-16/pin01_one_fet11-01_12-58-54/ripple/combined/multi/,p_x_given_n[919].png,2026-09-16 20:46:34+00:00,14281,pin01_one_fet11-01_12-58-54
3441,file,/umms-kdiba/Data/Output/collected_outputs/figures/_temp_individual_posteriors/2026-09-16/pin01_one_fet11-01_12-58-54/ripple/combined/multi/,p_x_given_n[920].png,2026-09-16 20:46:34+00:00,16969,pin01_one_fet11-01_12-58-54
3442,file,/umms-kdiba/Data/Output/collected_outputs/figures/_temp_individual_posteriors/2026-09-16/pin01_one_fet11-01_12-58-54/ripple/combined/multi/,p_x_given_n[921].png,2026-09-16 20:46:34+00:00,14094,pin01_one_fet11-01_12-58-54
3443,file,/umms-kdiba/Data/Output/collected_outputs/figures/_temp_individual_posteriors/2026-09-16/pin01_one_fet11-01_12-58-54/ripple/combined/multi/,p_x_given_n[772].png,2026-09-16 20:46:33+00:00,16421,pin01_one_fet11-01_12-58-54
3444,file,/umms-kdiba/Data/Output/collected_outputs/figures/_temp_individual_posteriors/2026-09-16/pin01_one_fet11-01_12-58-54/ripple/combined/multi/,p_x_given_n[773].png,2026-09-16 20:46:33+00:00,19242,pin01_one_fet11-01_12-58-54
3445,file,/umms-kdiba/Data/Output/collected_outputs/figures/_temp_individual_posteriors/2026-09-16/pin01_one_fet11-01_12-58-54/ripple/combined/multi/,p_x_given_n[774].png,2026-09-16 20:46:33+00:00,9058,pin01_one_fet11-01_12-58-54
3446,file,/umms-kdiba/Data/Output/collected_outputs/figures/_temp_individual_posteriors/2026-09-16/pin01_one_fet11-01_12-58-54/ripple/combined/multi/,p_x_given_n[775].png,2026-09-16 20:46:33+00:00,4985,pin01_one_fet11-01_12-58-54
3447,file,/umms-kdiba/Data/Output/collected_outputs/figures/_temp_individual_posteriors/2026-09-16/pin01_one_fet11-01_12-58-54/ripple/combined/multi/,p_x_given_n[776].png,2026-09-16 20:46:33+00:00,7043,pin01_one_fet11-01_12-58-54
3448,file,/umms-kdiba/Data/Output/collected_outputs/figures/_temp_individual_posteriors/2026-09-16/pin01_one_fet11-01_12-58-54/ripple/combined/multi/,p_x_given_n[778].png,2026-09-16 20:46:33+00:00,9675,pin01_one_fet11-01_12-58-54
3449,file,/umms-kdiba/Data/Output/collected_outputs/figures/_temp_individual_posteriors/2026-09-16/pin01_one_fet11-01_12-58-54/ripple/combined/multi/,p_x_given_n[780].png,2026-09-16 20:46:33+00:00,14569,pin01_one_fet11-01_12-58-54
3450,file,/umms-kdiba/Data/Output/collected_outputs/figures/_temp_individual_posteriors/2026-09-16/pin01_one_fet11-01_12-58-54/ripple/combined/multi/,p_x_given_n[782].png,2026-09-16 20:46:33+00:00,6418,pin01_one_fet11-01_12-58-54
3451,file,/umms-kdiba/Data/Output/collected_outputs/figures/_temp_individual_posteriors/2026-09-16/pin01_one_fet11-01_12-58-54/ripple/combined/multi/,p_x_given_n[783].png,2026-09-16 20:46:33+00:00,10337,pin01_one_fet11-01_12-58-54
3452,file,/umms-kdiba/Data/Output/collected_outputs/figures/_temp_individual_posteriors/2026-09-16/pin01_one_fet11-01_12-58-54/ripple/combined/multi/,p_x_given_n[785].png,2026-09-16 20:46:33+00:00,9530,pin01_one_fet11-01_12-58-54
3453,file,/umms-kdiba/Data/Output/collected_outputs/figures/_temp_individual_posteriors/2026-09-16/pin01_one_fet11-01_12-58-54/ripple/combined/multi/,p_x_given_n[787].png,2026-09-16 20:46:33+00:00,5381,pin01_one_fet11-01_12-58-54
3454,file,/umms-kdiba/Data/Output/collected_outputs/figures/_temp_individual_posteriors/2026-09-16/pin01_one_fet11-01_12-58-54/ripple/combined/multi/,p_x_given_n[788].png,2026-09-16 20:46:33+00:00,13798,pin01_one_fet11-01_12-58-54
3455,file,/umms-kdiba/Data/Output/collected_outputs/figures/_temp_individual_posteriors/2026-09-16/pin01_one_fet11-01_12-58-54/ripple/combined/multi/,p_x_given_n[791].png,2026-09-16 20:46:33+00:00,17073,pin01_one_fet11-01_12-58-54
3456,file,/umms-kdiba/Data/Output/collected_outputs/figures/_temp_individual_posteriors/2026-09-16/pin01_one_fet11-01_12-58-54/ripple/combined/multi/,p_x_given_n[792].png,2026-09-16 20:46:33+00:00,4968,pin01_one_fet11-01_12-58-54
3457,file,/umms-kdiba/Data/Output/collected_outputs/figures/_temp_individual_posteriors/2026-09-16/pin01_one_fet11-01_12-58-54/ripple/combined/multi/,p_x_given_n[793].png,2026-09-16 20:46:33+00:00,17823,pin01_one_fet11-01_12-58-54
3458,file,/umms-kdiba/Data/Output/collected_outputs/figures/_temp_individual_posteriors/2026-09-16/pin01_one_fet11-01_12-58-54/ripple/combined/multi/,p_x_given_n[795].png,2026-09-16 20:46:33+00:00,14761,pin01_one_fet11-01_12-58-54
3459,file,/umms-kdiba/Data/Output/collected_outputs/figures/_temp_individual_posteriors/2026-09-16/pin01_one_fet11-01_12-58-54/ripple/combined/multi/,p_x_given_n[796].png,2026-09-16 20:46:33+00:00,15756,pin01_one_fet11-01_12-58-54
3460,file,/umms-kdiba/Data/Output/collected_outputs/figures/_temp_individual_posteriors/2026-09-16/pin01_one_fet11-01_12-58-54/ripple/combined/multi/,p_x_given_n[797].png,2026-09-16 20:46:33+00:00,11862,pin01_one_fet11-01_12-58-54
3461,file,/umms-kdiba/Data/Output/collected_outputs/figures/_temp_individual_posteriors/2026-09-16/pin01_one_fet11-01_12-58-54/ripple/combined/multi/,p_x_given_n[799].png,2026-09-16 20:46:33+00:00,18682,pin01_one_fet11-01_12-58-54
3462,file,/umms-kdiba/Data/Output/collected_outputs/figures/_temp_individual_posteriors/2026-09-16/pin01_one_fet11-01_12-58-54/ripple/combined/multi/,p_x_given_n[800].png,2026-09-16 20:46:33+00:00,9331,pin01_one_fet11-01_12-58-54
3463,file,/umms-kdiba/Data/Output/collected_outputs/figures/_temp_individual_posteriors/2026-09-16/pin01_one_fet11-01_12-58-54/ripple/combined/multi/,p_x_given_n[801].png,2026-09-16 20:46:33+00:00,18443,pin01_one_fet11-01_12-58-54
3464,file,/umms-kdiba/Data/Output/collected_outputs/figures/_temp_individual_posteriors/2026-09-16/pin01_one_fet11-01_12-58-54/ripple/combined/multi/,p_x_given_n[802].png,2026-09-16 20:46:33+00:00,15792,pin01_one_fet11-01_12-58-54
3465,file,/umms-kdiba/Data/Output/collected_outputs/figures/_temp_individual_posteriors/2026-09-16/pin01_one_fet11-01_12-58-54/ripple/combined/multi/,p_x_given_n[813].png,2026-09-16 20:46:33+00:00,6815,pin01_one_fet11-01_12-58-54
3466,file,/umms-kdiba/Data/Output/collected_outputs/figures/_temp_individual_posteriors/2026-09-16/pin01_one_fet11-01_12-58-54/ripple/combined/multi/,p_x_given_n[816].png,2026-09-16 20:46:33+00:00,17799,pin01_one_fet11-01_12-58-54
3467,file,/umms-kdiba/Data/Output/collected_outputs/figures/_temp_individual_posteriors/2026-09-16/pin01_one_fet11-01_12-58-54/ripple/combined/multi/,p_x_given_n[818].png,2026-09-16 20:46:33+00:00,10711,pin01_one_fet11-01_12-58-54
3468,file,/umms-kdiba/Data/Output/collected_outputs/figures/_temp_individual_posteriors/2026-09-16/pin01_one_fet11-01_12-58-54/ripple/combined/multi/,p_x_given_n[819].png,2026-09-16 20:46:33+00:00,11182,pin01_one_fet11-01_12-58-54
3469,file,/umms-kdiba/Data/Output/collected_outputs/figures/_temp_individual_posteriors/2026-09-16/pin01_one_fet11-01_12-58-54/ripple/combined/multi/,p_x_given_n[822].png,2026-09-16 20:46:33+00:00,13218,pin01_one_fet11-01_12-58-54
3470,file,/umms-kdiba/Data/Output/collected_outputs/figures/_temp_individual_posteriors/2026-09-16/pin01_one_fet11-01_12-58-54/ripple/combined/multi/,p_x_given_n[823].png,2026-09-16 20:46:33+00:00,4250,pin01_one_fet11-01_12-58-54
3471,file,/umms-kdiba/Data/Output/collected_outputs/figures/_temp_individual_posteriors/2026-09-16/pin01_one_fet11-01_12-58-54/ripple/combined/multi/,p_x_given_n[824].png,2026-09-16 20:46:33+00:00,3992,pin01_one_fet11-01_12-58-54
3472,file,/umms-kdiba/Data/Output/collected_outputs/figures/_temp_individual_posteriors/2026-09-16/pin01_one_fet11-01_12-58-54/ripple/combined/multi/,p_x_given_n[825].png,2026-09-16 20:46:33+00:00,13336,pin01_one_fet11-01_12-58-54
3473,file,/umms-kdiba/Data/Output/collected_outputs/figures/_temp_individual_posteriors/2026-09-16/pin01_one_fet11-01_12-58-54/ripple/combined/multi/,p_x_given_n[826].png,2026-09-16 20:46:33+00:00,15743,pin01_one_fet11-01_12-58-54
3474,file,/umms-kdiba/Data/Output/collected_outputs/figures/_temp_individual_posteriors/2026-09-16/pin01_one_fet11-01_12-58-54/ripple/combined/multi/,p_x_given_n[831].png,2026-09-16 20:46:33+00:00,17135,pin01_one_fet11-01_12-58-54
3475,file,/umms-kdiba/Data/Output/collected_outputs/figures/_temp_individual_posteriors/2026-09-16/pin01_one_fet11-01_12-58-54/ripple/combined/multi/,p_x_given_n[833].png,2026-09-16 20:46:33+00:00,15331,pin01_one_fet11-01_12-58-54
3476,file,/umms-kdiba/Data/Output/collected_outputs/figures/_temp_individual_posteriors/2026-09-16/pin01_one_fet11-01_12-58-54/ripple/combined/multi/,p_x_given_n[835].png,2026-09-16 20:46:33+00:00,6731,pin01_one_fet11-01_12-58-54
3477,file,/umms-kdiba/Data/Output/collected_outputs/figures/_temp_individual_posteriors/2026-09-16/pin01_one_fet11-01_12-58-54/ripple/combined/multi/,p_x_given_n[836].png,2026-09-16 20:46:33+00:00,6908,pin01_one_fet11-01_12-58-54
3478,file,/umms-kdiba/Data/Output/collected_outputs/figures/_temp_individual_posteriors/2026-09-16/pin01_one_fet11-01_12-58-54/ripple/combined/multi/,p_x_given_n[838].png,2026-09-16 20:46:33+00:00,5890,pin01_one_fet11-01_12-58-54
3479,file,/umms-kdiba/Data/Output/collected_outputs/figures/_temp_individual_posteriors/2026-09-16/pin01_one_fet11-01_12-58-54/ripple/combined/multi/,p_x_given_n[840].png,2026-09-16 20:46:33+00:00,17160,pin01_one_fet11-01_12-58-54
3480,file,/umms-kdiba/Data/Output/collected_outputs/figures/_temp_individual_posteriors/2026-09-16/pin01_one_fet11-01_12-58-54/ripple/combined/multi/,p_x_given_n[841].png,2026-09-16 20:46:33+00:00,13438,pin01_one_fet11-01_12-58-54
3481,file,/umms-kdiba/Data/Output/collected_outputs/figures/_temp_individual_posteriors/2026-09-16/pin01_one_fet11-01_12-58-54/ripple/combined/multi/,p_x_given_n[843].png,2026-09-16 20:46:33+00:00,15494,pin01_one_fet11-01_12-58-54
3482,file,/umms-kdiba/Data/Output/collected_outputs/figures/_temp_individual_posteriors/2026-09-16/pin01_one_fet11-01_12-58-54/ripple/combined/multi/,p_x_given_n[844].png,2026-09-16 20:46:33+00:00,11848,pin01_one_fet11-01_12-58-54
3483,file,/umms-kdiba/Data/Output/collected_outputs/figures/_temp_individual_posteriors/2026-09-16/pin01_one_fet11-01_12-58-54/ripple/combined/multi/,p_x_given_n[845].png,2026-09-16 20:46:33+00:00,17771,pin01_one_fet11-01_12-58-54
3484,file,/umms-kdiba/Data/Output/collected_outputs/figures/_temp_individual_posteriors/2026-09-16/pin01_one_fet11-01_12-58-54/ripple/combined/multi/,p_x_given_n[846].png,2026-09-16 20:46:33+00:00,5291,pin01_one_fet11-01_12-58-54
3485,file,/umms-kdiba/Data/Output/collected_outputs/figures/_temp_individual_posteriors/2026-09-16/pin01_one_fet11-01_12-58-54/ripple/combined/multi/,p_x_given_n[851].png,2026-09-16 20:46:33+00:00,15794,pin01_one_fet11-01_12-58-54
3486,file,/umms-kdiba/Data/Output/collected_outputs/figures/_temp_individual_posteriors/2026-09-16/pin01_one_fet11-01_12-58-54/ripple/combined/multi/,p_x_given_n[853].png,2026-09-16 20:46:33+00:00,12658,pin01_one_fet11-01_12-58-54
3487,file,/umms-kdiba/Data/Output/collected_outputs/figures/_temp_individual_posteriors/2026-09-16/pin01_one_fet11-01_12-58-54/ripple/combined/multi/,p_x_given_n[854].png,2026-09-16 20:46:33+00:00,16966,pin01_one_fet11-01_12-58-54
3488,file,/umms-kdiba/Data/Output/collected_outputs/figures/_temp_individual_posteriors/2026-09-16/pin01_one_fet11-01_12-58-54/ripple/combined/multi/,p_x_given_n[857].png,2026-09-16 20:46:33+00:00,17396,pin01_one_fet11-01_12-58-54
3489,file,/umms-kdiba/Data/Output/collected_outputs/figures/_temp_individual_posteriors/2026-09-16/pin01_one_fet11-01_12-58-54/ripple/combined/multi/,p_x_given_n[858].png,2026-09-16 20:46:33+00:00,14889,pin01_one_fet11-01_12-58-54
3490,file,/umms-kdiba/Data/Output/collected_outputs/figures/_temp_individual_posteriors/2026-09-16/pin01_one_fet11-01_12-58-54/ripple/combined/multi/,p_x_given_n[708].png,2026-09-16 20:46:32+00:00,19164,pin01_one_fet11-01_12-58-54
3491,file,/umms-kdiba/Data/Output/collected_outputs/figures/_temp_individual_posteriors/2026-09-16/pin01_one_fet11-01_12-58-54/ripple/combined/multi/,p_x_given_n[709].png,2026-09-16 20:46:32+00:00,17373,pin01_one_fet11-01_12-58-54
3492,file,/umms-kdiba/Data/Output/collected_outputs/figures/_temp_individual_posteriors/2026-09-16/pin01_one_fet11-01_12-58-54/ripple/combined/multi/,p_x_given_n[710].png,2026-09-16 20:46:32+00:00,15767,pin01_one_fet11-01_12-58-54
3493,file,/umms-kdiba/Data/Output/collected_outputs/figures/_temp_individual_posteriors/2026-09-16/pin01_one_fet11-01_12-58-54/ripple/combined/multi/,p_x_given_n[711].png,2026-09-16 20:46:32+00:00,4292,pin01_one_fet11-01_12-58-54
3494,file,/umms-kdiba/Data/Output/collected_outputs/figures/_temp_individual_posteriors/2026-09-16/pin01_one_fet11-01_12-58-54/ripple/combined/multi/,p_x_given_n[712].png,2026-09-16 20:46:32+00:00,10700,pin01_one_fet11-01_12-58-54
3495,file,/umms-kdiba/Data/Output/collected_outputs/figures/_temp_individual_posteriors/2026-09-16/pin01_one_fet11-01_12-58-54/ripple/combined/multi/,p_x_given_n[714].png,2026-09-16 20:46:32+00:00,17200,pin01_one_fet11-01_12-58-54
3496,file,/umms-kdiba/Data/Output/collected_outputs/figures/_temp_individual_posteriors/2026-09-16/pin01_one_fet11-01_12-58-54/ripple/combined/multi/,p_x_given_n[715].png,2026-09-16 20:46:32+00:00,8554,pin01_one_fet11-01_12-58-54
3497,file,/umms-kdiba/Data/Output/collected_outputs/figures/_temp_individual_posteriors/2026-09-16/pin01_one_fet11-01_12-58-54/ripple/combined/multi/,p_x_given_n[716].png,2026-09-16 20:46:32+00:00,11637,pin01_one_fet11-01_12-58-54
3498,file,/umms-kdiba/Data/Output/collected_outputs/figures/_temp_individual_posteriors/2026-09-16/pin01_one_fet11-01_12-58-54/ripple/combined/multi/,p_x_given_n[717].png,2026-09-16 20:46:32+00:00,18092,pin01_one_fet11-01_12-58-54
3499,file,/umms-kdiba/Data/Output/collected_outputs/figures/_temp_individual_posteriors/2026-09-16/pin01_one_fet11-01_12-58-54/ripple/combined/multi/,p_x_given_n[718].png,2026-09-16 20:46:32+00:00,17717,pin01_one_fet11-01_12-58-54
3500,file,/umms-kdiba/Data/Output/collected_outputs/figures/_temp_individual_posteriors/2026-09-16/pin01_one_fet11-01_12-58-54/ripple/combined/multi/,p_x_given_n[720].png,2026-09-16 20:46:32+00:00,6644,pin01_one_fet11-01_12-58-54
3501,file,/umms-kdiba/Data/Output/collected_outputs/figures/_temp_individual_posteriors/2026-09-16/pin01_one_fet11-01_12-58-54/ripple/combined/multi/,p_x_given_n[721].png,2026-09-16 20:46:32+00:00,5557,pin01_one_fet11-01_12-58-54
3502,file,/umms-kdiba/Data/Output/collected_outputs/figures/_temp_individual_posteriors/2026-09-16/pin01_one_fet11-01_12-58-54/ripple/combined/multi/,p_x_given_n[722].png,2026-09-16 20:46:32+00:00,14978,pin01_one_fet11-01_12-58-54
3503,file,/umms-kdiba/Data/Output/collected_outputs/figures/_temp_individual_posteriors/2026-09-16/pin01_one_fet11-01_12-58-54/ripple/combined/multi/,p_x_given_n[723].png,2026-09-16 20:46:32+00:00,3895,pin01_one_fet11-01_12-58-54
3504,file,/umms-kdiba/Data/Output/collected_outputs/figures/_temp_individual_posteriors/2026-09-16/pin01_one_fet11-01_12-58-54/ripple/combined/multi/,p_x_given_n[725].png,2026-09-16 20:46:32+00:00,6579,pin01_one_fet11-01_12-58-54
3505,file,/umms-kdiba/Data/Output/collected_outputs/figures/_temp_individual_posteriors/2026-09-16/pin01_one_fet11-01_12-58-54/ripple/combined/multi/,p_x_given_n[726].png,2026-09-16 20:46:32+00:00,3158,pin01_one_fet11-01_12-58-54
3506,file,/umms-kdiba/Data/Output/collected_outputs/figures/_temp_individual_posteriors/2026-09-16/pin01_one_fet11-01_12-58-54/ripple/combined/multi/,p_x_given_n[727].png,2026-09-16 20:46:32+00:00,3323,pin01_one_fet11-01_12-58-54
3507,file,/umms-kdiba/Data/Output/collected_outputs/figures/_temp_individual_posteriors/2026-09-16/pin01_one_fet11-01_12-58-54/ripple/combined/multi/,p_x_given_n[728].png,2026-09-16 20:46:32+00:00,7310,pin01_one_fet11-01_12-58-54
3508,file,/umms-kdiba/Data/Output/collected_outputs/figures/_temp_individual_posteriors/2026-09-16/pin01_one_fet11-01_12-58-54/ripple/combined/multi/,p_x_given_n[729].png,2026-09-16 20:46:32+00:00,15471,pin01_one_fet11-01_12-58-54
3509,file,/umms-kdiba/Data/Output/collected_outputs/figures/_temp_individual_posteriors/2026-09-16/pin01_one_fet11-01_12-58-54/ripple/combined/multi/,p_x_given_n[730].png,2026-09-16 20:46:32+00:00,18435,pin01_one_fet11-01_12-58-54
3510,file,/umms-kdiba/Data/Output/collected_outputs/figures/_temp_individual_posteriors/2026-09-16/pin01_one_fet11-01_12-58-54/ripple/combined/multi/,p_x_given_n[732].png,2026-09-16 20:46:32+00:00,17776,pin01_one_fet11-01_12-58-54
3511,file,/umms-kdiba/Data/Output/collected_outputs/figures/_temp_individual_posteriors/2026-09-16/pin01_one_fet11-01_12-58-54/ripple/combined/multi/,p_x_given_n[735].png,2026-09-16 20:46:32+00:00,14766,pin01_one_fet11-01_12-58-54
3512,file,/umms-kdiba/Data/Output/collected_outputs/figures/_temp_individual_posteriors/2026-09-16/pin01_one_fet11-01_12-58-54/ripple/combined/multi/,p_x_given_n[736].png,2026-09-16 20:46:32+00:00,17968,pin01_one_fet11-01_12-58-54
3513,file,/umms-kdiba/Data/Output/collected_outputs/figures/_temp_individual_posteriors/2026-09-16/pin01_one_fet11-01_12-58-54/ripple/combined/multi/,p_x_given_n[737].png,2026-09-16 20:46:32+00:00,16402,pin01_one_fet11-01_12-58-54
3514,file,/umms-kdiba/Data/Output/collected_outputs/figures/_temp_individual_posteriors/2026-09-16/pin01_one_fet11-01_12-58-54/ripple/combined/multi/,p_x_given_n[738].png,2026-09-16 20:46:32+00:00,17841,pin01_one_fet11-01_12-58-54
3515,file,/umms-kdiba/Data/Output/collected_outputs/figures/_temp_individual_posteriors/2026-09-16/pin01_one_fet11-01_12-58-54/ripple/combined/multi/,p_x_given_n[739].png,2026-09-16 20:46:32+00:00,12940,pin01_one_fet11-01_12-58-54
3516,file,/umms-kdiba/Data/Output/collected_outputs/figures/_temp_individual_posteriors/2026-09-16/pin01_one_fet11-01_12-58-54/ripple/combined/multi/,p_x_given_n[741].png,2026-09-16 20:46:32+00:00,11931,pin01_one_fet11-01_12-58-54
3517,file,/umms-kdiba/Data/Output/collected_outputs/figures/_temp_individual_posteriors/2026-09-16/pin01_one_fet11-01_12-58-54/ripple/combined/multi/,p_x_given_n[743].png,2026-09-16 20:46:32+00:00,17565,pin01_one_fet11-01_12-58-54
3518,file,/umms-kdiba/Data/Output/collected_outputs/figures/_temp_individual_posteriors/2026-09-16/pin01_one_fet11-01_12-58-54/ripple/combined/multi/,p_x_given_n[744].png,2026-09-16 20:46:32+00:00,9372,pin01_one_fet11-01_12-58-54
3519,file,/umms-kdiba/Data/Output/collected_outputs/figures/_temp_individual_posteriors/2026-09-16/pin01_one_fet11-01_12-58-54/ripple/combined/multi/,p_x_given_n[748].png,2026-09-16 20:46:32+00:00,3633,pin01_one_fet11-01_12-58-54
3520,file,/umms-kdiba/Data/Output/collected_outputs/figures/_temp_individual_posteriors/2026-09-16/pin01_one_fet11-01_12-58-54/ripple/combined/multi/,p_x_given_n[749].png,2026-09-16 20:46:32+00:00,18423,pin01_one_fet11-01_12-58-54
3521,file,/umms-kdiba/Data/Output/collected_outputs/figures/_temp_individual_posteriors/2026-09-16/pin01_one_fet11-01_12-58-54/ripple/combined/multi/,p_x_given_n[750].png,2026-09-16 20:46:32+00:00,13221,pin01_one_fet11-01_12-58-54
3522,file,/umms-kdiba/Data/Output/collected_outputs/figures/_temp_individual_posteriors/2026-09-16/pin01_one_fet11-01_12-58-54/ripple/combined/multi/,p_x_given_n[751].png,2026-09-16 20:46:32+00:00,9104,pin01_one_fet11-01_12-58-54
3523,file,/umms-kdiba/Data/Output/collected_outputs/figures/_temp_individual_posteriors/2026-09-16/pin01_one_fet11-01_12-58-54/ripple/combined/multi/,p_x_given_n[752].png,2026-09-16 20:46:32+00:00,18168,pin01_one_fet11-01_12-58-54
3524,file,/umms-kdiba/Data/Output/collected_outputs/figures/_temp_individual_posteriors/2026-09-16/pin01_one_fet11-01_12-58-54/ripple/combined/multi/,p_x_given_n[755].png,2026-09-16 20:46:32+00:00,11257,pin01_one_fet11-01_12-58-54
3525,file,/umms-kdiba/Data/Output/collected_outputs/figures/_temp_individual_posteriors/2026-09-16/pin01_one_fet11-01_12-58-54/ripple/combined/multi/,p_x_given_n[756].png,2026-09-16 20:46:32+00:00,16756,pin01_one_fet11-01_12-58-54
3526,file,/umms-kdiba/Data/Output/collected_outputs/figures/_temp_individual_posteriors/2026-09-16/pin01_one_fet11-01_12-58-54/ripple/combined/multi/,p_x_given_n[757].png,2026-09-16 20:46:32+00:00,10876,pin01_one_fet11-01_12-58-54
3527,file,/umms-kdiba/Data/Output/collected_outputs/figures/_temp_individual_posteriors/2026-09-16/pin01_one_fet11-01_12-58-54/ripple/combined/multi/,p_x_given_n[758].png,2026-09-16 20:46:32+00:00,3209,pin01_one_fet11-01_12-58-54
3528,file,/umms-kdiba/Data/Output/collected_outputs/figures/_temp_individual_posteriors/2026-09-16/pin01_one_fet11-01_12-58-54/ripple/combined/multi/,p_x_given_n[759].png,2026-09-16 20:46:32+00:00,3409,pin01_one_fet11-01_12-58-54
3529,file,/umms-kdiba/Data/Output/collected_outputs/figures/_temp_individual_posteriors/2026-09-16/pin01_one_fet11-01_12-58-54/ripple/combined/multi/,p_x_given_n[761].png,2026-09-16 20:46:32+00:00,12095,pin01_one_fet11-01_12-58-54
3530,file,/umms-kdiba/Data/Output/collected_outputs/figures/_temp_individual_posteriors/2026-09-16/pin01_one_fet11-01_12-58-54/ripple/combined/multi/,p_x_given_n[762].png,2026-09-16 20:46:32+00:00,12812,pin01_one_fet11-01_12-58-54
3531,file,/umms-kdiba/Data/Output/collected_outputs/figures/_temp_individual_posteriors/2026-09-16/pin01_one_fet11-01_12-58-54/ripple/combined/multi/,p_x_given_n[763].png,2026-09-16 20:46:32+00:00,17277,pin01_one_fet11-01_12-58-54
3532,file,/umms-kdiba/Data/Output/collected_outputs/figures/_temp_individual_posteriors/2026-09-16/pin01_one_fet11-01_12-58-54/ripple/combined/multi/,p_x_given_n[765].png,2026-09-16 20:46:32+00:00,6329,pin01_one_fet11-01_12-58-54
3533,file,/umms-kdiba/Data/Output/collected_outputs/figures/_temp_individual_posteriors/2026-09-16/pin01_one_fet11-01_12-58-54/ripple/combined/multi/,p_x_given_n[769].png,2026-09-16 20:46:32+00:00,15839,pin01_one_fet11-01_12-58-54
3534,file,/umms-kdiba/Data/Output/collected_outputs/figures/_temp_individual_posteriors/2026-09-16/pin01_one_fet11-01_12-58-54/ripple/combined/multi/,p_x_given_n[770].png,2026-09-16 20:46:32+00:00,16749,pin01_one_fet11-01_12-58-54
3535,file,/umms-kdiba/Data/Output/collected_outputs/figures/_temp_individual_posteriors/2026-09-16/pin01_one_fet11-01_12-58-54/ripple/combined/multi/,p_x_given_n[639].png,2026-09-16 20:46:31+00:00,14089,pin01_one_fet11-01_12-58-54
3536,file,/umms-kdiba/Data/Output/collected_outputs/figures/_temp_individual_posteriors/2026-09-16/pin01_one_fet11-01_12-58-54/ripple/combined/multi/,p_x_given_n[640].png,2026-09-16 20:46:31+00:00,13314,pin01_one_fet11-01_12-58-54
3537,file,/umms-kdiba/Data/Output/collected_outputs/figures/_temp_individual_posteriors/2026-09-16/pin01_one_fet11-01_12-58-54/ripple/combined/multi/,p_x_given_n[641].png,2026-09-16 20:46:31+00:00,13964,pin01_one_fet11-01_12-58-54
3538,file,/umms-kdiba/Data/Output/collected_outputs/figures/_temp_individual_posteriors/2026-09-16/pin01_one_fet11-01_12-58-54/ripple/combined/multi/,p_x_given_n[643].png,2026-09-16 20:46:31+00:00,17544,pin01_one_fet11-01_12-58-54
3539,file,/umms-kdiba/Data/Output/collected_outputs/figures/_temp_individual_posteriors/2026-09-16/pin01_one_fet11-01_12-58-54/ripple/combined/multi/,p_x_given_n[645].png,2026-09-16 20:46:31+00:00,13003,pin01_one_fet11-01_12-58-54
3540,file,/umms-kdiba/Data/Output/collected_outputs/figures/_temp_individual_posteriors/2026-09-16/pin01_one_fet11-01_12-58-54/ripple/combined/multi/,p_x_given_n[646].png,2026-09-16 20:46:31+00:00,14143,pin01_one_fet11-01_12-58-54
3541,file,/umms-kdiba/Data/Output/collected_outputs/figures/_temp_individual_posteriors/2026-09-16/pin01_one_fet11-01_12-58-54/ripple/combined/multi/,p_x_given_n[648].png,2026-09-16 20:46:31+00:00,17249,pin01_one_fet11-01_12-58-54
3542,file,/umms-kdiba/Data/Output/collected_outputs/figures/_temp_individual_posteriors/2026-09-16/pin01_one_fet11-01_12-58-54/ripple/combined/multi/,p_x_given_n[649].png,2026-09-16 20:46:31+00:00,20020,pin01_one_fet11-01_12-58-54
3543,file,/umms-kdiba/Data/Output/collected_outputs/figures/_temp_individual_posteriors/2026-09-16/pin01_one_fet11-01_12-58-54/ripple/combined/multi/,p_x_given_n[650].png,2026-09-16 20:46:31+00:00,14989,pin01_one_fet11-01_12-58-54
3544,file,/umms-kdiba/Data/Output/collected_outputs/figures/_temp_individual_posteriors/2026-09-16/pin01_one_fet11-01_12-58-54/ripple/combined/multi/,p_x_given_n[653].png,2026-09-16 20:46:31+00:00,14758,pin01_one_fet11-01_12-58-54
3545,file,/umms-kdiba/Data/Output/collected_outputs/figures/_temp_individual_posteriors/2026-09-16/pin01_one_fet11-01_12-58-54/ripple/combined/multi/,p_x_given_n[656].png,2026-09-16 20:46:31+00:00,21963,pin01_one_fet11-01_12-58-54
3546,file,/umms-kdiba/Data/Output/collected_outputs/figures/_temp_individual_posteriors/2026-09-16/pin01_one_fet11-01_12-58-54/ripple/combined/multi/,p_x_given_n[657].png,2026-09-16 20:46:31+00:00,7057,pin01_one_fet11-01_12-58-54
3547,file,/umms-kdiba/Data/Output/collected_outputs/figures/_temp_individual_posteriors/2026-09-16/pin01_one_fet11-01_12-58-54/ripple/combined/multi/,p_x_given_n[658].png,2026-09-16 20:46:31+00:00,13532,pin01_one_fet11-01_12-58-54
3548,file,/umms-kdiba/Data/Output/collected_outputs/figures/_temp_individual_posteriors/2026-09-16/pin01_one_fet11-01_12-58-54/ripple/combined/multi/,p_x_given_n[659].png,2026-09-16 20:46:31+00:00,16906,pin01_one_fet11-01_12-58-54
3549,file,/umms-kdiba/Data/Output/collected_outputs/figures/_temp_individual_posteriors/2026-09-16/pin01_one_fet11-01_12-58-54/ripple/combined/multi/,p_x_given_n[660].png,2026-09-16 20:46:31+00:00,18073,pin01_one_fet11-01_12-58-54
3550,file,/umms-kdiba/Data/Output/collected_outputs/figures/_temp_individual_posteriors/2026-09-16/pin01_one_fet11-01_12-58-54/ripple/combined/multi/,p_x_given_n[661].png,2026-09-16 20:46:31+00:00,11871,pin01_one_fet11-01_12-58-54
3551,file,/umms-kdiba/Data/Output/collected_outputs/figures/_temp_individual_posteriors/2026-09-16/pin01_one_fet11-01_12-58-54/ripple/combined/multi/,p_x_given_n[662].png,2026-09-16 20:46:31+00:00,13431,pin01_one_fet11-01_12-58-54
3552,file,/umms-kdiba/Data/Output/collected_outputs/figures/_temp_individual_posteriors/2026-09-16/pin01_one_fet11-01_12-58-54/ripple/combined/multi/,p_x_given_n[663].png,2026-09-16 20:46:31+00:00,17196,pin01_one_fet11-01_12-58-54
3553,file,/umms-kdiba/Data/Output/collected_outputs/figures/_temp_individual_posteriors/2026-09-16/pin01_one_fet11-01_12-58-54/ripple/combined/multi/,p_x_given_n[664].png,2026-09-16 20:46:31+00:00,17410,pin01_one_fet11-01_12-58-54
3554,file,/umms-kdiba/Data/Output/collected_outputs/figures/_temp_individual_posteriors/2026-09-16/pin01_one_fet11-01_12-58-54/ripple/combined/multi/,p_x_given_n[665].png,2026-09-16 20:46:31+00:00,10000,pin01_one_fet11-01_12-58-54
3555,file,/umms-kdiba/Data/Output/collected_outputs/figures/_temp_individual_posteriors/2026-09-16/pin01_one_fet11-01_12-58-54/ripple/combined/multi/,p_x_given_n[666].png,2026-09-16 20:46:31+00:00,11723,pin01_one_fet11-01_12-58-54
3556,file,/umms-kdiba/Data/Output/collected_outputs/figures/_temp_individual_posteriors/2026-09-16/pin01_one_fet11-01_12-58-54/ripple/combined/multi/,p_x_given_n[669].png,2026-09-16 20:46:31+00:00,15979,pin01_one_fet11-01_12-58-54
3557,file,/umms-kdiba/Data/Output/collected_outputs/figures/_temp_individual_posteriors/2026-09-16/pin01_one_fet11-01_12-58-54/ripple/combined/multi/,p_x_given_n[672].png,2026-09-16 20:46:31+00:00,19584,pin01_one_fet11-01_12-58-54
3558,file,/umms-kdiba/Data/Output/collected_outputs/figures/_temp_individual_posteriors/2026-09-16/pin01_one_fet11-01_12-58-54/ripple/combined/multi/,p_x_given_n[673].png,2026-09-16 20:46:31+00:00,17654,pin01_one_fet11-01_12-58-54
3559,file,/umms-kdiba/Data/Output/collected_outputs/figures/_temp_individual_posteriors/2026-09-16/pin01_one_fet11-01_12-58-54/ripple/combined/multi/,p_x_given_n[674].png,2026-09-16 20:46:31+00:00,20018,pin01_one_fet11-01_12-58-54
3560,file,/umms-kdiba/Data/Output/collected_outputs/figures/_temp_individual_posteriors/2026-09-16/pin01_one_fet11-01_12-58-54/ripple/combined/multi/,p_x_given_n[677].png,2026-09-16 20:46:31+00:00,17433,pin01_one_fet11-01_12-58-54
3561,file,/umms-kdiba/Data/Output/collected_outputs/figures/_temp_individual_posteriors/2026-09-16/pin01_one_fet11-01_12-58-54/ripple/combined/multi/,p_x_given_n[678].png,2026-09-16 20:46:31+00:00,15019,pin01_one_fet11-01_12-58-54
3562,file,/umms-kdiba/Data/Output/collected_outputs/figures/_temp_individual_posteriors/2026-09-16/pin01_one_fet11-01_12-58-54/ripple/combined/multi/,p_x_given_n[680].png,2026-09-16 20:46:31+00:00,21900,pin01_one_fet11-01_12-58-54
3563,file,/umms-kdiba/Data/Output/collected_outputs/figures/_temp_individual_posteriors/2026-09-16/pin01_one_fet11-01_12-58-54/ripple/combined/multi/,p_x_given_n[681].png,2026-09-16 20:46:31+00:00,3399,pin01_one_fet11-01_12-58-54
3564,file,/umms-kdiba/Data/Output/collected_outputs/figures/_temp_individual_posteriors/2026-09-16/pin01_one_fet11-01_12-58-54/ripple/combined/multi/,p_x_given_n[683].png,2026-09-16 20:46:31+00:00,20551,pin01_one_fet11-01_12-58-54
3565,file,/umms-kdiba/Data/Output/collected_outputs/figures/_temp_individual_posteriors/2026-09-16/pin01_one_fet11-01_12-58-54/ripple/combined/multi/,p_x_given_n[684].png,2026-09-16 20:46:31+00:00,15014,pin01_one_fet11-01_12-58-54
3566,file,/umms-kdiba/Data/Output/collected_outputs/figures/_temp_individual_posteriors/2026-09-16/pin01_one_fet11-01_12-58-54/ripple/combined/multi/,p_x_given_n[686].png,2026-09-16 20:46:31+00:00,13415,pin01_one_fet11-01_12-58-54
3567,file,/umms-kdiba/Data/Output/collected_outputs/figures/_temp_individual_posteriors/2026-09-16/pin01_one_fet11-01_12-58-54/ripple/combined/multi/,p_x_given_n[690].png,2026-09-16 20:46:31+00:00,8107,pin01_one_fet11-01_12-58-54
3568,file,/umms-kdiba/Data/Output/collected_outputs/figures/_temp_individual_posteriors/2026-09-16/pin01_one_fet11-01_12-58-54/ripple/combined/multi/,p_x_given_n[691].png,2026-09-16 20:46:31+00:00,13186,pin01_one_fet11-01_12-58-54
3569,file,/umms-kdiba/Data/Output/collected_outputs/figures/_temp_individual_posteriors/2026-09-16/pin01_one_fet11-01_12-58-54/ripple/combined/multi/,p_x_given_n[692].png,2026-09-16 20:46:31+00:00,17281,pin01_one_fet11-01_12-58-54
3570,file,/umms-kdiba/Data/Output/collected_outputs/figures/_temp_individual_posteriors/2026-09-16/pin01_one_fet11-01_12-58-54/ripple/combined/multi/,p_x_given_n[693].png,2026-09-16 20:46:31+00:00,4182,pin01_one_fet11-01_12-58-54
3571,file,/umms-kdiba/Data/Output/collected_outputs/figures/_temp_individual_posteriors/2026-09-16/pin01_one_fet11-01_12-58-54/ripple/combined/multi/,p_x_given_n[696].png,2026-09-16 20:46:31+00:00,16979,pin01_one_fet11-01_12-58-54
3572,file,/umms-kdiba/Data/Output/collected_outputs/figures/_temp_individual_posteriors/2026-09-16/pin01_one_fet11-01_12-58-54/ripple/combined/multi/,p_x_given_n[698].png,2026-09-16 20:46:31+00:00,13583,pin01_one_fet11-01_12-58-54
3573,file,/umms-kdiba/Data/Output/collected_outputs/figures/_temp_individual_posteriors/2026-09-16/pin01_one_fet11-01_12-58-54/ripple/combined/multi/,p_x_given_n[699].png,2026-09-16 20:46:31+00:00,14496,pin01_one_fet11-01_12-58-54
3574,file,/umms-kdiba/Data/Output/collected_outputs/figures/_temp_individual_posteriors/2026-09-16/pin01_one_fet11-01_12-58-54/ripple/combined/multi/,p_x_given_n[700].png,2026-09-16 20:46:31+00:00,7244,pin01_one_fet11-01_12-58-54
3575,file,/umms-kdiba/Data/Output/collected_outputs/figures/_temp_individual_posteriors/2026-09-16/pin01_one_fet11-01_12-58-54/ripple/combined/multi/,p_x_given_n[701].png,2026-09-16 20:46:31+00:00,6637,pin01_one_fet11-01_12-58-54
3576,file,/umms-kdiba/Data/Output/collected_outputs/figures/_temp_individual_posteriors/2026-09-16/pin01_one_fet11-01_12-58-54/ripple/combined/multi/,p_x_given_n[704].png,2026-09-16 20:46:31+00:00,9853,pin01_one_fet11-01_12-58-54
3577,file,/umms-kdiba/Data/Output/collected_outputs/figures/_temp_individual_posteriors/2026-09-16/pin01_one_fet11-01_12-58-54/ripple/combined/multi/,p_x_given_n[706].png,2026-09-16 20:46:31+00:00,13236,pin01_one_fet11-01_12-58-54
3578,file,/umms-kdiba/Data/Output/collected_outputs/figures/_temp_individual_posteriors/2026-09-16/pin01_one_fet11-01_12-58-54/ripple/combined/multi/,p_x_given_n[707].png,2026-09-16 20:46:31+00:00,3550,pin01_one_fet11-01_12-58-54
3579,file,/umms-kdiba/Data/Output/collected_outputs/figures/_temp_individual_posteriors/2026-09-16/pin01_one_fet11-01_12-58-54/ripple/combined/multi/,p_x_given_n[582].png,2026-09-16 20:46:30+00:00,18574,pin01_one_fet11-01_12-58-54
3580,file,/umms-kdiba/Data/Output/collected_outputs/figures/_temp_individual_posteriors/2026-09-16/pin01_one_fet11-01_12-58-54/ripple/combined/multi/,p_x_given_n[584].png,2026-09-16 20:46:30+00:00,17763,pin01_one_fet11-01_12-58-54
3581,file,/umms-kdiba/Data/Output/collected_outputs/figures/_temp_individual_posteriors/2026-09-16/pin01_one_fet11-01_12-58-54/ripple/combined/multi/,p_x_given_n[585].png,2026-09-16 20:46:30+00:00,16179,pin01_one_fet11-01_12-58-54
3582,file,/umms-kdiba/Data/Output/collected_outputs/figures/_temp_individual_posteriors/2026-09-16/pin01_one_fet11-01_12-58-54/ripple/combined/multi/,p_x_given_n[586].png,2026-09-16 20:46:30+00:00,22872,pin01_one_fet11-01_12-58-54
3583,file,/umms-kdiba/Data/Output/collected_outputs/figures/_temp_individual_posteriors/2026-09-16/pin01_one_fet11-01_12-58-54/ripple/combined/multi/,p_x_given_n[587].png,2026-09-16 20:46:30+00:00,22353,pin01_one_fet11-01_12-58-54
3584,file,/umms-kdiba/Data/Output/collected_outputs/figures/_temp_individual_posteriors/2026-09-16/pin01_one_fet11-01_12-58-54/ripple/combined/multi/,p_x_given_n[588].png,2026-09-16 20:46:30+00:00,19281,pin01_one_fet11-01_12-58-54
3585,file,/umms-kdiba/Data/Output/collected_outputs/figures/_temp_individual_posteriors/2026-09-16/pin01_one_fet11-01_12-58-54/ripple/combined/multi/,p_x_given_n[589].png,2026-09-16 20:46:30+00:00,21677,pin01_one_fet11-01_12-58-54
3586,file,/umms-kdiba/Data/Output/collected_outputs/figures/_temp_individual_posteriors/2026-09-16/pin01_one_fet11-01_12-58-54/ripple/combined/multi/,p_x_given_n[590].png,2026-09-16 20:46:30+00:00,19413,pin01_one_fet11-01_12-58-54
3587,file,/umms-kdiba/Data/Output/collected_outputs/figures/_temp_individual_posteriors/2026-09-16/pin01_one_fet11-01_12-58-54/ripple/combined/multi/,p_x_given_n[592].png,2026-09-16 20:46:30+00:00,16936,pin01_one_fet11-01_12-58-54
3588,file,/umms-kdiba/Data/Output/collected_outputs/figures/_temp_individual_posteriors/2026-09-16/pin01_one_fet11-01_12-58-54/ripple/combined/multi/,p_x_given_n[594].png,2026-09-16 20:46:30+00:00,17376,pin01_one_fet11-01_12-58-54
3589,file,/umms-kdiba/Data/Output/collected_outputs/figures/_temp_individual_posteriors/2026-09-16/pin01_one_fet11-01_12-58-54/ripple/combined/multi/,p_x_given_n[595].png,2026-09-16 20:46:30+00:00,18601,pin01_one_fet11-01_12-58-54
3590,file,/umms-kdiba/Data/Output/collected_outputs/figures/_temp_individual_posteriors/2026-09-16/pin01_one_fet11-01_12-58-54/ripple/combined/multi/,p_x_given_n[596].png,2026-09-16 20:46:30+00:00,18452,pin01_one_fet11-01_12-58-54
3591,file,/umms-kdiba/Data/Output/collected_outputs/figures/_temp_individual_posteriors/2026-09-16/pin01_one_fet11-01_12-58-54/ripple/combined/multi/,p_x_given_n[598].png,2026-09-16 20:46:30+00:00,10511,pin01_one_fet11-01_12-58-54
3592,file,/umms-kdiba/Data/Output/collected_outputs/figures/_temp_individual_posteriors/2026-09-16/pin01_one_fet11-01_12-58-54/ripple/combined/multi/,p_x_given_n[599].png,2026-09-16 20:46:30+00:00,9724,pin01_one_fet11-01_12-58-54
3593,file,/umms-kdiba/Data/Output/collected_outputs/figures/_temp_individual_posteriors/2026-09-16/pin01_one_fet11-01_12-58-54/ripple/combined/multi/,p_x_given_n[600].png,2026-09-16 20:46:30+00:00,18149,pin01_one_fet11-01_12-58-54
3594,file,/umms-kdiba/Data/Output/collected_outputs/figures/_temp_individual_posteriors/2026-09-16/pin01_one_fet11-01_12-58-54/ripple/combined/multi/,p_x_given_n[601].png,2026-09-16 20:46:30+00:00,18826,pin01_one_fet11-01_12-58-54
3595,file,/umms-kdiba/Data/Output/collected_outputs/figures/_temp_individual_posteriors/2026-09-16/pin01_one_fet11-01_12-58-54/ripple/combined/multi/,p_x_given_n[602].png,2026-09-16 20:46:30+00:00,16957,pin01_one_fet11-01_12-58-54
3596,file,/umms-kdiba/Data/Output/collected_outputs/figures/_temp_individual_posteriors/2026-09-16/pin01_one_fet11-01_12-58-54/ripple/combined/multi/,p_x_given_n[603].png,2026-09-16 20:46:30+00:00,20536,pin01_one_fet11-01_12-58-54
3597,file,/umms-kdiba/Data/Output/collected_outputs/figures/_temp_individual_posteriors/2026-09-16/pin01_one_fet11-01_12-58-54/ripple/combined/multi/,p_x_given_n[604].png,2026-09-16 20:46:30+00:00,13266,pin01_one_fet11-01_12-58-54
3598,file,/umms-kdiba/Data/Output/collected_outputs/figures/_temp_individual_posteriors/2026-09-16/pin01_one_fet11-01_12-58-54/ripple/combined/multi/,p_x_given_n[605].png,2026-09-16 20:46:30+00:00,20453,pin01_one_fet11-01_12-58-54
3599,file,/umms-kdiba/Data/Output/collected_outputs/figures/_temp_individual_posteriors/2026-09-16/pin01_one_fet11-01_12-58-54/ripple/combined/multi/,p_x_given_n[607].png,2026-09-16 20:46:30+00:00,17206,pin01_one_fet11-01_12-58-54
3600,file,/umms-kdiba/Data/Output/collected_outputs/figures/_temp_individual_posteriors/2026-09-16/pin01_one_fet11-01_12-58-54/ripple/combined/multi/,p_x_given_n[609].png,2026-09-16 20:46:30+00:00,17071,pin01_one_fet11-01_12-58-54
3601,file,/umms-kdiba/Data/Output/collected_outputs/figures/_temp_individual_posteriors/2026-09-16/pin01_one_fet11-01_12-58-54/ripple/combined/multi/,p_x_given_n[611].png,2026-09-16 20:46:30+00:00,21472,pin01_one_fet11-01_12-58-54
3602,file,/umms-kdiba/Data/Output/collected_outputs/figures/_temp_individual_posteriors/2026-09-16/pin01_one_fet11-01_12-58-54/ripple/combined/multi/,p_x_given_n[612].png,2026-09-16 20:46:30+00:00,12648,pin01_one_fet11-01_12-58-54
3603,file,/umms-kdiba/Data/Output/collected_outputs/figures/_temp_individual_posteriors/2026-09-16/pin01_one_fet11-01_12-58-54/ripple/combined/multi/,p_x_given_n[614].png,2026-09-16 20:46:30+00:00,16244,pin01_one_fet11-01_12-58-54
3604,file,/umms-kdiba/Data/Output/collected_outputs/figures/_temp_individual_posteriors/2026-09-16/pin01_one_fet11-01_12-58-54/ripple/combined/multi/,p_x_given_n[615].png,2026-09-16 20:46:30+00:00,21046,pin01_one_fet11-01_12-58-54
3605,file,/umms-kdiba/Data/Output/collected_outputs/figures/_temp_individual_posteriors/2026-09-16/pin01_one_fet11-01_12-58-54/ripple/combined/multi/,p_x_given_n[618].png,2026-09-16 20:46:30+00:00,12284,pin01_one_fet11-01_12-58-54
3606,file,/umms-kdiba/Data/Output/collected_outputs/figures/_temp_individual_posteriors/2026-09-16/pin01_one_fet11-01_12-58-54/ripple/combined/multi/,p_x_given_n[619].png,2026-09-16 20:46:30+00:00,15119,pin01_one_fet11-01_12-58-54
3607,file,/umms-kdiba/Data/Output/collected_outputs/figures/_temp_individual_posteriors/2026-09-16/pin01_one_fet11-01_12-58-54/ripple/combined/multi/,p_x_given_n[622].png,2026-09-16 20:46:30+00:00,13007,pin01_one_fet11-01_12-58-54
3608,file,/umms-kdiba/Data/Output/collected_outputs/figures/_temp_individual_posteriors/2026-09-16/pin01_one_fet11-01_12-58-54/ripple/combined/multi/,p_x_given_n[624].png,2026-09-16 20:46:30+00:00,15349,pin01_one_fet11-01_12-58-54
3609,file,/umms-kdiba/Data/Output/collected_outputs/figures/_temp_individual_posteriors/2026-09-16/pin01_one_fet11-01_12-58-54/ripple/combined/multi/,p_x_given_n[626].png,2026-09-16 20:46:30+00:00,3672,pin01_one_fet11-01_12-58-54
3610,file,/umms-kdiba/Data/Output/collected_outputs/figures/_temp_individual_posteriors/2026-09-16/pin01_one_fet11-01_12-58-54/ripple/combined/multi/,p_x_given_n[627].png,2026-09-16 20:46:30+00:00,11665,pin01_one_fet11-01_12-58-54
3611,file,/umms-kdiba/Data/Output/collected_outputs/figures/_temp_individual_posteriors/2026-09-16/pin01_one_fet11-01_12-58-54/ripple/combined/multi/,p_x_given_n[628].png,2026-09-16 20:46:30+00:00,11334,pin01_one_fet11-01_12-58-54
3612,file,/umms-kdiba/Data/Output/collected_outputs/figures/_temp_individual_posteriors/2026-09-16/pin01_one_fet11-01_12-58-54/ripple/combined/multi/,p_x_given_n[629].png,2026-09-16 20:46:30+00:00,12928,pin01_one_fet11-01_12-58-54
3613,file,/umms-kdiba/Data/Output/collected_outputs/figures/_temp_individual_posteriors/2026-09-16/pin01_one_fet11-01_12-58-54/ripple/combined/multi/,p_x_given_n[630].png,2026-09-16 20:46:30+00:00,13063,pin01_one_fet11-01_12-58-54
3614,file,/umms-kdiba/Data/Output/collected_outputs/figures/_temp_individual_posteriors/2026-09-16/pin01_one_fet11-01_12-58-54/ripple/combined/multi/,p_x_given_n[631].png,2026-09-16 20:46:30+00:00,17267,pin01_one_fet11-01_12-58-54
3615,file,/umms-kdiba/Data/Output/collected_outputs/figures/_temp_individual_posteriors/2026-09-16/pin01_one_fet11-01_12-58-54/ripple/combined/multi/,p_x_given_n[632].png,2026-09-16 20:46:30+00:00,11770,pin01_one_fet11-01_12-58-54
3616,file,/umms-kdiba/Data/Output/collected_outputs/figures/_temp_individual_posteriors/2026-09-16/pin01_one_fet11-01_12-58-54/ripple/combined/multi/,p_x_given_n[634].png,2026-09-16 20:46:30+00:00,10818,pin01_one_fet11-01_12-58-54
3617,file,/umms-kdiba/Data/Output/collected_outputs/figures/_temp_individual_posteriors/2026-09-16/pin01_one_fet11-01_12-58-54/ripple/combined/multi/,p_x_given_n[635].png,2026-09-16 20:46:30+00:00,17434,pin01_one_fet11-01_12-58-54
3618,file,/umms-kdiba/Data/Output/collected_outputs/figures/_temp_individual_posteriors/2026-09-16/pin01_one_fet11-01_12-58-54/ripple/combined/multi/,p_x_given_n[637].png,2026-09-16 20:46:30+00:00,13738,pin01_one_fet11-01_12-58-54
3619,file,/umms-kdiba/Data/Output/collected_outputs/figures/_temp_individual_posteriors/2026-09-16/pin01_one_fet11-01_12-58-54/ripple/combined/multi/,p_x_given_n[515].png,2026-09-16 20:46:29+00:00,15313,pin01_one_fet11-01_12-58-54
3620,file,/umms-kdiba/Data/Output/collected_outputs/figures/_temp_individual_posteriors/2026-09-16/pin01_one_fet11-01_12-58-54/ripple/combined/multi/,p_x_given_n[517].png,2026-09-16 20:46:29+00:00,16068,pin01_one_fet11-01_12-58-54
3621,file,/umms-kdiba/Data/Output/collected_outputs/figures/_temp_individual_posteriors/2026-09-16/pin01_one_fet11-01_12-58-54/ripple/combined/multi/,p_x_given_n[518].png,2026-09-16 20:46:29+00:00,19432,pin01_one_fet11-01_12-58-54
3622,file,/umms-kdiba/Data/Output/collected_outputs/figures/_temp_individual_posteriors/2026-09-16/pin01_one_fet11-01_12-58-54/ripple/combined/multi/,p_x_given_n[520].png,2026-09-16 20:46:29+00:00,17175,pin01_one_fet11-01_12-58-54
3623,file,/umms-kdiba/Data/Output/collected_outputs/figures/_temp_individual_posteriors/2026-09-16/pin01_one_fet11-01_12-58-54/ripple/combined/multi/,p_x_given_n[522].png,2026-09-16 20:46:29+00:00,11072,pin01_one_fet11-01_12-58-54
3624,file,/umms-kdiba/Data/Output/collected_outputs/figures/_temp_individual_posteriors/2026-09-16/pin01_one_fet11-01_12-58-54/ripple/combined/multi/,p_x_given_n[524].png,2026-09-16 20:46:29+00:00,15282,pin01_one_fet11-01_12-58-54
3625,file,/umms-kdiba/Data/Output/collected_outputs/figures/_temp_individual_posteriors/2026-09-16/pin01_one_fet11-01_12-58-54/ripple/combined/multi/,p_x_given_n[526].png,2026-09-16 20:46:29+00:00,13542,pin01_one_fet11-01_12-58-54
3626,file,/umms-kdiba/Data/Output/collected_outputs/figures/_temp_individual_posteriors/2026-09-16/pin01_one_fet11-01_12-58-54/ripple/combined/multi/,p_x_given_n[527].png,2026-09-16 20:46:29+00:00,20033,pin01_one_fet11-01_12-58-54
3627,file,/umms-kdiba/Data/Output/collected_outputs/figures/_temp_individual_posteriors/2026-09-16/pin01_one_fet11-01_12-58-54/ripple/combined/multi/,p_x_given_n[529].png,2026-09-16 20:46:29+00:00,10841,pin01_one_fet11-01_12-58-54
3628,file,/umms-kdiba/Data/Output/collected_outputs/figures/_temp_individual_posteriors/2026-09-16/pin01_one_fet11-01_12-58-54/ripple/combined/multi/,p_x_given_n[530].png,2026-09-16 20:46:29+00:00,22040,pin01_one_fet11-01_12-58-54
3629,file,/umms-kdiba/Data/Output/collected_outputs/figures/_temp_individual_posteriors/2026-09-16/pin01_one_fet11-01_12-58-54/ripple/combined/multi/,p_x_given_n[533].png,2026-09-16 20:46:29+00:00,16545,pin01_one_fet11-01_12-58-54
3630,file,/umms-kdiba/Data/Output/collected_outputs/figures/_temp_individual_posteriors/2026-09-16/pin01_one_fet11-01_12-58-54/ripple/combined/multi/,p_x_given_n[534].png,2026-09-16 20:46:29+00:00,22618,pin01_one_fet11-01_12-58-54
3631,file,/umms-kdiba/Data/Output/collected_outputs/figures/_temp_individual_posteriors/2026-09-16/pin01_one_fet11-01_12-58-54/ripple/combined/multi/,p_x_given_n[535].png,2026-09-16 20:46:29+00:00,22546,pin01_one_fet11-01_12-58-54
3632,file,/umms-kdiba/Data/Output/collected_outputs/figures/_temp_individual_posteriors/2026-09-16/pin01_one_fet11-01_12-58-54/ripple/combined/multi/,p_x_given_n[537].png,2026-09-16 20:46:29+00:00,18439,pin01_one_fet11-01_12-58-54
3633,file,/umms-kdiba/Data/Output/collected_outputs/figures/_temp_individual_posteriors/2026-09-16/pin01_one_fet11-01_12-58-54/ripple/combined/multi/,p_x_given_n[539].png,2026-09-16 20:46:29+00:00,12148,pin01_one_fet11-01_12-58-54
3634,file,/umms-kdiba/Data/Output/collected_outputs/figures/_temp_individual_posteriors/2026-09-16/pin01_one_fet11-01_12-58-54/ripple/combined/multi/,p_x_given_n[541].png,2026-09-16 20:46:29+00:00,6783,pin01_one_fet11-01_12-58-54
3635,file,/umms-kdiba/Data/Output/collected_outputs/figures/_temp_individual_posteriors/2026-09-16/pin01_one_fet11-01_12-58-54/ripple/combined/multi/,p_x_given_n[542].png,2026-09-16 20:46:29+00:00,11981,pin01_one_fet11-01_12-58-54
3636,file,/umms-kdiba/Data/Output/collected_outputs/figures/_temp_individual_posteriors/2026-09-16/pin01_one_fet11-01_12-58-54/ripple/combined/multi/,p_x_given_n[544].png,2026-09-16 20:46:29+00:00,14935,pin01_one_fet11-01_12-58-54
3637,file,/umms-kdiba/Data/Output/collected_outputs/figures/_temp_individual_posteriors/2026-09-16/pin01_one_fet11-01_12-58-54/ripple/combined/multi/,p_x_given_n[545].png,2026-09-16 20:46:29+00:00,22486,pin01_one_fet11-01_12-58-54
3638,file,/umms-kdiba/Data/Output/collected_outputs/figures/_temp_individual_posteriors/2026-09-16/pin01_one_fet11-01_12-58-54/ripple/combined/multi/,p_x_given_n[548].png,2026-09-16 20:46:29+00:00,20750,pin01_one_fet11-01_12-58-54
3639,file,/umms-kdiba/Data/Output/collected_outputs/figures/_temp_individual_posteriors/2026-09-16/pin01_one_fet11-01_12-58-54/ripple/combined/multi/,p_x_given_n[549].png,2026-09-16 20:46:29+00:00,10246,pin01_one_fet11-01_12-58-54
3640,file,/umms-kdiba/Data/Output/collected_outputs/figures/_temp_individual_posteriors/2026-09-16/pin01_one_fet11-01_12-58-54/ripple/combined/multi/,p_x_given_n[550].png,2026-09-16 20:46:29+00:00,18190,pin01_one_fet11-01_12-58-54
3641,file,/umms-kdiba/Data/Output/collected_outputs/figures/_temp_individual_posteriors/2026-09-16/pin01_one_fet11-01_12-58-54/ripple/combined/multi/,p_x_given_n[551].png,2026-09-16 20:46:29+00:00,16747,pin01_one_fet11-01_12-58-54
3642,file,/umms-kdiba/Data/Output/collected_outputs/figures/_temp_individual_posteriors/2026-09-16/pin01_one_fet11-01_12-58-54/ripple/combined/multi/,p_x_given_n[552].png,2026-09-16 20:46:29+00:00,9065,pin01_one_fet11-01_12-58-54
3643,file,/umms-kdiba/Data/Output/collected_outputs/figures/_temp_individual_posteriors/2026-09-16/pin01_one_fet11-01_12-58-54/ripple/combined/multi/,p_x_given_n[556].png,2026-09-16 20:46:29+00:00,5483,pin01_one_fet11-01_12-58-54
3644,file,/umms-kdiba/Data/Output/collected_outputs/figures/_temp_individual_posteriors/2026-09-16/pin01_one_fet11-01_12-58-54/ripple/combined/multi/,p_x_given_n[557].png,2026-09-16 20:46:29+00:00,18006,pin01_one_fet11-01_12-58-54
3645,file,/umms-kdiba/Data/Output/collected_outputs/figures/_temp_individual_posteriors/2026-09-16/pin01_one_fet11-01_12-58-54/ripple/combined/multi/,p_x_given_n[558].png,2026-09-16 20:46:29+00:00,10624,pin01_one_fet11-01_12-58-54
3646,file,/umms-kdiba/Data/Output/collected_outputs/figures/_temp_individual_posteriors/2026-09-16/pin01_one_fet11-01_12-58-54/ripple/combined/multi/,p_x_given_n[559].png,2026-09-16 20:46:29+00:00,16333,pin01_one_fet11-01_12-58-54
3647,file,/umms-kdiba/Data/Output/collected_outputs/figures/_temp_individual_posteriors/2026-09-16/pin01_one_fet11-01_12-58-54/ripple/combined/multi/,p_x_given_n[562].png,2026-09-16 20:46:29+00:00,8186,pin01_one_fet11-01_12-58-54
3648,file,/umms-kdiba/Data/Output/collected_outputs/figures/_temp_individual_posteriors/2026-09-16/pin01_one_fet11-01_12-58-54/ripple/combined/multi/,p_x_given_n[563].png,2026-09-16 20:46:29+00:00,19449,pin01_one_fet11-01_12-58-54
3649,file,/umms-kdiba/Data/Output/collected_outputs/figures/_temp_individual_posteriors/2026-09-16/pin01_one_fet11-01_12-58-54/ripple/combined/multi/,p_x_given_n[566].png,2026-09-16 20:46:29+00:00,12029,pin01_one_fet11-01_12-58-54
3650,file,/umms-kdiba/Data/Output/collected_outputs/figures/_temp_individual_posteriors/2026-09-16/pin01_one_fet11-01_12-58-54/ripple/combined/multi/,p_x_given_n[569].png,2026-09-16 20:46:29+00:00,12838,pin01_one_fet11-01_12-58-54
3651,file,/umms-kdiba/Data/Output/collected_outputs/figures/_temp_individual_posteriors/2026-09-16/pin01_one_fet11-01_12-58-54/ripple/combined/multi/,p_x_given_n[571].png,2026-09-16 20:46:29+00:00,12112,pin01_one_fet11-01_12-58-54
3652,file,/umms-kdiba/Data/Output/collected_outputs/figures/_temp_individual_posteriors/2026-09-16/pin01_one_fet11-01_12-58-54/ripple/combined/multi/,p_x_given_n[572].png,2026-09-16 20:46:29+00:00,18801,pin01_one_fet11-01_12-58-54
3653,file,/umms-kdiba/Data/Output/collected_outputs/figures/_temp_individual_posteriors/2026-09-16/pin01_one_fet11-01_12-58-54/ripple/combined/multi/,p_x_given_n[573].png,2026-09-16 20:46:29+00:00,11671,pin01_one_fet11-01_12-58-54
3654,file,/umms-kdiba/Data/Output/collected_outputs/figures/_temp_individual_posteriors/2026-09-16/pin01_one_fet11-01_12-58-54/ripple/combined/multi/,p_x_given_n[574].png,2026-09-16 20:46:29+00:00,19464,pin01_one_fet11-01_12-58-54
3655,file,/umms-kdiba/Data/Output/collected_outputs/figures/_temp_individual_posteriors/2026-09-16/pin01_one_fet11-01_12-58-54/ripple/combined/multi/,p_x_given_n[579].png,2026-09-16 20:46:29+00:00,9172,pin01_one_fet11-01_12-58-54
3656,file,/umms-kdiba/Data/Output/collected_outputs/figures/_temp_individual_posteriors/2026-09-16/pin01_one_fet11-01_12-58-54/ripple/combined/multi/,p_x_given_n[580].png,2026-09-16 20:46:29+00:00,18483,pin01_one_fet11-01_12-58-54
3657,file,/umms-kdiba/Data/Output/collected_outputs/figures/_temp_individual_posteriors/2026-09-16/pin01_one_fet11-01_12-58-54/ripple/combined/multi/,p_x_given_n[581].png,2026-09-16 20:46:29+00:00,8152,pin01_one_fet11-01_12-58-54
3658,file,/umms-kdiba/Data/Output/collected_outputs/figures/_temp_individual_posteriors/2026-09-16/pin01_one_fet11-01_12-58-54/ripple/combined/multi/,p_x_given_n[453].png,2026-09-16 20:46:28+00:00,12514,pin01_one_fet11-01_12-58-54
3659,file,/umms-kdiba/Data/Output/collected_outputs/figures/_temp_individual_posteriors/2026-09-16/pin01_one_fet11-01_12-58-54/ripple/combined/multi/,p_x_given_n[454].png,2026-09-16 20:46:28+00:00,15599,pin01_one_fet11-01_12-58-54
3660,file,/umms-kdiba/Data/Output/collected_outputs/figures/_temp_individual_posteriors/2026-09-16/pin01_one_fet11-01_12-58-54/ripple/combined/multi/,p_x_given_n[455].png,2026-09-16 20:46:28+00:00,7560,pin01_one_fet11-01_12-58-54
3661,file,/umms-kdiba/Data/Output/collected_outputs/figures/_temp_individual_posteriors/2026-09-16/pin01_one_fet11-01_12-58-54/ripple/combined/multi/,p_x_given_n[456].png,2026-09-16 20:46:28+00:00,12892,pin01_one_fet11-01_12-58-54
3662,file,/umms-kdiba/Data/Output/collected_outputs/figures/_temp_individual_posteriors/2026-09-16/pin01_one_fet11-01_12-58-54/ripple/combined/multi/,p_x_given_n[457].png,2026-09-16 20:46:28+00:00,15008,pin01_one_fet11-01_12-58-54
3663,file,/umms-kdiba/Data/Output/collected_outputs/figures/_temp_individual_posteriors/2026-09-16/pin01_one_fet11-01_12-58-54/ripple/combined/multi/,p_x_given_n[458].png,2026-09-16 20:46:28+00:00,18654,pin01_one_fet11-01_12-58-54
3664,file,/umms-kdiba/Data/Output/collected_outputs/figures/_temp_individual_posteriors/2026-09-16/pin01_one_fet11-01_12-58-54/ripple/combined/multi/,p_x_given_n[459].png,2026-09-16 20:46:28+00:00,16652,pin01_one_fet11-01_12-58-54
3665,file,/umms-kdiba/Data/Output/collected_outputs/figures/_temp_individual_posteriors/2026-09-16/pin01_one_fet11-01_12-58-54/ripple/combined/multi/,p_x_given_n[460].png,2026-09-16 20:46:28+00:00,14486,pin01_one_fet11-01_12-58-54
3666,file,/umms-kdiba/Data/Output/collected_outputs/figures/_temp_individual_posteriors/2026-09-16/pin01_one_fet11-01_12-58-54/ripple/combined/multi/,p_x_given_n[461].png,2026-09-16 20:46:28+00:00,17790,pin01_one_fet11-01_12-58-54
3667,file,/umms-kdiba/Data/Output/collected_outputs/figures/_temp_individual_posteriors/2026-09-16/pin01_one_fet11-01_12-58-54/ripple/combined/multi/,p_x_given_n[464].png,2026-09-16 20:46:28+00:00,18975,pin01_one_fet11-01_12-58-54
3668,file,/umms-kdiba/Data/Output/collected_outputs/figures/_temp_individual_posteriors/2026-09-16/pin01_one_fet11-01_12-58-54/ripple/combined/multi/,p_x_given_n[465].png,2026-09-16 20:46:28+00:00,16744,pin01_one_fet11-01_12-58-54
3669,file,/umms-kdiba/Data/Output/collected_outputs/figures/_temp_individual_posteriors/2026-09-16/pin01_one_fet11-01_12-58-54/ripple/combined/multi/,p_x_given_n[467].png,2026-09-16 20:46:28+00:00,17204,pin01_one_fet11-01_12-58-54
3670,file,/umms-kdiba/Data/Output/collected_outputs/figures/_temp_individual_posteriors/2026-09-16/pin01_one_fet11-01_12-58-54/ripple/combined/multi/,p_x_given_n[469].png,2026-09-16 20:46:28+00:00,20199,pin01_one_fet11-01_12-58-54
3671,file,/umms-kdiba/Data/Output/collected_outputs/figures/_temp_individual_posteriors/2026-09-16/pin01_one_fet11-01_12-58-54/ripple/combined/multi/,p_x_given_n[471].png,2026-09-16 20:46:28+00:00,15325,pin01_one_fet11-01_12-58-54
3672,file,/umms-kdiba/Data/Output/collected_outputs/figures/_temp_individual_posteriors/2026-09-16/pin01_one_fet11-01_12-58-54/ripple/combined/multi/,p_x_given_n[473].png,2026-09-16 20:46:28+00:00,16091,pin01_one_fet11-01_12-58-54
3673,file,/umms-kdiba/Data/Output/collected_outputs/figures/_temp_individual_posteriors/2026-09-16/pin01_one_fet11-01_12-58-54/ripple/combined/multi/,p_x_given_n[474].png,2026-09-16 20:46:28+00:00,14207,pin01_one_fet11-01_12-58-54
3674,file,/umms-kdiba/Data/Output/collected_outputs/figures/_temp_individual_posteriors/2026-09-16/pin01_one_fet11-01_12-58-54/ripple/combined/multi/,p_x_given_n[476].png,2026-09-16 20:46:28+00:00,3591,pin01_one_fet11-01_12-58-54
3675,file,/umms-kdiba/Data/Output/collected_outputs/figures/_temp_individual_posteriors/2026-09-16/pin01_one_fet11-01_12-58-54/ripple/combined/multi/,p_x_given_n[477].png,2026-09-16 20:46:28+00:00,15368,pin01_one_fet11-01_12-58-54
3676,file,/umms-kdiba/Data/Output/collected_outputs/figures/_temp_individual_posteriors/2026-09-16/pin01_one_fet11-01_12-58-54/ripple/combined/multi/,p_x_given_n[478].png,2026-09-16 20:46:28+00:00,17282,pin01_one_fet11-01_12-58-54
3677,file,/umms-kdiba/Data/Output/collected_outputs/figures/_temp_individual_posteriors/2026-09-16/pin01_one_fet11-01_12-58-54/ripple/combined/multi/,p_x_given_n[479].png,2026-09-16 20:46:28+00:00,20082,pin01_one_fet11-01_12-58-54
3678,file,/umms-kdiba/Data/Output/collected_outputs/figures/_temp_individual_posteriors/2026-09-16/pin01_one_fet11-01_12-58-54/ripple/combined/multi/,p_x_given_n[480].png,2026-09-16 20:46:28+00:00,18134,pin01_one_fet11-01_12-58-54
3679,file,/umms-kdiba/Data/Output/collected_outputs/figures/_temp_individual_posteriors/2026-09-16/pin01_one_fet11-01_12-58-54/ripple/combined/multi/,p_x_given_n[489].png,2026-09-16 20:46:28+00:00,19510,pin01_one_fet11-01_12-58-54
3680,file,/umms-kdiba/Data/Output/collected_outputs/figures/_temp_individual_posteriors/2026-09-16/pin01_one_fet11-01_12-58-54/ripple/combined/multi/,p_x_given_n[490].png,2026-09-16 20:46:28+00:00,19684,pin01_one_fet11-01_12-58-54
3681,file,/umms-kdiba/Data/Output/collected_outputs/figures/_temp_individual_posteriors/2026-09-16/pin01_one_fet11-01_12-58-54/ripple/combined/multi/,p_x_given_n[491].png,2026-09-16 20:46:28+00:00,17085,pin01_one_fet11-01_12-58-54
3682,file,/umms-kdiba/Data/Output/collected_outputs/figures/_temp_individual_posteriors/2026-09-16/pin01_one_fet11-01_12-58-54/ripple/combined/multi/,p_x_given_n[492].png,2026-09-16 20:46:28+00:00,20536,pin01_one_fet11-01_12-58-54
3683,file,/umms-kdiba/Data/Output/collected_outputs/figures/_temp_individual_posteriors/2026-09-16/pin01_one_fet11-01_12-58-54/ripple/combined/multi/,p_x_given_n[493].png,2026-09-16 20:46:28+00:00,17010,pin01_one_fet11-01_12-58-54
3684,file,/umms-kdiba/Data/Output/collected_outputs/figures/_temp_individual_posteriors/2026-09-16/pin01_one_fet11-01_12-58-54/ripple/combined/multi/,p_x_given_n[498].png,2026-09-16 20:46:28+00:00,17864,pin01_one_fet11-01_12-58-54
3685,file,/umms-kdiba/Data/Output/collected_outputs/figures/_temp_individual_posteriors/2026-09-16/pin01_one_fet11-01_12-58-54/ripple/combined/multi/,p_x_given_n[500].png,2026-09-16 20:46:28+00:00,19070,pin01_one_fet11-01_12-58-54
3686,file,/umms-kdiba/Data/Output/collected_outputs/figures/_temp_individual_posteriors/2026-09-16/pin01_one_fet11-01_12-58-54/ripple/combined/multi/,p_x_given_n[501].png,2026-09-16 20:46:28+00:00,19790,pin01_one_fet11-01_12-58-54
3687,file,/umms-kdiba/Data/Output/collected_outputs/figures/_temp_individual_posteriors/2026-09-16/pin01_one_fet11-01_12-58-54/ripple/combined/multi/,p_x_given_n[502].png,2026-09-16 20:46:28+00:00,22183,pin01_one_fet11-01_12-58-54
3688,file,/umms-kdiba/Data/Output/collected_outputs/figures/_temp_individual_posteriors/2026-09-16/pin01_one_fet11-01_12-58-54/ripple/combined/multi/,p_x_given_n[506].png,2026-09-16 20:46:28+00:00,22752,pin01_one_fet11-01_12-58-54
3689,file,/umms-kdiba/Data/Output/collected_outputs/figures/_temp_individual_posteriors/2026-09-16/pin01_one_fet11-01_12-58-54/ripple/combined/multi/,p_x_given_n[507].png,2026-09-16 20:46:28+00:00,23124,pin01_one_fet11-01_12-58-54
3690,file,/umms-kdiba/Data/Output/collected_outputs/figures/_temp_individual_posteriors/2026-09-16/pin01_one_fet11-01_12-58-54/ripple/combined/multi/,p_x_given_n[509].png,2026-09-16 20:46:28+00:00,20291,pin01_one_fet11-01_12-58-54
3691,file,/umms-kdiba/Data/Output/collected_outputs/figures/_temp_individual_posteriors/2026-09-16/pin01_one_fet11-01_12-58-54/ripple/combined/multi/,p_x_given_n[512].png,2026-09-16 20:46:28+00:00,14511,pin01_one_fet11-01_12-58-54
3692,file,/umms-kdiba/Data/Output/collected_outputs/figures/_temp_individual_posteriors/2026-09-16/pin01_one_fet11-01_12-58-54/ripple/combined/multi/,p_x_given_n[513].png,2026-09-16 20:46:28+00:00,22503,pin01_one_fet11-01_12-58-54
3693,file,/umms-kdiba/Data/Output/collected_outputs/figures/_temp_individual_posteriors/2026-09-16/pin01_one_fet11-01_12-58-54/ripple/combined/multi/,p_x_given_n[514].png,2026-09-16 20:46:28+00:00,16520,pin01_one_fet11-01_12-58-54
3694,file,/umms-kdiba/Data/Output/collected_outputs/figures/_temp_individual_posteriors/2026-09-16/pin01_one_fet11-01_12-58-54/ripple/combined/multi/,p_x_given_n[396].png,2026-09-16 20:46:27+00:00,22300,pin01_one_fet11-01_12-58-54
3695,file,/umms-kdiba/Data/Output/collected_outputs/figures/_temp_individual_posteriors/2026-09-16/pin01_one_fet11-01_12-58-54/ripple/combined/multi/,p_x_given_n[397].png,2026-09-16 20:46:27+00:00,16708,pin01_one_fet11-01_12-58-54
3696,file,/umms-kdiba/Data/Output/collected_outputs/figures/_temp_individual_posteriors/2026-09-16/pin01_one_fet11-01_12-58-54/ripple/combined/multi/,p_x_given_n[398].png,2026-09-16 20:46:27+00:00,15967,pin01_one_fet11-01_12-58-54
3697,file,/umms-kdiba/Data/Output/collected_outputs/figures/_temp_individual_posteriors/2026-09-16/pin01_one_fet11-01_12-58-54/ripple/combined/multi/,p_x_given_n[399].png,2026-09-16 20:46:27+00:00,20900,pin01_one_fet11-01_12-58-54
3698,file,/umms-kdiba/Data/Output/collected_outputs/figures/_temp_individual_posteriors/2026-09-16/pin01_one_fet11-01_12-58-54/ripple/combined/multi/,p_x_given_n[400].png,2026-09-16 20:46:27+00:00,16579,pin01_one_fet11-01_12-58-54
3699,file,/umms-kdiba/Data/Output/collected_outputs/figures/_temp_individual_posteriors/2026-09-16/pin01_one_fet11-01_12-58-54/ripple/combined/multi/,p_x_given_n[402].png,2026-09-16 20:46:27+00:00,9461,pin01_one_fet11-01_12-58-54
3700,file,/umms-kdiba/Data/Output/collected_outputs/figures/_temp_individual_posteriors/2026-09-16/pin01_one_fet11-01_12-58-54/ripple/combined/multi/,p_x_given_n[403].png,2026-09-16 20:46:27+00:00,18510,pin01_one_fet11-01_12-58-54
3701,file,/umms-kdiba/Data/Output/collected_outputs/figures/_temp_individual_posteriors/2026-09-16/pin01_one_fet11-01_12-58-54/ripple/combined/multi/,p_x_given_n[405].png,2026-09-16 20:46:27+00:00,15374,pin01_one_fet11-01_12-58-54
3702,file,/umms-kdiba/Data/Output/collected_outputs/figures/_temp_individual_posteriors/2026-09-16/pin01_one_fet11-01_12-58-54/ripple/combined/multi/,p_x_given_n[406].png,2026-09-16 20:46:27+00:00,21017,pin01_one_fet11-01_12-58-54
3703,file,/umms-kdiba/Data/Output/collected_outputs/figures/_temp_individual_posteriors/2026-09-16/pin01_one_fet11-01_12-58-54/ripple/combined/multi/,p_x_given_n[409].png,2026-09-16 20:46:27+00:00,13546,pin01_one_fet11-01_12-58-54
3704,file,/umms-kdiba/Data/Output/collected_outputs/figures/_temp_individual_posteriors/2026-09-16/pin01_one_fet11-01_12-58-54/ripple/combined/multi/,p_x_given_n[410].png,2026-09-16 20:46:27+00:00,20061,pin01_one_fet11-01_12-58-54
3705,file,/umms-kdiba/Data/Output/collected_outputs/figures/_temp_individual_posteriors/2026-09-16/pin01_one_fet11-01_12-58-54/ripple/combined/multi/,p_x_given_n[412].png,2026-09-16 20:46:27+00:00,16437,pin01_one_fet11-01_12-58-54
3706,file,/umms-kdiba/Data/Output/collected_outputs/figures/_temp_individual_posteriors/2026-09-16/pin01_one_fet11-01_12-58-54/ripple/combined/multi/,p_x_given_n[413].png,2026-09-16 20:46:27+00:00,20572,pin01_one_fet11-01_12-58-54
3707,file,/umms-kdiba/Data/Output/collected_outputs/figures/_temp_individual_posteriors/2026-09-16/pin01_one_fet11-01_12-58-54/ripple/combined/multi/,p_x_given_n[415].png,2026-09-16 20:46:27+00:00,12255,pin01_one_fet11-01_12-58-54
3708,file,/umms-kdiba/Data/Output/collected_outputs/figures/_temp_individual_posteriors/2026-09-16/pin01_one_fet11-01_12-58-54/ripple/combined/multi/,p_x_given_n[416].png,2026-09-16 20:46:27+00:00,12426,pin01_one_fet11-01_12-58-54
3709,file,/umms-kdiba/Data/Output/collected_outputs/figures/_temp_individual_posteriors/2026-09-16/pin01_one_fet11-01_12-58-54/ripple/combined/multi/,p_x_given_n[417].png,2026-09-16 20:46:27+00:00,11067,pin01_one_fet11-01_12-58-54
3710,file,/umms-kdiba/Data/Output/collected_outputs/figures/_temp_individual_posteriors/2026-09-16/pin01_one_fet11-01_12-58-54/ripple/combined/multi/,p_x_given_n[419].png,2026-09-16 20:46:27+00:00,10047,pin01_one_fet11-01_12-58-54
3711,file,/umms-kdiba/Data/Output/collected_outputs/figures/_temp_individual_posteriors/2026-09-16/pin01_one_fet11-01_12-58-54/ripple/combined/multi/,p_x_given_n[420].png,2026-09-16 20:46:27+00:00,16863,pin01_one_fet11-01_12-58-54
3712,file,/umms-kdiba/Data/Output/collected_outputs/figures/_temp_individual_posteriors/2026-09-16/pin01_one_fet11-01_12-58-54/ripple/combined/multi/,p_x_given_n[422].png,2026-09-16 20:46:27+00:00,15897,pin01_one_fet11-01_12-58-54
3713,file,/umms-kdiba/Data/Output/collected_outputs/figures/_temp_individual_posteriors/2026-09-16/pin01_one_fet11-01_12-58-54/ripple/combined/multi/,p_x_given_n[423].png,2026-09-16 20:46:27+00:00,17748,pin01_one_fet11-01_12-58-54
3714,file,/umms-kdiba/Data/Output/collected_outputs/figures/_temp_individual_posteriors/2026-09-16/pin01_one_fet11-01_12-58-54/ripple/combined/multi/,p_x_given_n[426].png,2026-09-16 20:46:27+00:00,14261,pin01_one_fet11-01_12-58-54
3715,file,/umms-kdiba/Data/Output/collected_outputs/figures/_temp_individual_posteriors/2026-09-16/pin01_one_fet11-01_12-58-54/ripple/combined/multi/,p_x_given_n[428].png,2026-09-16 20:46:27+00:00,14995,pin01_one_fet11-01_12-58-54
3716,file,/umms-kdiba/Data/Output/collected_outputs/figures/_temp_individual_posteriors/2026-09-16/pin01_one_fet11-01_12-58-54/ripple/combined/multi/,p_x_given_n[429].png,2026-09-16 20:46:27+00:00,17857,pin01_one_fet11-01_12-58-54
3717,file,/umms-kdiba/Data/Output/collected_outputs/figures/_temp_individual_posteriors/2026-09-16/pin01_one_fet11-01_12-58-54/ripple/combined/multi/,p_x_given_n[431].png,2026-09-16 20:46:27+00:00,12641,pin01_one_fet11-01_12-58-54
3718,file,/umms-kdiba/Data/Output/collected_outputs/figures/_temp_individual_posteriors/2026-09-16/pin01_one_fet11-01_12-58-54/ripple/combined/multi/,p_x_given_n[434].png,2026-09-16 20:46:27+00:00,12246,pin01_one_fet11-01_12-58-54
3719,file,/umms-kdiba/Data/Output/collected_outputs/figures/_temp_individual_posteriors/2026-09-16/pin01_one_fet11-01_12-58-54/ripple/combined/multi/,p_x_given_n[435].png,2026-09-16 20:46:27+00:00,16244,pin01_one_fet11-01_12-58-54
3720,file,/umms-kdiba/Data/Output/collected_outputs/figures/_temp_individual_posteriors/2026-09-16/pin01_one_fet11-01_12-58-54/ripple/combined/multi/,p_x_given_n[436].png,2026-09-16 20:46:27+00:00,16864,pin01_one_fet11-01_12-58-54
3721,file,/umms-kdiba/Data/Output/collected_outputs/figures/_temp_individual_posteriors/2026-09-16/pin01_one_fet11-01_12-58-54/ripple/combined/multi/,p_x_given_n[438].png,2026-09-16 20:46:27+00:00,20291,pin01_one_fet11-01_12-58-54
3722,file,/umms-kdiba/Data/Output/collected_outputs/figures/_temp_individual_posteriors/2026-09-16/pin01_one_fet11-01_12-58-54/ripple/combined/multi/,p_x_given_n[440].png,2026-09-16 20:46:27+00:00,8820,pin01_one_fet11-01_12-58-54
3723,file,/umms-kdiba/Data/Output/collected_outputs/figures/_temp_individual_posteriors/2026-09-16/pin01_one_fet11-01_12-58-54/ripple/combined/multi/,p_x_given_n[441].png,2026-09-16 20:46:27+00:00,17046,pin01_one_fet11-01_12-58-54
3724,file,/umms-kdiba/Data/Output/collected_outputs/figures/_temp_individual_posteriors/2026-09-16/pin01_one_fet11-01_12-58-54/ripple/combined/multi/,p_x_given_n[442].png,2026-09-16 20:46:27+00:00,14537,pin01_one_fet11-01_12-58-54
3725,file,/umms-kdiba/Data/Output/collected_outputs/figures/_temp_individual_posteriors/2026-09-16/pin01_one_fet11-01_12-58-54/ripple/combined/multi/,p_x_given_n[443].png,2026-09-16 20:46:27+00:00,6145,pin01_one_fet11-01_12-58-54
3726,file,/umms-kdiba/Data/Output/collected_outputs/figures/_temp_individual_posteriors/2026-09-16/pin01_one_fet11-01_12-58-54/ripple/combined/multi/,p_x_given_n[445].png,2026-09-16 20:46:27+00:00,17958,pin01_one_fet11-01_12-58-54
3727,file,/umms-kdiba/Data/Output/collected_outputs/figures/_temp_individual_posteriors/2026-09-16/pin01_one_fet11-01_12-58-54/ripple/combined/multi/,p_x_given_n[447].png,2026-09-16 20:46:27+00:00,12171,pin01_one_fet11-01_12-58-54
3728,file,/umms-kdiba/Data/Output/collected_outputs/figures/_temp_individual_posteriors/2026-09-16/pin01_one_fet11-01_12-58-54/ripple/combined/multi/,p_x_given_n[448].png,2026-09-16 20:46:27+00:00,15769,pin01_one_fet11-01_12-58-54
3729,file,/umms-kdiba/Data/Output/collected_outputs/figures/_temp_individual_posteriors/2026-09-16/pin01_one_fet11-01_12-58-54/ripple/combined/multi/,p_x_given_n[449].png,2026-09-16 20:46:27+00:00,12857,pin01_one_fet11-01_12-58-54
3730,file,/umms-kdiba/Data/Output/collected_outputs/figures/_temp_individual_posteriors/2026-09-16/pin01_one_fet11-01_12-58-54/ripple/combined/multi/,p_x_given_n[450].png,2026-09-16 20:46:27+00:00,16520,pin01_one_fet11-01_12-58-54
3731,file,/umms-kdiba/Data/Output/collected_outputs/figures/_temp_individual_posteriors/2026-09-16/pin01_one_fet11-01_12-58-54/ripple/combined/multi/,p_x_given_n[451].png,2026-09-16 20:46:27+00:00,15545,pin01_one_fet11-01_12-58-54
3732,file,/umms-kdiba/Data/Output/collected_outputs/figures/_temp_individual_posteriors/2026-09-16/pin01_one_fet11-01_12-58-54/ripple/combined/multi/,p_x_given_n[452].png,2026-09-16 20:46:27+00:00,17836,pin01_one_fet11-01_12-58-54
3733,file,/umms-kdiba/Data/Output/collected_outputs/figures/_temp_individual_posteriors/2026-09-16/pin01_one_fet11-01_12-58-54/ripple/combined/multi/,p_x_given_n[335].png,2026-09-16 20:46:26+00:00,11580,pin01_one_fet11-01_12-58-54
3734,file,/umms-kdiba/Data/Output/collected_outputs/figures/_temp_individual_posteriors/2026-09-16/pin01_one_fet11-01_12-58-54/ripple/combined/multi/,p_x_given_n[337].png,2026-09-16 20:46:26+00:00,9827,pin01_one_fet11-01_12-58-54
3735,file,/umms-kdiba/Data/Output/collected_outputs/figures/_temp_individual_posteriors/2026-09-16/pin01_one_fet11-01_12-58-54/ripple/combined/multi/,p_x_given_n[338].png,2026-09-16 20:46:26+00:00,15015,pin01_one_fet11-01_12-58-54
3736,file,/umms-kdiba/Data/Output/collected_outputs/figures/_temp_individual_posteriors/2026-09-16/pin01_one_fet11-01_12-58-54/ripple/combined/multi/,p_x_given_n[342].png,2026-09-16 20:46:26+00:00,19651,pin01_one_fet11-01_12-58-54
3737,file,/umms-kdiba/Data/Output/collected_outputs/figures/_temp_individual_posteriors/2026-09-16/pin01_one_fet11-01_12-58-54/ripple/combined/multi/,p_x_given_n[343].png,2026-09-16 20:46:26+00:00,16303,pin01_one_fet11-01_12-58-54
3738,file,/umms-kdiba/Data/Output/collected_outputs/figures/_temp_individual_posteriors/2026-09-16/pin01_one_fet11-01_12-58-54/ripple/combined/multi/,p_x_given_n[344].png,2026-09-16 20:46:26+00:00,18470,pin01_one_fet11-01_12-58-54
3739,file,/umms-kdiba/Data/Output/collected_outputs/figures/_temp_individual_posteriors/2026-09-16/pin01_one_fet11-01_12-58-54/ripple/combined/multi/,p_x_given_n[346].png,2026-09-16 20:46:26+00:00,19727,pin01_one_fet11-01_12-58-54
3740,file,/umms-kdiba/Data/Output/collected_outputs/figures/_temp_individual_posteriors/2026-09-16/pin01_one_fet11-01_12-58-54/ripple/combined/multi/,p_x_given_n[347].png,2026-09-16 20:46:26+00:00,23961,pin01_one_fet11-01_12-58-54
3741,file,/umms-kdiba/Data/Output/collected_outputs/figures/_temp_individual_posteriors/2026-09-16/pin01_one_fet11-01_12-58-54/ripple/combined/multi/,p_x_given_n[348].png,2026-09-16 20:46:26+00:00,21720,pin01_one_fet11-01_12-58-54
3742,file,/umms-kdiba/Data/Output/collected_outputs/figures/_temp_individual_posteriors/2026-09-16/pin01_one_fet11-01_12-58-54/ripple/combined/multi/,p_x_given_n[350].png,2026-09-16 20:46:26+00:00,18897,pin01_one_fet11-01_12-58-54
3743,file,/umms-kdiba/Data/Output/collected_outputs/figures/_temp_individual_posteriors/2026-09-16/pin01_one_fet11-01_12-58-54/ripple/combined/multi/,p_x_given_n[351].png,2026-09-16 20:46:26+00:00,10940,pin01_one_fet11-01_12-58-54
3744,file,/umms-kdiba/Data/Output/collected_outputs/figures/_temp_individual_posteriors/2026-09-16/pin01_one_fet11-01_12-58-54/ripple/combined/multi/,p_x_given_n[352].png,2026-09-16 20:46:26+00:00,16598,pin01_one_fet11-01_12-58-54
3745,file,/umms-kdiba/Data/Output/collected_outputs/figures/_temp_individual_posteriors/2026-09-16/pin01_one_fet11-01_12-58-54/ripple/combined/multi/,p_x_given_n[354].png,2026-09-16 20:46:26+00:00,16070,pin01_one_fet11-01_12-58-54
3746,file,/umms-kdiba/Data/Output/collected_outputs/figures/_temp_individual_posteriors/2026-09-16/pin01_one_fet11-01_12-58-54/ripple/combined/multi/,p_x_given_n[356].png,2026-09-16 20:46:26+00:00,22350,pin01_one_fet11-01_12-58-54
3747,file,/umms-kdiba/Data/Output/collected_outputs/figures/_temp_individual_posteriors/2026-09-16/pin01_one_fet11-01_12-58-54/ripple/combined/multi/,p_x_given_n[358].png,2026-09-16 20:46:26+00:00,21590,pin01_one_fet11-01_12-58-54
3748,file,/umms-kdiba/Data/Output/collected_outputs/figures/_temp_individual_posteriors/2026-09-16/pin01_one_fet11-01_12-58-54/ripple/combined/multi/,p_x_given_n[361].png,2026-09-16 20:46:26+00:00,17699,pin01_one_fet11-01_12-58-54
3749,file,/umms-kdiba/Data/Output/collected_outputs/figures/_temp_individual_posteriors/2026-09-16/pin01_one_fet11-01_12-58-54/ripple/combined/multi/,p_x_given_n[363].png,2026-09-16 20:46:26+00:00,6886,pin01_one_fet11-01_12-58-54
3750,file,/umms-kdiba/Data/Output/collected_outputs/figures/_temp_individual_posteriors/2026-09-16/pin01_one_fet11-01_12-58-54/ripple/combined/multi/,p_x_given_n[365].png,2026-09-16 20:46:26+00:00,15666,pin01_one_fet11-01_12-58-54
3751,file,/umms-kdiba/Data/Output/collected_outputs/figures/_temp_individual_posteriors/2026-09-16/pin01_one_fet11-01_12-58-54/ripple/combined/multi/,p_x_given_n[368].png,2026-09-16 20:46:26+00:00,18281,pin01_one_fet11-01_12-58-54
3752,file,/umms-kdiba/Data/Output/collected_outputs/figures/_temp_individual_posteriors/2026-09-16/pin01_one_fet11-01_12-58-54/ripple/combined/multi/,p_x_given_n[369].png,2026-09-16 20:46:26+00:00,14390,pin01_one_fet11-01_12-58-54
3753,file,/umms-kdiba/Data/Output/collected_outputs/figures/_temp_individual_posteriors/2026-09-16/pin01_one_fet11-01_12-58-54/ripple/combined/multi/,p_x_given_n[370].png,2026-09-16 20:46:26+00:00,8555,pin01_one_fet11-01_12-58-54
3754,file,/umms-kdiba/Data/Output/collected_outputs/figures/_temp_individual_posteriors/2026-09-16/pin01_one_fet11-01_12-58-54/ripple/combined/multi/,p_x_given_n[372].png,2026-09-16 20:46:26+00:00,9596,pin01_one_fet11-01_12-58-54
3755,file,/umms-kdiba/Data/Output/collected_outputs/figures/_temp_individual_posteriors/2026-09-16/pin01_one_fet11-01_12-58-54/ripple/combined/multi/,p_x_given_n[373].png,2026-09-16 20:46:26+00:00,21379,pin01_one_fet11-01_12-58-54
3756,file,/umms-kdiba/Data/Output/collected_outputs/figures/_temp_individual_posteriors/2026-09-16/pin01_one_fet11-01_12-58-54/ripple/combined/multi/,p_x_given_n[376].png,2026-09-16 20:46:26+00:00,12252,pin01_one_fet11-01_12-58-54
3757,file,/umms-kdiba/Data/Output/collected_outputs/figures/_temp_individual_posteriors/2026-09-16/pin01_one_fet11-01_12-58-54/ripple/combined/multi/,p_x_given_n[377].png,2026-09-16 20:46:26+00:00,16463,pin01_one_fet11-01_12-58-54
3758,file,/umms-kdiba/Data/Output/collected_outputs/figures/_temp_individual_posteriors/2026-09-16/pin01_one_fet11-01_12-58-54/ripple/combined/multi/,p_x_given_n[378].png,2026-09-16 20:46:26+00:00,14937,pin01_one_fet11-01_12-58-54
3759,file,/umms-kdiba/Data/Output/collected_outputs/figures/_temp_individual_posteriors/2026-09-16/pin01_one_fet11-01_12-58-54/ripple/combined/multi/,p_x_given_n[379].png,2026-09-16 20:46:26+00:00,15534,pin01_one_fet11-01_12-58-54
3760,file,/umms-kdiba/Data/Output/collected_outputs/figures/_temp_individual_posteriors/2026-09-16/pin01_one_fet11-01_12-58-54/ripple/combined/multi/,p_x_given_n[380].png,2026-09-16 20:46:26+00:00,19573,pin01_one_fet11-01_12-58-54
3761,file,/umms-kdiba/Data/Output/collected_outputs/figures/_temp_individual_posteriors/2026-09-16/pin01_one_fet11-01_12-58-54/ripple/combined/multi/,p_x_given_n[381].png,2026-09-16 20:46:26+00:00,16428,pin01_one_fet11-01_12-58-54
3762,file,/umms-kdiba/Data/Output/collected_outputs/figures/_temp_individual_posteriors/2026-09-16/pin01_one_fet11-01_12-58-54/ripple/combined/multi/,p_x_given_n[382].png,2026-09-16 20:46:26+00:00,19566,pin01_one_fet11-01_12-58-54
3763,file,/umms-kdiba/Data/Output/collected_outputs/figures/_temp_individual_posteriors/2026-09-16/pin01_one_fet11-01_12-58-54/ripple/combined/multi/,p_x_given_n[383].png,2026-09-16 20:46:26+00:00,18548,pin01_one_fet11-01_12-58-54
3764,file,/umms-kdiba/Data/Output/collected_outputs/figures/_temp_individual_posteriors/2026-09-16/pin01_one_fet11-01_12-58-54/ripple/combined/multi/,p_x_given_n[384].png,2026-09-16 20:46:26+00:00,18656,pin01_one_fet11-01_12-58-54
3765,file,/umms-kdiba/Data/Output/collected_outputs/figures/_temp_individual_posteriors/2026-09-16/pin01_one_fet11-01_12-58-54/ripple/combined/multi/,p_x_given_n[385].png,2026-09-16 20:46:26+00:00,17467,pin01_one_fet11-01_12-58-54
3766,file,/umms-kdiba/Data/Output/collected_outputs/figures/_temp_individual_posteriors/2026-09-16/pin01_one_fet11-01_12-58-54/ripple/combined/multi/,p_x_given_n[387].png,2026-09-16 20:46:26+00:00,16941,pin01_one_fet11-01_12-58-54
3767,file,/umms-kdiba/Data/Output/collected_outputs/figures/_temp_individual_posteriors/2026-09-16/pin01_one_fet11-01_12-58-54/ripple/combined/multi/,p_x_given_n[388].png,2026-09-16 20:46:26+00:00,20743,pin01_one_fet11-01_12-58-54
3768,file,/umms-kdiba/Data/Output/collected_outputs/figures/_temp_individual_posteriors/2026-09-16/pin01_one_fet11-01_12-58-54/ripple/combined/multi/,p_x_given_n[389].png,2026-09-16 20:46:26+00:00,13659,pin01_one_fet11-01_12-58-54
3769,file,/umms-kdiba/Data/Output/collected_outputs/figures/_temp_individual_posteriors/2026-09-16/pin01_one_fet11-01_12-58-54/ripple/combined/multi/,p_x_given_n[391].png,2026-09-16 20:46:26+00:00,9271,pin01_one_fet11-01_12-58-54
3770,file,/umms-kdiba/Data/Output/collected_outputs/figures/_temp_individual_posteriors/2026-09-16/pin01_one_fet11-01_12-58-54/ripple/combined/multi/,p_x_given_n[394].png,2026-09-16 20:46:26+00:00,12745,pin01_one_fet11-01_12-58-54
3771,file,/umms-kdiba/Data/Output/collected_outputs/figures/_temp_individual_posteriors/2026-09-16/pin01_one_fet11-01_12-58-54/ripple/combined/multi/,p_x_given_n[269].png,2026-09-16 20:46:25+00:00,18689,pin01_one_fet11-01_12-58-54
3772,file,/umms-kdiba/Data/Output/collected_outputs/figures/_temp_individual_posteriors/2026-09-16/pin01_one_fet11-01_12-58-54/ripple/combined/multi/,p_x_given_n[271].png,2026-09-16 20:46:25+00:00,5083,pin01_one_fet11-01_12-58-54
3773,file,/umms-kdiba/Data/Output/collected_outputs/figures/_temp_individual_posteriors/2026-09-16/pin01_one_fet11-01_12-58-54/ripple/combined/multi/,p_x_given_n[272].png,2026-09-16 20:46:25+00:00,13692,pin01_one_fet11-01_12-58-54
3774,file,/umms-kdiba/Data/Output/collected_outputs/figures/_temp_individual_posteriors/2026-09-16/pin01_one_fet11-01_12-58-54/ripple/combined/multi/,p_x_given_n[273].png,2026-09-16 20:46:25+00:00,14459,pin01_one_fet11-01_12-58-54
3775,file,/umms-kdiba/Data/Output/collected_outputs/figures/_temp_individual_posteriors/2026-09-16/pin01_one_fet11-01_12-58-54/ripple/combined/multi/,p_x_given_n[274].png,2026-09-16 20:46:25+00:00,14500,pin01_one_fet11-01_12-58-54
3776,file,/umms-kdiba/Data/Output/collected_outputs/figures/_temp_individual_posteriors/2026-09-16/pin01_one_fet11-01_12-58-54/ripple/combined/multi/,p_x_given_n[275].png,2026-09-16 20:46:25+00:00,3138,pin01_one_fet11-01_12-58-54
3777,file,/umms-kdiba/Data/Output/collected_outputs/figures/_temp_individual_posteriors/2026-09-16/pin01_one_fet11-01_12-58-54/ripple/combined/multi/,p_x_given_n[277].png,2026-09-16 20:46:25+00:00,19205,pin01_one_fet11-01_12-58-54
3778,file,/umms-kdiba/Data/Output/collected_outputs/figures/_temp_individual_posteriors/2026-09-16/pin01_one_fet11-01_12-58-54/ripple/combined/multi/,p_x_given_n[279].png,2026-09-16 20:46:25+00:00,16360,pin01_one_fet11-01_12-58-54
3779,file,/umms-kdiba/Data/Output/collected_outputs/figures/_temp_individual_posteriors/2026-09-16/pin01_one_fet11-01_12-58-54/ripple/combined/multi/,p_x_given_n[280].png,2026-09-16 20:46:25+00:00,11205,pin01_one_fet11-01_12-58-54
3780,file,/umms-kdiba/Data/Output/collected_outputs/figures/_temp_individual_posteriors/2026-09-16/pin01_one_fet11-01_12-58-54/ripple/combined/multi/,p_x_given_n[281].png,2026-09-16 20:46:25+00:00,10246,pin01_one_fet11-01_12-58-54
3781,file,/umms-kdiba/Data/Output/collected_outputs/figures/_temp_individual_posteriors/2026-09-16/pin01_one_fet11-01_12-58-54/ripple/combined/multi/,p_x_given_n[282].png,2026-09-16 20:46:25+00:00,13142,pin01_one_fet11-01_12-58-54
3782,file,/umms-kdiba/Data/Output/collected_outputs/figures/_temp_individual_posteriors/2026-09-16/pin01_one_fet11-01_12-58-54/ripple/combined/multi/,p_x_given_n[283].png,2026-09-16 20:46:25+00:00,17503,pin01_one_fet11-01_12-58-54
3783,file,/umms-kdiba/Data/Output/collected_outputs/figures/_temp_individual_posteriors/2026-09-16/pin01_one_fet11-01_12-58-54/ripple/combined/multi/,p_x_given_n[284].png,2026-09-16 20:46:25+00:00,14536,pin01_one_fet11-01_12-58-54
3784,file,/umms-kdiba/Data/Output/collected_outputs/figures/_temp_individual_posteriors/2026-09-16/pin01_one_fet11-01_12-58-54/ripple/combined/multi/,p_x_given_n[285].png,2026-09-16 20:46:25+00:00,13262,pin01_one_fet11-01_12-58-54
3785,file,/umms-kdiba/Data/Output/collected_outputs/figures/_temp_individual_posteriors/2026-09-16/pin01_one_fet11-01_12-58-54/ripple/combined/multi/,p_x_given_n[287].png,2026-09-16 20:46:25+00:00,19301,pin01_one_fet11-01_12-58-54
3786,file,/umms-kdiba/Data/Output/collected_outputs/figures/_temp_individual_posteriors/2026-09-16/pin01_one_fet11-01_12-58-54/ripple/combined/multi/,p_x_given_n[288].png,2026-09-16 20:46:25+00:00,18341,pin01_one_fet11-01_12-58-54
3787,file,/umms-kdiba/Data/Output/collected_outputs/figures/_temp_individual_posteriors/2026-09-16/pin01_one_fet11-01_12-58-54/ripple/combined/multi/,p_x_given_n[290].png,2026-09-16 20:46:25+00:00,18646,pin01_one_fet11-01_12-58-54
3788,file,/umms-kdiba/Data/Output/collected_outputs/figures/_temp_individual_posteriors/2026-09-16/pin01_one_fet11-01_12-58-54/ripple/combined/multi/,p_x_given_n[291].png,2026-09-16 20:46:25+00:00,15342,pin01_one_fet11-01_12-58-54
3789,file,/umms-kdiba/Data/Output/collected_outputs/figures/_temp_individual_posteriors/2026-09-16/pin01_one_fet11-01_12-58-54/ripple/combined/multi/,p_x_given_n[294].png,2026-09-16 20:46:25+00:00,15859,pin01_one_fet11-01_12-58-54
3790,file,/umms-kdiba/Data/Output/collected_outputs/figures/_temp_individual_posteriors/2026-09-16/pin01_one_fet11-01_12-58-54/ripple/combined/multi/,p_x_given_n[295].png,2026-09-16 20:46:25+00:00,12281,pin01_one_fet11-01_12-58-54
3791,file,/umms-kdiba/Data/Output/collected_outputs/figures/_temp_individual_posteriors/2026-09-16/pin01_one_fet11-01_12-58-54/ripple/combined/multi/,p_x_given_n[297].png,2026-09-16 20:46:25+00:00,10945,pin01_one_fet11-01_12-58-54
3792,file,/umms-kdiba/Data/Output/collected_outputs/figures/_temp_individual_posteriors/2026-09-16/pin01_one_fet11-01_12-58-54/ripple/combined/multi/,p_x_given_n[298].png,2026-09-16 20:46:25+00:00,17177,pin01_one_fet11-01_12-58-54
3793,file,/umms-kdiba/Data/Output/collected_outputs/figures/_temp_individual_posteriors/2026-09-16/pin01_one_fet11-01_12-58-54/ripple/combined/multi/,p_x_given_n[299].png,2026-09-16 20:46:25+00:00,12818,pin01_one_fet11-01_12-58-54
3794,file,/umms-kdiba/Data/Output/collected_outputs/figures/_temp_individual_posteriors/2026-09-16/pin01_one_fet11-01_12-58-54/ripple/combined/multi/,p_x_given_n[300].png,2026-09-16 20:46:25+00:00,13073,pin01_one_fet11-01_12-58-54
3795,file,/umms-kdiba/Data/Output/collected_outputs/figures/_temp_individual_posteriors/2026-09-16/pin01_one_fet11-01_12-58-54/ripple/combined/multi/,p_x_given_n[303].png,2026-09-16 20:46:25+00:00,19654,pin01_one_fet11-01_12-58-54
3796,file,/umms-kdiba/Data/Output/collected_outputs/figures/_temp_individual_posteriors/2026-09-16/pin01_one_fet11-01_12-58-54/ripple/combined/multi/,p_x_given_n[304].png,2026-09-16 20:46:25+00:00,16163,pin01_one_fet11-01_12-58-54
3797,file,/umms-kdiba/Data/Output/collected_outputs/figures/_temp_individual_posteriors/2026-09-16/pin01_one_fet11-01_12-58-54/ripple/combined/multi/,p_x_given_n[305].png,2026-09-16 20:46:25+00:00,15124,pin01_one_fet11-01_12-58-54
3798,file,/umms-kdiba/Data/Output/collected_outputs/figures/_temp_individual_posteriors/2026-09-16/pin01_one_fet11-01_12-58-54/ripple/combined/multi/,p_x_given_n[306].png,2026-09-16 20:46:25+00:00,16011,pin01_one_fet11-01_12-58-54
3799,file,/umms-kdiba/Data/Output/collected_outputs/figures/_temp_individual_posteriors/2026-09-16/pin01_one_fet11-01_12-58-54/ripple/combined/multi/,p_x_given_n[309].png,2026-09-16 20:46:25+00:00,17542,pin01_one_fet11-01_12-58-54
3800,file,/umms-kdiba/Data/Output/collected_outputs/figures/_temp_individual_posteriors/2026-09-16/pin01_one_fet11-01_12-58-54/ripple/combined/multi/,p_x_given_n[311].png,2026-09-16 20:46:25+00:00,13395,pin01_one_fet11-01_12-58-54
3801,file,/umms-kdiba/Data/Output/collected_outputs/figures/_temp_individual_posteriors/2026-09-16/pin01_one_fet11-01_12-58-54/ripple/combined/multi/,p_x_given_n[313].png,2026-09-16 20:46:25+00:00,10988,pin01_one_fet11-01_12-58-54
3802,file,/umms-kdiba/Data/Output/collected_outputs/figures/_temp_individual_posteriors/2026-09-16/pin01_one_fet11-01_12-58-54/ripple/combined/multi/,p_x_given_n[314].png,2026-09-16 20:46:25+00:00,13619,pin01_one_fet11-01_12-58-54
3803,file,/umms-kdiba/Data/Output/collected_outputs/figures/_temp_individual_posteriors/2026-09-16/pin01_one_fet11-01_12-58-54/ripple/combined/multi/,p_x_given_n[318].png,2026-09-16 20:46:25+00:00,15181,pin01_one_fet11-01_12-58-54
3804,file,/umms-kdiba/Data/Output/collected_outputs/figures/_temp_individual_posteriors/2026-09-16/pin01_one_fet11-01_12-58-54/ripple/combined/multi/,p_x_given_n[319].png,2026-09-16 20:46:25+00:00,17887,pin01_one_fet11-01_12-58-54
3805,file,/umms-kdiba/Data/Output/collected_outputs/figures/_temp_individual_posteriors/2026-09-16/pin01_one_fet11-01_12-58-54/ripple/combined/multi/,p_x_given_n[320].png,2026-09-16 20:46:25+00:00,21017,pin01_one_fet11-01_12-58-54
3806,file,/umms-kdiba/Data/Output/collected_outputs/figures/_temp_individual_posteriors/2026-09-16/pin01_one_fet11-01_12-58-54/ripple/combined/multi/,p_x_given_n[324].png,2026-09-16 20:46:25+00:00,15924,pin01_one_fet11-01_12-58-54
3807,file,/umms-kdiba/Data/Output/collected_outputs/figures/_temp_individual_posteriors/2026-09-16/pin01_one_fet11-01_12-58-54/ripple/combined/multi/,p_x_given_n[326].png,2026-09-16 20:46:25+00:00,17310,pin01_one_fet11-01_12-58-54
3808,file,/umms-kdiba/Data/Output/collected_outputs/figures/_temp_individual_posteriors/2026-09-16/pin01_one_fet11-01_12-58-54/ripple/combined/multi/,p_x_given_n[328].png,2026-09-16 20:46:25+00:00,16011,pin01_one_fet11-01_12-58-54
3809,file,/umms-kdiba/Data/Output/collected_outputs/figures/_temp_individual_posteriors/2026-09-16/pin01_one_fet11-01_12-58-54/ripple/combined/multi/,p_x_given_n[329].png,2026-09-16 20:46:25+00:00,17761,pin01_one_fet11-01_12-58-54
3810,file,/umms-kdiba/Data/Output/collected_outputs/figures/_temp_individual_posteriors/2026-09-16/pin01_one_fet11-01_12-58-54/ripple/combined/multi/,p_x_given_n[330].png,2026-09-16 20:46:25+00:00,15211,pin01_one_fet11-01_12-58-54
3811,file,/umms-kdiba/Data/Output/collected_outputs/figures/_temp_individual_posteriors/2026-09-16/pin01_one_fet11-01_12-58-54/ripple/combined/multi/,p_x_given_n[331].png,2026-09-16 20:46:25+00:00,8616,pin01_one_fet11-01_12-58-54
3812,file,/umms-kdiba/Data/Output/collected_outputs/figures/_temp_individual_posteriors/2026-09-16/pin01_one_fet11-01_12-58-54/ripple/combined/multi/,p_x_given_n[187].png,2026-09-16 20:46:24+00:00,12311,pin01_one_fet11-01_12-58-54
3813,file,/umms-kdiba/Data/Output/collected_outputs/figures/_temp_individual_posteriors/2026-09-16/pin01_one_fet11-01_12-58-54/ripple/combined/multi/,p_x_given_n[189].png,2026-09-16 20:46:24+00:00,15358,pin01_one_fet11-01_12-58-54
3814,file,/umms-kdiba/Data/Output/collected_outputs/figures/_temp_individual_posteriors/2026-09-16/pin01_one_fet11-01_12-58-54/ripple/combined/multi/,p_x_given_n[190].png,2026-09-16 20:46:24+00:00,16302,pin01_one_fet11-01_12-58-54
3815,file,/umms-kdiba/Data/Output/collected_outputs/figures/_temp_individual_posteriors/2026-09-16/pin01_one_fet11-01_12-58-54/ripple/combined/multi/,p_x_given_n[193].png,2026-09-16 20:46:24+00:00,18548,pin01_one_fet11-01_12-58-54
3816,file,/umms-kdiba/Data/Output/collected_outputs/figures/_temp_individual_posteriors/2026-09-16/pin01_one_fet11-01_12-58-54/ripple/combined/multi/,p_x_given_n[195].png,2026-09-16 20:46:24+00:00,18228,pin01_one_fet11-01_12-58-54
3817,file,/umms-kdiba/Data/Output/collected_outputs/figures/_temp_individual_posteriors/2026-09-16/pin01_one_fet11-01_12-58-54/ripple/combined/multi/,p_x_given_n[196].png,2026-09-16 20:46:24+00:00,19780,pin01_one_fet11-01_12-58-54
3818,file,/umms-kdiba/Data/Output/collected_outputs/figures/_temp_individual_posteriors/2026-09-16/pin01_one_fet11-01_12-58-54/ripple/combined/multi/,p_x_given_n[197].png,2026-09-16 20:46:24+00:00,12855,pin01_one_fet11-01_12-58-54
3819,file,/umms-kdiba/Data/Output/collected_outputs/figures/_temp_individual_posteriors/2026-09-16/pin01_one_fet11-01_12-58-54/ripple/combined/multi/,p_x_given_n[199].png,2026-09-16 20:46:24+00:00,18331,pin01_one_fet11-01_12-58-54
3820,file,/umms-kdiba/Data/Output/collected_outputs/figures/_temp_individual_posteriors/2026-09-16/pin01_one_fet11-01_12-58-54/ripple/combined/multi/,p_x_given_n[202].png,2026-09-16 20:46:24+00:00,19620,pin01_one_fet11-01_12-58-54
3821,file,/umms-kdiba/Data/Output/collected_outputs/figures/_temp_individual_posteriors/2026-09-16/pin01_one_fet11-01_12-58-54/ripple/combined/multi/,p_x_given_n[203].png,2026-09-16 20:46:24+00:00,17122,pin01_one_fet11-01_12-58-54
3822,file,/umms-kdiba/Data/Output/collected_outputs/figures/_temp_individual_posteriors/2026-09-16/pin01_one_fet11-01_12-58-54/ripple/combined/multi/,p_x_given_n[204].png,2026-09-16 20:46:24+00:00,10075,pin01_one_fet11-01_12-58-54
3823,file,/umms-kdiba/Data/Output/collected_outputs/figures/_temp_individual_posteriors/2026-09-16/pin01_one_fet11-01_12-58-54/ripple/combined/multi/,p_x_given_n[205].png,2026-09-16 20:46:24+00:00,14178,pin01_one_fet11-01_12-58-54
3824,file,/umms-kdiba/Data/Output/collected_outputs/figures/_temp_individual_posteriors/2026-09-16/pin01_one_fet11-01_12-58-54/ripple/combined/multi/,p_x_given_n[206].png,2026-09-16 20:46:24+00:00,12775,pin01_one_fet11-01_12-58-54
3825,file,/umms-kdiba/Data/Output/collected_outputs/figures/_temp_individual_posteriors/2026-09-16/pin01_one_fet11-01_12-58-54/ripple/combined/multi/,p_x_given_n[208].png,2026-09-16 20:46:24+00:00,16689,pin01_one_fet11-01_12-58-54
3826,file,/umms-kdiba/Data/Output/collected_outputs/figures/_temp_individual_posteriors/2026-09-16/pin01_one_fet11-01_12-58-54/ripple/combined/multi/,p_x_given_n[211].png,2026-09-16 20:46:24+00:00,8464,pin01_one_fet11-01_12-58-54
3827,file,/umms-kdiba/Data/Output/collected_outputs/figures/_temp_individual_posteriors/2026-09-16/pin01_one_fet11-01_12-58-54/ripple/combined/multi/,p_x_given_n[212].png,2026-09-16 20:46:24+00:00,18251,pin01_one_fet11-01_12-58-54
3828,file,/umms-kdiba/Data/Output/collected_outputs/figures/_temp_individual_posteriors/2026-09-16/pin01_one_fet11-01_12-58-54/ripple/combined/multi/,p_x_given_n[217].png,2026-09-16 20:46:24+00:00,14094,pin01_one_fet11-01_12-58-54
3829,file,/umms-kdiba/Data/Output/collected_outputs/figures/_temp_individual_posteriors/2026-09-16/pin01_one_fet11-01_12-58-54/ripple/combined/multi/,p_x_given_n[218].png,2026-09-16 20:46:24+00:00,19236,pin01_one_fet11-01_12-58-54
3830,file,/umms-kdiba/Data/Output/collected_outputs/figures/_temp_individual_posteriors/2026-09-16/pin01_one_fet11-01_12-58-54/ripple/combined/multi/,p_x_given_n[219].png,2026-09-16 20:46:24+00:00,14937,pin01_one_fet11-01_12-58-54
3831,file,/umms-kdiba/Data/Output/collected_outputs/figures/_temp_individual_posteriors/2026-09-16/pin01_one_fet11-01_12-58-54/ripple/combined/multi/,p_x_given_n[222].png,2026-09-16 20:46:24+00:00,16430,pin01_one_fet11-01_12-58-54
3832,file,/umms-kdiba/Data/Output/collected_outputs/figures/_temp_individual_posteriors/2026-09-16/pin01_one_fet11-01_12-58-54/ripple/combined/multi/,p_x_given_n[228].png,2026-09-16 20:46:24+00:00,19163,pin01_one_fet11-01_12-58-54
3833,file,/umms-kdiba/Data/Output/collected_outputs/figures/_temp_individual_posteriors/2026-09-16/pin01_one_fet11-01_12-58-54/ripple/combined/multi/,p_x_given_n[229].png,2026-09-16 20:46:24+00:00,16497,pin01_one_fet11-01_12-58-54
3834,file,/umms-kdiba/Data/Output/collected_outputs/figures/_temp_individual_posteriors/2026-09-16/pin01_one_fet11-01_12-58-54/ripple/combined/multi/,p_x_given_n[230].png,2026-09-16 20:46:24+00:00,20547,pin01_one_fet11-01_12-58-54
3835,file,/umms-kdiba/Data/Output/collected_outputs/figures/_temp_individual_posteriors/2026-09-16/pin01_one_fet11-01_12-58-54/ripple/combined/multi/,p_x_given_n[233].png,2026-09-16 20:46:24+00:00,15815,pin01_one_fet11-01_12-58-54
3836,file,/umms-kdiba/Data/Output/collected_outputs/figures/_temp_individual_posteriors/2026-09-16/pin01_one_fet11-01_12-58-54/ripple/combined/multi/,p_x_given_n[237].png,2026-09-16 20:46:24+00:00,13039,pin01_one_fet11-01_12-58-54
3837,file,/umms-kdiba/Data/Output/collected_outputs/figures/_temp_individual_posteriors/2026-09-16/pin01_one_fet11-01_12-58-54/ripple/combined/multi/,p_x_given_n[240].png,2026-09-16 20:46:24+00:00,21364,pin01_one_fet11-01_12-58-54
3838,file,/umms-kdiba/Data/Output/collected_outputs/figures/_temp_individual_posteriors/2026-09-16/pin01_one_fet11-01_12-58-54/ripple/combined/multi/,p_x_given_n[243].png,2026-09-16 20:46:24+00:00,11853,pin01_one_fet11-01_12-58-54
3839,file,/umms-kdiba/Data/Output/collected_outputs/figures/_temp_individual_posteriors/2026-09-16/pin01_one_fet11-01_12-58-54/ripple/combined/multi/,p_x_given_n[244].png,2026-09-16 20:46:24+00:00,19395,pin01_one_fet11-01_12-58-54
3840,file,/umms-kdiba/Data/Output/collected_outputs/figures/_temp_individual_posteriors/2026-09-16/pin01_one_fet11-01_12-58-54/ripple/combined/multi/,p_x_given_n[245].png,2026-09-16 20:46:24+00:00,17191,pin01_one_fet11-01_12-58-54
3841,file,/umms-kdiba/Data/Output/collected_outputs/figures/_temp_individual_posteriors/2026-09-16/pin01_one_fet11-01_12-58-54/ripple/combined/multi/,p_x_given_n[246].png,2026-09-16 20:46:24+00:00,8360,pin01_one_fet11-01_12-58-54
3842,file,/umms-kdiba/Data/Output/collected_outputs/figures/_temp_individual_posteriors/2026-09-16/pin01_one_fet11-01_12-58-54/ripple/combined/multi/,p_x_given_n[247].png,2026-09-16 20:46:24+00:00,17013,pin01_one_fet11-01_12-58-54
3843,file,/umms-kdiba/Data/Output/collected_outputs/figures/_temp_individual_posteriors/2026-09-16/pin01_one_fet11-01_12-58-54/ripple/combined/multi/,p_x_given_n[251].png,2026-09-16 20:46:24+00:00,17364,pin01_one_fet11-01_12-58-54
3844,file,/umms-kdiba/Data/Output/collected_outputs/figures/_temp_individual_posteriors/2026-09-16/pin01_one_fet11-01_12-58-54/ripple/combined/multi/,p_x_given_n[252].png,2026-09-16 20:46:24+00:00,11920,pin01_one_fet11-01_12-58-54
3845,file,/umms-kdiba/Data/Output/collected_outputs/figures/_temp_individual_posteriors/2026-09-16/pin01_one_fet11-01_12-58-54/ripple/combined/multi/,p_x_given_n[254].png,2026-09-16 20:46:24+00:00,11357,pin01_one_fet11-01_12-58-54
3846,file,/umms-kdiba/Data/Output/collected_outputs/figures/_temp_individual_posteriors/2026-09-16/pin01_one_fet11-01_12-58-54/ripple/combined/multi/,p_x_given_n[255].png,2026-09-16 20:46:24+00:00,6405,pin01_one_fet11-01_12-58-54
3847,file,/umms-kdiba/Data/Output/collected_outputs/figures/_temp_individual_posteriors/2026-09-16/pin01_one_fet11-01_12-58-54/ripple/combined/multi/,p_x_given_n[256].png,2026-09-16 20:46:24+00:00,18822,pin01_one_fet11-01_12-58-54
3848,file,/umms-kdiba/Data/Output/collected_outputs/figures/_temp_individual_posteriors/2026-09-16/pin01_one_fet11-01_12-58-54/ripple/combined/multi/,p_x_given_n[257].png,2026-09-16 20:46:24+00:00,3608,pin01_one_fet11-01_12-58-54
3849,file,/umms-kdiba/Data/Output/collected_outputs/figures/_temp_individual_posteriors/2026-09-16/pin01_one_fet11-01_12-58-54/ripple/combined/multi/,p_x_given_n[259].png,2026-09-16 20:46:24+00:00,18690,pin01_one_fet11-01_12-58-54
3850,file,/umms-kdiba/Data/Output/collected_outputs/figures/_temp_individual_posteriors/2026-09-16/pin01_one_fet11-01_12-58-54/ripple/combined/multi/,p_x_given_n[261].png,2026-09-16 20:46:24+00:00,17837,pin01_one_fet11-01_12-58-54
3851,file,/umms-kdiba/Data/Output/collected_outputs/figures/_temp_individual_posteriors/2026-09-16/pin01_one_fet11-01_12-58-54/ripple/combined/multi/,p_x_given_n[267].png,2026-09-16 20:46:24+00:00,16173,pin01_one_fet11-01_12-58-54
3852,file,/umms-kdiba/Data/Output/collected_outputs/figures/_temp_individual_posteriors/2026-09-16/pin01_one_fet11-01_12-58-54/ripple/combined/multi/,p_x_given_n[119].png,2026-09-16 20:46:23+00:00,19390,pin01_one_fet11-01_12-58-54
3853,file,/umms-kdiba/Data/Output/collected_outputs/figures/_temp_individual_posteriors/2026-09-16/pin01_one_fet11-01_12-58-54/ripple/combined/multi/,p_x_given_n[120].png,2026-09-16 20:46:23+00:00,18629,pin01_one_fet11-01_12-58-54
3854,file,/umms-kdiba/Data/Output/collected_outputs/figures/_temp_individual_posteriors/2026-09-16/pin01_one_fet11-01_12-58-54/ripple/combined/multi/,p_x_given_n[122].png,2026-09-16 20:46:23+00:00,14538,pin01_one_fet11-01_12-58-54
3855,file,/umms-kdiba/Data/Output/collected_outputs/figures/_temp_individual_posteriors/2026-09-16/pin01_one_fet11-01_12-58-54/ripple/combined/multi/,p_x_given_n[123].png,2026-09-16 20:46:23+00:00,14555,pin01_one_fet11-01_12-58-54
3856,file,/umms-kdiba/Data/Output/collected_outputs/figures/_temp_individual_posteriors/2026-09-16/pin01_one_fet11-01_12-58-54/ripple/combined/multi/,p_x_given_n[124].png,2026-09-16 20:46:23+00:00,16666,pin01_one_fet11-01_12-58-54
3857,file,/umms-kdiba/Data/Output/collected_outputs/figures/_temp_individual_posteriors/2026-09-16/pin01_one_fet11-01_12-58-54/ripple/combined/multi/,p_x_given_n[126].png,2026-09-16 20:46:23+00:00,13158,pin01_one_fet11-01_12-58-54
3858,file,/umms-kdiba/Data/Output/collected_outputs/figures/_temp_individual_posteriors/2026-09-16/pin01_one_fet11-01_12-58-54/ripple/combined/multi/,p_x_given_n[127].png,2026-09-16 20:46:23+00:00,14764,pin01_one_fet11-01_12-58-54
3859,file,/umms-kdiba/Data/Output/collected_outputs/figures/_temp_individual_posteriors/2026-09-16/pin01_one_fet11-01_12-58-54/ripple/combined/multi/,p_x_given_n[128].png,2026-09-16 20:46:23+00:00,17569,pin01_one_fet11-01_12-58-54
3860,file,/umms-kdiba/Data/Output/collected_outputs/figures/_temp_individual_posteriors/2026-09-16/pin01_one_fet11-01_12-58-54/ripple/combined/multi/,p_x_given_n[129].png,2026-09-16 20:46:23+00:00,17335,pin01_one_fet11-01_12-58-54
3861,file,/umms-kdiba/Data/Output/collected_outputs/figures/_temp_individual_posteriors/2026-09-16/pin01_one_fet11-01_12-58-54/ripple/combined/multi/,p_x_given_n[130].png,2026-09-16 20:46:23+00:00,15853,pin01_one_fet11-01_12-58-54
3862,file,/umms-kdiba/Data/Output/collected_outputs/figures/_temp_individual_posteriors/2026-09-16/pin01_one_fet11-01_12-58-54/ripple/combined/multi/,p_x_given_n[131].png,2026-09-16 20:46:23+00:00,12778,pin01_one_fet11-01_12-58-54
3863,file,/umms-kdiba/Data/Output/collected_outputs/figures/_temp_individual_posteriors/2026-09-16/pin01_one_fet11-01_12-58-54/ripple/combined/multi/,p_x_given_n[132].png,2026-09-16 20:46:23+00:00,8617,pin01_one_fet11-01_12-58-54
3864,file,/umms-kdiba/Data/Output/collected_outputs/figures/_temp_individual_posteriors/2026-09-16/pin01_one_fet11-01_12-58-54/ripple/combined/multi/,p_x_given_n[133].png,2026-09-16 20:46:23+00:00,9941,pin01_one_fet11-01_12-58-54
3865,file,/umms-kdiba/Data/Output/collected_outputs/figures/_temp_individual_posteriors/2026-09-16/pin01_one_fet11-01_12-58-54/ripple/combined/multi/,p_x_given_n[137].png,2026-09-16 20:46:23+00:00,18322,pin01_one_fet11-01_12-58-54
3866,file,/umms-kdiba/Data/Output/collected_outputs/figures/_temp_individual_posteriors/2026-09-16/pin01_one_fet11-01_12-58-54/ripple/combined/multi/,p_x_given_n[138].png,2026-09-16 20:46:23+00:00,17983,pin01_one_fet11-01_12-58-54
3867,file,/umms-kdiba/Data/Output/collected_outputs/figures/_temp_individual_posteriors/2026-09-16/pin01_one_fet11-01_12-58-54/ripple/combined/multi/,p_x_given_n[139].png,2026-09-16 20:46:23+00:00,19974,pin01_one_fet11-01_12-58-54
3868,file,/umms-kdiba/Data/Output/collected_outputs/figures/_temp_individual_posteriors/2026-09-16/pin01_one_fet11-01_12-58-54/ripple/combined/multi/,p_x_given_n[140].png,2026-09-16 20:46:23+00:00,18461,pin01_one_fet11-01_12-58-54
3869,file,/umms-kdiba/Data/Output/collected_outputs/figures/_temp_individual_posteriors/2026-09-16/pin01_one_fet11-01_12-58-54/ripple/combined/multi/,p_x_given_n[147].png,2026-09-16 20:46:23+00:00,13735,pin01_one_fet11-01_12-58-54
3870,file,/umms-kdiba/Data/Output/collected_outputs/figures/_temp_individual_posteriors/2026-09-16/pin01_one_fet11-01_12-58-54/ripple/combined/multi/,p_x_given_n[149].png,2026-09-16 20:46:23+00:00,16143,pin01_one_fet11-01_12-58-54
3871,file,/umms-kdiba/Data/Output/collected_outputs/figures/_temp_individual_posteriors/2026-09-16/pin01_one_fet11-01_12-58-54/ripple/combined/multi/,p_x_given_n[150].png,2026-09-16 20:46:23+00:00,16039,pin01_one_fet11-01_12-58-54
3872,file,/umms-kdiba/Data/Output/collected_outputs/figures/_temp_individual_posteriors/2026-09-16/pin01_one_fet11-01_12-58-54/ripple/combined/multi/,p_x_given_n[151].png,2026-09-16 20:46:23+00:00,7224,pin01_one_fet11-01_12-58-54
3873,file,/umms-kdiba/Data/Output/collected_outputs/figures/_temp_individual_posteriors/2026-09-16/pin01_one_fet11-01_12-58-54/ripple/combined/multi/,p_x_given_n[152].png,2026-09-16 20:46:23+00:00,13012,pin01_one_fet11-01_12-58-54
3874,file,/umms-kdiba/Data/Output/collected_outputs/figures/_temp_individual_posteriors/2026-09-16/pin01_one_fet11-01_12-58-54/ripple/combined/multi/,p_x_given_n[156].png,2026-09-16 20:46:23+00:00,15015,pin01_one_fet11-01_12-58-54
3875,file,/umms-kdiba/Data/Output/collected_outputs/figures/_temp_individual_posteriors/2026-09-16/pin01_one_fet11-01_12-58-54/ripple/combined/multi/,p_x_given_n[157].png,2026-09-16 20:46:23+00:00,12392,pin01_one_fet11-01_12-58-54
3876,file,/umms-kdiba/Data/Output/collected_outputs/figures/_temp_individual_posteriors/2026-09-16/pin01_one_fet11-01_12-58-54/ripple/combined/multi/,p_x_given_n[158].png,2026-09-16 20:46:23+00:00,20778,pin01_one_fet11-01_12-58-54
3877,file,/umms-kdiba/Data/Output/collected_outputs/figures/_temp_individual_posteriors/2026-09-16/pin01_one_fet11-01_12-58-54/ripple/combined/multi/,p_x_given_n[159].png,2026-09-16 20:46:23+00:00,20391,pin01_one_fet11-01_12-58-54
3878,file,/umms-kdiba/Data/Output/collected_outputs/figures/_temp_individual_posteriors/2026-09-16/pin01_one_fet11-01_12-58-54/ripple/combined/multi/,p_x_given_n[160].png,2026-09-16 20:46:23+00:00,14778,pin01_one_fet11-01_12-58-54
3879,file,/umms-kdiba/Data/Output/collected_outputs/figures/_temp_individual_posteriors/2026-09-16/pin01_one_fet11-01_12-58-54/ripple/combined/multi/,p_x_given_n[161].png,2026-09-16 20:46:23+00:00,18126,pin01_one_fet11-01_12-58-54
3880,file,/umms-kdiba/Data/Output/collected_outputs/figures/_temp_individual_posteriors/2026-09-16/pin01_one_fet11-01_12-58-54/ripple/combined/multi/,p_x_given_n[163].png,2026-09-16 20:46:23+00:00,10822,pin01_one_fet11-01_12-58-54
3881,file,/umms-kdiba/Data/Output/collected_outputs/figures/_temp_individual_posteriors/2026-09-16/pin01_one_fet11-01_12-58-54/ripple/combined/multi/,p_x_given_n[164].png,2026-09-16 20:46:23+00:00,18165,pin01_one_fet11-01_12-58-54
3882,file,/umms-kdiba/Data/Output/collected_outputs/figures/_temp_individual_posteriors/2026-09-16/pin01_one_fet11-01_12-58-54/ripple/combined/multi/,p_x_given_n[165].png,2026-09-16 20:46:23+00:00,14738,pin01_one_fet11-01_12-58-54
3883,file,/umms-kdiba/Data/Output/collected_outputs/figures/_temp_individual_posteriors/2026-09-16/pin01_one_fet11-01_12-58-54/ripple/combined/multi/,p_x_given_n[171].png,2026-09-16 20:46:23+00:00,17228,pin01_one_fet11-01_12-58-54
3884,file,/umms-kdiba/Data/Output/collected_outputs/figures/_temp_individual_posteriors/2026-09-16/pin01_one_fet11-01_12-58-54/ripple/combined/multi/,p_x_given_n[174].png,2026-09-16 20:46:23+00:00,17267,pin01_one_fet11-01_12-58-54
3885,file,/umms-kdiba/Data/Output/collected_outputs/figures/_temp_individual_posteriors/2026-09-16/pin01_one_fet11-01_12-58-54/ripple/combined/multi/,p_x_given_n[175].png,2026-09-16 20:46:23+00:00,16751,pin01_one_fet11-01_12-58-54
3886,file,/umms-kdiba/Data/Output/collected_outputs/figures/_temp_individual_posteriors/2026-09-16/pin01_one_fet11-01_12-58-54/ripple/combined/multi/,p_x_given_n[179].png,2026-09-16 20:46:23+00:00,18721,pin01_one_fet11-01_12-58-54
3887,file,/umms-kdiba/Data/Output/collected_outputs/figures/_temp_individual_posteriors/2026-09-16/pin01_one_fet11-01_12-58-54/ripple/combined/multi/,p_x_given_n[186].png,2026-09-16 20:46:23+00:00,19599,pin01_one_fet11-01_12-58-54
3888,file,/umms-kdiba/Data/Output/collected_outputs/figures/_temp_individual_posteriors/2026-09-16/pin01_one_fet11-01_12-58-54/ripple/combined/multi/,p_x_given_n[046].png,2026-09-16 20:46:22+00:00,17995,pin01_one_fet11-01_12-58-54
3889,file,/umms-kdiba/Data/Output/collected_outputs/figures/_temp_individual_posteriors/2026-09-16/pin01_one_fet11-01_12-58-54/ripple/combined/multi/,p_x_given_n[047].png,2026-09-16 20:46:22+00:00,11711,pin01_one_fet11-01_12-58-54
3890,file,/umms-kdiba/Data/Output/collected_outputs/figures/_temp_individual_posteriors/2026-09-16/pin01_one_fet11-01_12-58-54/ripple/combined/multi/,p_x_given_n[048].png,2026-09-16 20:46:22+00:00,20696,pin01_one_fet11-01_12-58-54
3891,file,/umms-kdiba/Data/Output/collected_outputs/figures/_temp_individual_posteriors/2026-09-16/pin01_one_fet11-01_12-58-54/ripple/combined/multi/,p_x_given_n[050].png,2026-09-16 20:46:22+00:00,17529,pin01_one_fet11-01_12-58-54
3892,file,/umms-kdiba/Data/Output/collected_outputs/figures/_temp_individual_posteriors/2026-09-16/pin01_one_fet11-01_12-58-54/ripple/combined/multi/,p_x_given_n[052].png,2026-09-16 20:46:22+00:00,22394,pin01_one_fet11-01_12-58-54
3893,file,/umms-kdiba/Data/Output/collected_outputs/figures/_temp_individual_posteriors/2026-09-16/pin01_one_fet11-01_12-58-54/ripple/combined/multi/,p_x_given_n[053].png,2026-09-16 20:46:22+00:00,9933,pin01_one_fet11-01_12-58-54
3894,file,/umms-kdiba/Data/Output/collected_outputs/figures/_temp_individual_posteriors/2026-09-16/pin01_one_fet11-01_12-58-54/ripple/combined/multi/,p_x_given_n[054].png,2026-09-16 20:46:22+00:00,17249,pin01_one_fet11-01_12-58-54
3895,file,/umms-kdiba/Data/Output/collected_outputs/figures/_temp_individual_posteriors/2026-09-16/pin01_one_fet11-01_12-58-54/ripple/combined/multi/,p_x_given_n[056].png,2026-09-16 20:46:22+00:00,21363,pin01_one_fet11-01_12-58-54
3896,file,/umms-kdiba/Data/Output/collected_outputs/figures/_temp_individual_posteriors/2026-09-16/pin01_one_fet11-01_12-58-54/ripple/combined/multi/,p_x_given_n[060].png,2026-09-16 20:46:22+00:00,21528,pin01_one_fet11-01_12-58-54
3897,file,/umms-kdiba/Data/Output/collected_outputs/figures/_temp_individual_posteriors/2026-09-16/pin01_one_fet11-01_12-58-54/ripple/combined/multi/,p_x_given_n[062].png,2026-09-16 20:46:22+00:00,19599,pin01_one_fet11-01_12-58-54
3898,file,/umms-kdiba/Data/Output/collected_outputs/figures/_temp_individual_posteriors/2026-09-16/pin01_one_fet11-01_12-58-54/ripple/combined/multi/,p_x_given_n[063].png,2026-09-16 20:46:22+00:00,21716,pin01_one_fet11-01_12-58-54
3899,file,/umms-kdiba/Data/Output/collected_outputs/figures/_temp_individual_posteriors/2026-09-16/pin01_one_fet11-01_12-58-54/ripple/combined/multi/,p_x_given_n[064].png,2026-09-16 20:46:22+00:00,17849,pin01_one_fet11-01_12-58-54
3900,file,/umms-kdiba/Data/Output/collected_outputs/figures/_temp_individual_posteriors/2026-09-16/pin01_one_fet11-01_12-58-54/ripple/combined/multi/,p_x_given_n[066].png,2026-09-16 20:46:22+00:00,17002,pin01_one_fet11-01_12-58-54
3901,file,/umms-kdiba/Data/Output/collected_outputs/figures/_temp_individual_posteriors/2026-09-16/pin01_one_fet11-01_12-58-54/ripple/combined/multi/,p_x_given_n[069].png,2026-09-16 20:46:22+00:00,20807,pin01_one_fet11-01_12-58-54
3902,file,/umms-kdiba/Data/Output/collected_outputs/figures/_temp_individual_posteriors/2026-09-16/pin01_one_fet11-01_12-58-54/ripple/combined/multi/,p_x_given_n[071].png,2026-09-16 20:46:22+00:00,18640,pin01_one_fet11-01_12-58-54
3903,file,/umms-kdiba/Data/Output/collected_outputs/figures/_temp_individual_posteriors/2026-09-16/pin01_one_fet11-01_12-58-54/ripple/combined/multi/,p_x_given_n[077].png,2026-09-16 20:46:22+00:00,12346,pin01_one_fet11-01_12-58-54
3904,file,/umms-kdiba/Data/Output/collected_outputs/figures/_temp_individual_posteriors/2026-09-16/pin01_one_fet11-01_12-58-54/ripple/combined/multi/,p_x_given_n[079].png,2026-09-16 20:46:22+00:00,19448,pin01_one_fet11-01_12-58-54
3905,file,/umms-kdiba/Data/Output/collected_outputs/figures/_temp_individual_posteriors/2026-09-16/pin01_one_fet11-01_12-58-54/ripple/combined/multi/,p_x_given_n[082].png,2026-09-16 20:46:22+00:00,17422,pin01_one_fet11-01_12-58-54
3906,file,/umms-kdiba/Data/Output/collected_outputs/figures/_temp_individual_posteriors/2026-09-16/pin01_one_fet11-01_12-58-54/ripple/combined/multi/,p_x_given_n[083].png,2026-09-16 20:46:22+00:00,19543,pin01_one_fet11-01_12-58-54
3907,file,/umms-kdiba/Data/Output/collected_outputs/figures/_temp_individual_posteriors/2026-09-16/pin01_one_fet11-01_12-58-54/ripple/combined/multi/,p_x_given_n[087].png,2026-09-16 20:46:22+00:00,16392,pin01_one_fet11-01_12-58-54
3908,file,/umms-kdiba/Data/Output/collected_outputs/figures/_temp_individual_posteriors/2026-09-16/pin01_one_fet11-01_12-58-54/ripple/combined/multi/,p_x_given_n[088].png,2026-09-16 20:46:22+00:00,10143,pin01_one_fet11-01_12-58-54
3909,file,/umms-kdiba/Data/Output/collected_outputs/figures/_temp_individual_posteriors/2026-09-16/pin01_one_fet11-01_12-58-54/ripple/combined/multi/,p_x_given_n[089].png,2026-09-16 20:46:22+00:00,20585,pin01_one_fet11-01_12-58-54
3910,file,/umms-kdiba/Data/Output/collected_outputs/figures/_temp_individual_posteriors/2026-09-16/pin01_one_fet11-01_12-58-54/ripple/combined/multi/,p_x_given_n[091].png,2026-09-16 20:46:22+00:00,21160,pin01_one_fet11-01_12-58-54
3911,file,/umms-kdiba/Data/Output/collected_outputs/figures/_temp_individual_posteriors/2026-09-16/pin01_one_fet11-01_12-58-54/ripple/combined/multi/,p_x_given_n[092].png,2026-09-16 20:46:22+00:00,23756,pin01_one_fet11-01_12-58-54
3912,file,/umms-kdiba/Data/Output/collected_outputs/figures/_temp_individual_posteriors/2026-09-16/pin01_one_fet11-01_12-58-54/ripple/combined/multi/,p_x_given_n[097].png,2026-09-16 20:46:22+00:00,22043,pin01_one_fet11-01_12-58-54
3913,file,/umms-kdiba/Data/Output/collected_outputs/figures/_temp_individual_posteriors/2026-09-16/pin01_one_fet11-01_12-58-54/ripple/combined/multi/,p_x_given_n[099].png,2026-09-16 20:46:22+00:00,17739,pin01_one_fet11-01_12-58-54
3914,file,/umms-kdiba/Data/Output/collected_outputs/figures/_temp_individual_posteriors/2026-09-16/pin01_one_fet11-01_12-58-54/ripple/combined/multi/,p_x_given_n[100].png,2026-09-16 20:46:22+00:00,17611,pin01_one_fet11-01_12-58-54
3915,file,/umms-kdiba/Data/Output/collected_outputs/figures/_temp_individual_posteriors/2026-09-16/pin01_one_fet11-01_12-58-54/ripple/combined/multi/,p_x_given_n[107].png,2026-09-16 20:46:22+00:00,19461,pin01_one_fet11-01_12-58-54
3916,file,/umms-kdiba/Data/Output/collected_outputs/figures/_temp_individual_posteriors/2026-09-16/pin01_one_fet11-01_12-58-54/ripple/combined/multi/,p_x_given_n[108].png,2026-09-16 20:46:22+00:00,13001,pin01_one_fet11-01_12-58-54
3917,file,/umms-kdiba/Data/Output/collected_outputs/figures/_temp_individual_posteriors/2026-09-16/pin01_one_fet11-01_12-58-54/ripple/combined/multi/,p_x_given_n[111].png,2026-09-16 20:46:22+00:00,18033,pin01_one_fet11-01_12-58-54
3918,file,/umms-kdiba/Data/Output/collected_outputs/figures/_temp_individual_posteriors/2026-09-16/pin01_one_fet11-01_12-58-54/ripple/combined/multi/,p_x_given_n[112].png,2026-09-16 20:46:22+00:00,17824,pin01_one_fet11-01_12-58-54
3919,file,/umms-kdiba/Data/Output/collected_outputs/figures/_temp_individual_posteriors/2026-09-16/pin01_one_fet11-01_12-58-54/ripple/combined/multi/,p_x_given_n[113].png,2026-09-16 20:46:22+00:00,11894,pin01_one_fet11-01_12-58-54
3920,file,/umms-kdiba/Data/Output/collected_outputs/figures/_temp_individual_posteriors/2026-09-16/pin01_one_fet11-01_12-58-54/ripple/combined/multi/,p_x_given_n[115].png,2026-09-16 20:46:22+00:00,15119,pin01_one_fet11-01_12-58-54
3921,file,/umms-kdiba/Data/Output/collected_outputs/figures/_temp_individual_posteriors/2026-09-16/pin01_one_fet11-01_12-58-54/ripple/combined/multi/,p_x_given_n[000].png,2026-09-16 20:46:21+00:00,20860,pin01_one_fet11-01_12-58-54
3922,file,/umms-kdiba/Data/Output/collected_outputs/figures/_temp_individual_posteriors/2026-09-16/pin01_one_fet11-01_12-58-54/ripple/combined/multi/,p_x_given_n[001].png,2026-09-16 20:46:21+00:00,22242,pin01_one_fet11-01_12-58-54
3923,file,/umms-kdiba/Data/Output/collected_outputs/figures/_temp_individual_posteriors/2026-09-16/pin01_one_fet11-01_12-58-54/ripple/combined/multi/,p_x_given_n[003].png,2026-09-16 20:46:21+00:00,20571,pin01_one_fet11-01_12-58-54
3924,file,/umms-kdiba/Data/Output/collected_outputs/figures/_temp_individual_posteriors/2026-09-16/pin01_one_fet11-01_12-58-54/ripple/combined/multi/,p_x_given_n[012].png,2026-09-16 20:46:21+00:00,18147,pin01_one_fet11-01_12-58-54
3925,file,/umms-kdiba/Data/Output/collected_outputs/figures/_temp_individual_posteriors/2026-09-16/pin01_one_fet11-01_12-58-54/ripple/combined/multi/,p_x_given_n[014].png,2026-09-16 20:46:21+00:00,13197,pin01_one_fet11-01_12-58-54
3926,file,/umms-kdiba/Data/Output/collected_outputs/figures/_temp_individual_posteriors/2026-09-16/pin01_one_fet11-01_12-58-54/ripple/combined/multi/,p_x_given_n[021].png,2026-09-16 20:46:21+00:00,16266,pin01_one_fet11-01_12-58-54
3927,file,/umms-kdiba/Data/Output/collected_outputs/figures/_temp_individual_posteriors/2026-09-16/pin01_one_fet11-01_12-58-54/ripple/combined/multi/,p_x_given_n[022].png,2026-09-16 20:46:21+00:00,16931,pin01_one_fet11-01_12-58-54
3928,file,/umms-kdiba/Data/Output/collected_outputs/figures/_temp_individual_posteriors/2026-09-16/pin01_one_fet11-01_12-58-54/ripple/combined/multi/,p_x_given_n[023].png,2026-09-16 20:46:21+00:00,9176,pin01_one_fet11-01_12-58-54
3929,file,/umms-kdiba/Data/Output/collected_outputs/figures/_temp_individual_posteriors/2026-09-16/pin01_one_fet11-01_12-58-54/ripple/combined/multi/,p_x_given_n[025].png,2026-09-16 20:46:21+00:00,16443,pin01_one_fet11-01_12-58-54
3930,file,/umms-kdiba/Data/Output/collected_outputs/figures/_temp_individual_posteriors/2026-09-16/pin01_one_fet11-01_12-58-54/ripple/combined/multi/,p_x_given_n[027].png,2026-09-16 20:46:21+00:00,20717,pin01_one_fet11-01_12-58-54
3931,file,/umms-kdiba/Data/Output/collected_outputs/figures/_temp_individual_posteriors/2026-09-16/pin01_one_fet11-01_12-58-54/ripple/combined/multi/,p_x_given_n[028].png,2026-09-16 20:46:21+00:00,18063,pin01_one_fet11-01_12-58-54
3932,file,/umms-kdiba/Data/Output/collected_outputs/figures/_temp_individual_posteriors/2026-09-16/pin01_one_fet11-01_12-58-54/ripple/combined/multi/,p_x_given_n[031].png,2026-09-16 20:46:21+00:00,9279,pin01_one_fet11-01_12-58-54
3933,file,/umms-kdiba/Data/Output/collected_outputs/figures/_temp_individual_posteriors/2026-09-16/pin01_one_fet11-01_12-58-54/ripple/combined/multi/,p_x_given_n[033].png,2026-09-16 20:46:21+00:00,15406,pin01_one_fet11-01_12-58-54
3934,file,/umms-kdiba/Data/Output/collected_outputs/figures/_temp_individual_posteriors/2026-09-16/pin01_one_fet11-01_12-58-54/ripple/combined/multi/,p_x_given_n[034].png,2026-09-16 20:46:21+00:00,20455,pin01_one_fet11-01_12-58-54
3935,file,/umms-kdiba/Data/Output/collected_outputs/figures/_temp_individual_posteriors/2026-09-16/pin01_one_fet11-01_12-58-54/ripple/combined/multi/,p_x_given_n[035].png,2026-09-16 20:46:21+00:00,20318,pin01_one_fet11-01_12-58-54
3936,file,/umms-kdiba/Data/Output/collected_outputs/figures/_temp_individual_posteriors/2026-09-16/pin01_one_fet11-01_12-58-54/ripple/combined/multi/,p_x_given_n[036].png,2026-09-16 20:46:21+00:00,19405,pin01_one_fet11-01_12-58-54
3937,file,/umms-kdiba/Data/Output/collected_outputs/figures/_temp_individual_posteriors/2026-09-16/pin01_one_fet11-01_12-58-54/ripple/combined/multi/,p_x_given_n[040].png,2026-09-16 20:46:21+00:00,22192,pin01_one_fet11-01_12-58-54
3938,file,/umms-kdiba/Data/Output/collected_outputs/figures/_temp_individual_posteriors/2026-09-16/pin01_one_fet11-01_12-58-54/ripple/combined/multi/,p_x_given_n[041].png,2026-09-16 20:46:21+00:00,15592,pin01_one_fet11-01_12-58-54
3939,file,/umms-kdiba/Data/Output/collected_outputs/figures/_temp_individual_posteriors/2026-09-16/pin01_one_fet11-01_12-58-54/ripple/combined/multi/,p_x_given_n[042].png,2026-09-16 20:46:21+00:00,21631,pin01_one_fet11-01_12-58-54
3940,file,/umms-kdiba/Data/Output/collected_outputs/figures/_temp_individual_posteriors/2026-09-16/pin01_one_fet11-01_12-58-54/ripple/combined/multi/,p_x_given_n[045].png,2026-09-16 20:46:21+00:00,6961,pin01_one_fet11-01_12-58-54
3941,file,/umms-kdiba/Data/Output/collected_outputs/figures/_temp_individual_posteriors/2026-09-16/vvp01_two_2006-4-09_16-40-54/ripple/combined/multi/,p_x_given_n[385].png,2026-09-16 23:02:03+00:00,11141,vvp01_two_2006-4-09_16-40-54
3942,file,/umms-kdiba/Data/Output/collected_outputs/figures/_temp_individual_posteriors/2026-09-16/vvp01_two_2006-4-09_16-40-54/ripple/combined/multi/,p_x_given_n[102].png,2026-09-16 23:02:02+00:00,6877,vvp01_two_2006-4-09_16-40-54
3943,file,/umms-kdiba/Data/Output/collected_outputs/figures/_temp_individual_posteriors/2026-09-16/vvp01_two_2006-4-09_16-40-54/ripple/combined/multi/,p_x_given_n[104].png,2026-09-16 23:02:02+00:00,15268,vvp01_two_2006-4-09_16-40-54
3944,file,/umms-kdiba/Data/Output/collected_outputs/figures/_temp_individual_posteriors/2026-09-16/vvp01_two_2006-4-09_16-40-54/ripple/combined/multi/,p_x_given_n[106].png,2026-09-16 23:02:02+00:00,9598,vvp01_two_2006-4-09_16-40-54
3945,file,/umms-kdiba/Data/Output/collected_outputs/figures/_temp_individual_posteriors/2026-09-16/vvp01_two_2006-4-09_16-40-54/ripple/combined/multi/,p_x_given_n[110].png,2026-09-16 23:02:02+00:00,8606,vvp01_two_2006-4-09_16-40-54
3946,file,/umms-kdiba/Data/Output/collected_outputs/figures/_temp_individual_posteriors/2026-09-16/vvp01_two_2006-4-09_16-40-54/ripple/combined/multi/,p_x_given_n[116].png,2026-09-16 23:02:02+00:00,6651,vvp01_two_2006-4-09_16-40-54
3947,file,/umms-kdiba/Data/Output/collected_outputs/figures/_temp_individual_posteriors/2026-09-16/vvp01_two_2006-4-09_16-40-54/ripple/combined/multi/,p_x_given_n[122].png,2026-09-16 23:02:02+00:00,8558,vvp01_two_2006-4-09_16-40-54
3948,file,/umms-kdiba/Data/Output/collected_outputs/figures/_temp_individual_posteriors/2026-09-16/vvp01_two_2006-4-09_16-40-54/ripple/combined/multi/,p_x_given_n[129].png,2026-09-16 23:02:02+00:00,8254,vvp01_two_2006-4-09_16-40-54
3949,file,/umms-kdiba/Data/Output/collected_outputs/figures/_temp_individual_posteriors/2026-09-16/vvp01_two_2006-4-09_16-40-54/ripple/combined/multi/,p_x_given_n[130].png,2026-09-16 23:02:02+00:00,3126,vvp01_two_2006-4-09_16-40-54
3950,file,/umms-kdiba/Data/Output/collected_outputs/figures/_temp_individual_posteriors/2026-09-16/vvp01_two_2006-4-09_16-40-54/ripple/combined/multi/,p_x_given_n[132].png,2026-09-16 23:02:02+00:00,8181,vvp01_two_2006-4-09_16-40-54
3951,file,/umms-kdiba/Data/Output/collected_outputs/figures/_temp_individual_posteriors/2026-09-16/vvp01_two_2006-4-09_16-40-54/ripple/combined/multi/,p_x_given_n[134].png,2026-09-16 23:02:02+00:00,3078,vvp01_two_2006-4-09_16-40-54
3952,file,/umms-kdiba/Data/Output/collected_outputs/figures/_temp_individual_posteriors/2026-09-16/vvp01_two_2006-4-09_16-40-54/ripple/combined/multi/,p_x_given_n[135].png,2026-09-16 23:02:02+00:00,3644,vvp01_two_2006-4-09_16-40-54
3953,file,/umms-kdiba/Data/Output/collected_outputs/figures/_temp_individual_posteriors/2026-09-16/vvp01_two_2006-4-09_16-40-54/ripple/combined/multi/,p_x_given_n[138].png,2026-09-16 23:02:02+00:00,12514,vvp01_two_2006-4-09_16-40-54
3954,file,/umms-kdiba/Data/Output/collected_outputs/figures/_temp_individual_posteriors/2026-09-16/vvp01_two_2006-4-09_16-40-54/ripple/combined/multi/,p_x_given_n[139].png,2026-09-16 23:02:02+00:00,3114,vvp01_two_2006-4-09_16-40-54
3955,file,/umms-kdiba/Data/Output/collected_outputs/figures/_temp_individual_posteriors/2026-09-16/vvp01_two_2006-4-09_16-40-54/ripple/combined/multi/,p_x_given_n[140].png,2026-09-16 23:02:02+00:00,6578,vvp01_two_2006-4-09_16-40-54
3956,file,/umms-kdiba/Data/Output/collected_outputs/figures/_temp_individual_posteriors/2026-09-16/vvp01_two_2006-4-09_16-40-54/ripple/combined/multi/,p_x_given_n[141].png,2026-09-16 23:02:02+00:00,2282,vvp01_two_2006-4-09_16-40-54
3957,file,/umms-kdiba/Data/Output/collected_outputs/figures/_temp_individual_posteriors/2026-09-16/vvp01_two_2006-4-09_16-40-54/ripple/combined/multi/,p_x_given_n[143].png,2026-09-16 23:02:02+00:00,6011,vvp01_two_2006-4-09_16-40-54
3958,file,/umms-kdiba/Data/Output/collected_outputs/figures/_temp_individual_posteriors/2026-09-16/vvp01_two_2006-4-09_16-40-54/ripple/combined/multi/,p_x_given_n[148].png,2026-09-16 23:02:02+00:00,3309,vvp01_two_2006-4-09_16-40-54
3959,file,/umms-kdiba/Data/Output/collected_outputs/figures/_temp_individual_posteriors/2026-09-16/vvp01_two_2006-4-09_16-40-54/ripple/combined/multi/,p_x_given_n[152].png,2026-09-16 23:02:02+00:00,12111,vvp01_two_2006-4-09_16-40-54
3960,file,/umms-kdiba/Data/Output/collected_outputs/figures/_temp_individual_posteriors/2026-09-16/vvp01_two_2006-4-09_16-40-54/ripple/combined/multi/,p_x_given_n[153].png,2026-09-16 23:02:02+00:00,3408,vvp01_two_2006-4-09_16-40-54
3961,file,/umms-kdiba/Data/Output/collected_outputs/figures/_temp_individual_posteriors/2026-09-16/vvp01_two_2006-4-09_16-40-54/ripple/combined/multi/,p_x_given_n[156].png,2026-09-16 23:02:02+00:00,7595,vvp01_two_2006-4-09_16-40-54
3962,file,/umms-kdiba/Data/Output/collected_outputs/figures/_temp_individual_posteriors/2026-09-16/vvp01_two_2006-4-09_16-40-54/ripple/combined/multi/,p_x_given_n[166].png,2026-09-16 23:02:02+00:00,2786,vvp01_two_2006-4-09_16-40-54
3963,file,/umms-kdiba/Data/Output/collected_outputs/figures/_temp_individual_posteriors/2026-09-16/vvp01_two_2006-4-09_16-40-54/ripple/combined/multi/,p_x_given_n[170].png,2026-09-16 23:02:02+00:00,3934,vvp01_two_2006-4-09_16-40-54
3964,file,/umms-kdiba/Data/Output/collected_outputs/figures/_temp_individual_posteriors/2026-09-16/vvp01_two_2006-4-09_16-40-54/ripple/combined/multi/,p_x_given_n[171].png,2026-09-16 23:02:02+00:00,9291,vvp01_two_2006-4-09_16-40-54
3965,file,/umms-kdiba/Data/Output/collected_outputs/figures/_temp_individual_posteriors/2026-09-16/vvp01_two_2006-4-09_16-40-54/ripple/combined/multi/,p_x_given_n[174].png,2026-09-16 23:02:02+00:00,14618,vvp01_two_2006-4-09_16-40-54
3966,file,/umms-kdiba/Data/Output/collected_outputs/figures/_temp_individual_posteriors/2026-09-16/vvp01_two_2006-4-09_16-40-54/ripple/combined/multi/,p_x_given_n[181].png,2026-09-16 23:02:02+00:00,6516,vvp01_two_2006-4-09_16-40-54
3967,file,/umms-kdiba/Data/Output/collected_outputs/figures/_temp_individual_posteriors/2026-09-16/vvp01_two_2006-4-09_16-40-54/ripple/combined/multi/,p_x_given_n[184].png,2026-09-16 23:02:02+00:00,3342,vvp01_two_2006-4-09_16-40-54
3968,file,/umms-kdiba/Data/Output/collected_outputs/figures/_temp_individual_posteriors/2026-09-16/vvp01_two_2006-4-09_16-40-54/ripple/combined/multi/,p_x_given_n[186].png,2026-09-16 23:02:02+00:00,5549,vvp01_two_2006-4-09_16-40-54
3969,file,/umms-kdiba/Data/Output/collected_outputs/figures/_temp_individual_posteriors/2026-09-16/vvp01_two_2006-4-09_16-40-54/ripple/combined/multi/,p_x_given_n[189].png,2026-09-16 23:02:02+00:00,15232,vvp01_two_2006-4-09_16-40-54
3970,file,/umms-kdiba/Data/Output/collected_outputs/figures/_temp_individual_posteriors/2026-09-16/vvp01_two_2006-4-09_16-40-54/ripple/combined/multi/,p_x_given_n[201].png,2026-09-16 23:02:02+00:00,11311,vvp01_two_2006-4-09_16-40-54
3971,file,/umms-kdiba/Data/Output/collected_outputs/figures/_temp_individual_posteriors/2026-09-16/vvp01_two_2006-4-09_16-40-54/ripple/combined/multi/,p_x_given_n[202].png,2026-09-16 23:02:02+00:00,6445,vvp01_two_2006-4-09_16-40-54
3972,file,/umms-kdiba/Data/Output/collected_outputs/figures/_temp_individual_posteriors/2026-09-16/vvp01_two_2006-4-09_16-40-54/ripple/combined/multi/,p_x_given_n[206].png,2026-09-16 23:02:02+00:00,898,vvp01_two_2006-4-09_16-40-54
3973,file,/umms-kdiba/Data/Output/collected_outputs/figures/_temp_individual_posteriors/2026-09-16/vvp01_two_2006-4-09_16-40-54/ripple/combined/multi/,p_x_given_n[207].png,2026-09-16 23:02:02+00:00,4276,vvp01_two_2006-4-09_16-40-54
3974,file,/umms-kdiba/Data/Output/collected_outputs/figures/_temp_individual_posteriors/2026-09-16/vvp01_two_2006-4-09_16-40-54/ripple/combined/multi/,p_x_given_n[214].png,2026-09-16 23:02:02+00:00,3142,vvp01_two_2006-4-09_16-40-54
3975,file,/umms-kdiba/Data/Output/collected_outputs/figures/_temp_individual_posteriors/2026-09-16/vvp01_two_2006-4-09_16-40-54/ripple/combined/multi/,p_x_given_n[219].png,2026-09-16 23:02:02+00:00,13389,vvp01_two_2006-4-09_16-40-54
3976,file,/umms-kdiba/Data/Output/collected_outputs/figures/_temp_individual_posteriors/2026-09-16/vvp01_two_2006-4-09_16-40-54/ripple/combined/multi/,p_x_given_n[225].png,2026-09-16 23:02:02+00:00,2560,vvp01_two_2006-4-09_16-40-54
3977,file,/umms-kdiba/Data/Output/collected_outputs/figures/_temp_individual_posteriors/2026-09-16/vvp01_two_2006-4-09_16-40-54/ripple/combined/multi/,p_x_given_n[234].png,2026-09-16 23:02:02+00:00,11325,vvp01_two_2006-4-09_16-40-54
3978,file,/umms-kdiba/Data/Output/collected_outputs/figures/_temp_individual_posteriors/2026-09-16/vvp01_two_2006-4-09_16-40-54/ripple/combined/multi/,p_x_given_n[235].png,2026-09-16 23:02:02+00:00,8342,vvp01_two_2006-4-09_16-40-54
3979,file,/umms-kdiba/Data/Output/collected_outputs/figures/_temp_individual_posteriors/2026-09-16/vvp01_two_2006-4-09_16-40-54/ripple/combined/multi/,p_x_given_n[240].png,2026-09-16 23:02:02+00:00,9883,vvp01_two_2006-4-09_16-40-54
3980,file,/umms-kdiba/Data/Output/collected_outputs/figures/_temp_individual_posteriors/2026-09-16/vvp01_two_2006-4-09_16-40-54/ripple/combined/multi/,p_x_given_n[246].png,2026-09-16 23:02:02+00:00,11755,vvp01_two_2006-4-09_16-40-54
3981,file,/umms-kdiba/Data/Output/collected_outputs/figures/_temp_individual_posteriors/2026-09-16/vvp01_two_2006-4-09_16-40-54/ripple/combined/multi/,p_x_given_n[260].png,2026-09-16 23:02:02+00:00,6238,vvp01_two_2006-4-09_16-40-54
3982,file,/umms-kdiba/Data/Output/collected_outputs/figures/_temp_individual_posteriors/2026-09-16/vvp01_two_2006-4-09_16-40-54/ripple/combined/multi/,p_x_given_n[273].png,2026-09-16 23:02:02+00:00,5855,vvp01_two_2006-4-09_16-40-54
3983,file,/umms-kdiba/Data/Output/collected_outputs/figures/_temp_individual_posteriors/2026-09-16/vvp01_two_2006-4-09_16-40-54/ripple/combined/multi/,p_x_given_n[276].png,2026-09-16 23:02:02+00:00,8918,vvp01_two_2006-4-09_16-40-54
3984,file,/umms-kdiba/Data/Output/collected_outputs/figures/_temp_individual_posteriors/2026-09-16/vvp01_two_2006-4-09_16-40-54/ripple/combined/multi/,p_x_given_n[278].png,2026-09-16 23:02:02+00:00,406,vvp01_two_2006-4-09_16-40-54
3985,file,/umms-kdiba/Data/Output/collected_outputs/figures/_temp_individual_posteriors/2026-09-16/vvp01_two_2006-4-09_16-40-54/ripple/combined/multi/,p_x_given_n[281].png,2026-09-16 23:02:02+00:00,4775,vvp01_two_2006-4-09_16-40-54
3986,file,/umms-kdiba/Data/Output/collected_outputs/figures/_temp_individual_posteriors/2026-09-16/vvp01_two_2006-4-09_16-40-54/ripple/combined/multi/,p_x_given_n[286].png,2026-09-16 23:02:02+00:00,5803,vvp01_two_2006-4-09_16-40-54
3987,file,/umms-kdiba/Data/Output/collected_outputs/figures/_temp_individual_posteriors/2026-09-16/vvp01_two_2006-4-09_16-40-54/ripple/combined/multi/,p_x_given_n[290].png,2026-09-16 23:02:02+00:00,13394,vvp01_two_2006-4-09_16-40-54
3988,file,/umms-kdiba/Data/Output/collected_outputs/figures/_temp_individual_posteriors/2026-09-16/vvp01_two_2006-4-09_16-40-54/ripple/combined/multi/,p_x_given_n[298].png,2026-09-16 23:02:02+00:00,5986,vvp01_two_2006-4-09_16-40-54
3989,file,/umms-kdiba/Data/Output/collected_outputs/figures/_temp_individual_posteriors/2026-09-16/vvp01_two_2006-4-09_16-40-54/ripple/combined/multi/,p_x_given_n[299].png,2026-09-16 23:02:02+00:00,6086,vvp01_two_2006-4-09_16-40-54
3990,file,/umms-kdiba/Data/Output/collected_outputs/figures/_temp_individual_posteriors/2026-09-16/vvp01_two_2006-4-09_16-40-54/ripple/combined/multi/,p_x_given_n[300].png,2026-09-16 23:02:02+00:00,3286,vvp01_two_2006-4-09_16-40-54
3991,file,/umms-kdiba/Data/Output/collected_outputs/figures/_temp_individual_posteriors/2026-09-16/vvp01_two_2006-4-09_16-40-54/ripple/combined/multi/,p_x_given_n[302].png,2026-09-16 23:02:02+00:00,2931,vvp01_two_2006-4-09_16-40-54
3992,file,/umms-kdiba/Data/Output/collected_outputs/figures/_temp_individual_posteriors/2026-09-16/vvp01_two_2006-4-09_16-40-54/ripple/combined/multi/,p_x_given_n[306].png,2026-09-16 23:02:02+00:00,5355,vvp01_two_2006-4-09_16-40-54
3993,file,/umms-kdiba/Data/Output/collected_outputs/figures/_temp_individual_posteriors/2026-09-16/vvp01_two_2006-4-09_16-40-54/ripple/combined/multi/,p_x_given_n[307].png,2026-09-16 23:02:02+00:00,6743,vvp01_two_2006-4-09_16-40-54
3994,file,/umms-kdiba/Data/Output/collected_outputs/figures/_temp_individual_posteriors/2026-09-16/vvp01_two_2006-4-09_16-40-54/ripple/combined/multi/,p_x_given_n[308].png,2026-09-16 23:02:02+00:00,12811,vvp01_two_2006-4-09_16-40-54
3995,file,/umms-kdiba/Data/Output/collected_outputs/figures/_temp_individual_posteriors/2026-09-16/vvp01_two_2006-4-09_16-40-54/ripple/combined/multi/,p_x_given_n[317].png,2026-09-16 23:02:02+00:00,740,vvp01_two_2006-4-09_16-40-54
3996,file,/umms-kdiba/Data/Output/collected_outputs/figures/_temp_individual_posteriors/2026-09-16/vvp01_two_2006-4-09_16-40-54/ripple/combined/multi/,p_x_given_n[318].png,2026-09-16 23:02:02+00:00,765,vvp01_two_2006-4-09_16-40-54
3997,file,/umms-kdiba/Data/Output/collected_outputs/figures/_temp_individual_posteriors/2026-09-16/vvp01_two_2006-4-09_16-40-54/ripple/combined/multi/,p_x_given_n[322].png,2026-09-16 23:02:02+00:00,4968,vvp01_two_2006-4-09_16-40-54
3998,file,/umms-kdiba/Data/Output/collected_outputs/figures/_temp_individual_posteriors/2026-09-16/vvp01_two_2006-4-09_16-40-54/ripple/combined/multi/,p_x_given_n[327].png,2026-09-16 23:02:02+00:00,3352,vvp01_two_2006-4-09_16-40-54
3999,file,/umms-kdiba/Data/Output/collected_outputs/figures/_temp_individual_posteriors/2026-09-16/vvp01_two_2006-4-09_16-40-54/ripple/combined/multi/,p_x_given_n[328].png,2026-09-16 23:02:02+00:00,10629,vvp01_two_2006-4-09_16-40-54
4000,file,/umms-kdiba/Data/Output/collected_outputs/figures/_temp_individual_posteriors/2026-09-16/vvp01_two_2006-4-09_16-40-54/ripple/combined/multi/,p_x_given_n[329].png,2026-09-16 23:02:02+00:00,753,vvp01_two_2006-4-09_16-40-54
4001,file,/umms-kdiba/Data/Output/collected_outputs/figures/_temp_individual_posteriors/2026-09-16/vvp01_two_2006-4-09_16-40-54/ripple/combined/multi/,p_x_given_n[335].png,2026-09-16 23:02:02+00:00,2916,vvp01_two_2006-4-09_16-40-54
4002,file,/umms-kdiba/Data/Output/collected_outputs/figures/_temp_individual_posteriors/2026-09-16/vvp01_two_2006-4-09_16-40-54/ripple/combined/multi/,p_x_given_n[337].png,2026-09-16 23:02:02+00:00,803,vvp01_two_2006-4-09_16-40-54
4003,file,/umms-kdiba/Data/Output/collected_outputs/figures/_temp_individual_posteriors/2026-09-16/vvp01_two_2006-4-09_16-40-54/ripple/combined/multi/,p_x_given_n[339].png,2026-09-16 23:02:02+00:00,2662,vvp01_two_2006-4-09_16-40-54
4004,file,/umms-kdiba/Data/Output/collected_outputs/figures/_temp_individual_posteriors/2026-09-16/vvp01_two_2006-4-09_16-40-54/ripple/combined/multi/,p_x_given_n[345].png,2026-09-16 23:02:02+00:00,10135,vvp01_two_2006-4-09_16-40-54
4005,file,/umms-kdiba/Data/Output/collected_outputs/figures/_temp_individual_posteriors/2026-09-16/vvp01_two_2006-4-09_16-40-54/ripple/combined/multi/,p_x_given_n[347].png,2026-09-16 23:02:02+00:00,2658,vvp01_two_2006-4-09_16-40-54
4006,file,/umms-kdiba/Data/Output/collected_outputs/figures/_temp_individual_posteriors/2026-09-16/vvp01_two_2006-4-09_16-40-54/ripple/combined/multi/,p_x_given_n[348].png,2026-09-16 23:02:02+00:00,9517,vvp01_two_2006-4-09_16-40-54
4007,file,/umms-kdiba/Data/Output/collected_outputs/figures/_temp_individual_posteriors/2026-09-16/vvp01_two_2006-4-09_16-40-54/ripple/combined/multi/,p_x_given_n[357].png,2026-09-16 23:02:02+00:00,4227,vvp01_two_2006-4-09_16-40-54
4008,file,/umms-kdiba/Data/Output/collected_outputs/figures/_temp_individual_posteriors/2026-09-16/vvp01_two_2006-4-09_16-40-54/ripple/combined/multi/,p_x_given_n[359].png,2026-09-16 23:02:02+00:00,3632,vvp01_two_2006-4-09_16-40-54
4009,file,/umms-kdiba/Data/Output/collected_outputs/figures/_temp_individual_posteriors/2026-09-16/vvp01_two_2006-4-09_16-40-54/ripple/combined/multi/,p_x_given_n[369].png,2026-09-16 23:02:02+00:00,11694,vvp01_two_2006-4-09_16-40-54
4010,file,/umms-kdiba/Data/Output/collected_outputs/figures/_temp_individual_posteriors/2026-09-16/vvp01_two_2006-4-09_16-40-54/ripple/combined/multi/,p_x_given_n[371].png,2026-09-16 23:02:02+00:00,3063,vvp01_two_2006-4-09_16-40-54
4011,file,/umms-kdiba/Data/Output/collected_outputs/figures/_temp_individual_posteriors/2026-09-16/vvp01_two_2006-4-09_16-40-54/ripple/combined/multi/,p_x_given_n[379].png,2026-09-16 23:02:02+00:00,3611,vvp01_two_2006-4-09_16-40-54
4012,file,/umms-kdiba/Data/Output/collected_outputs/figures/_temp_individual_posteriors/2026-09-16/vvp01_two_2006-4-09_16-40-54/ripple/combined/multi/,p_x_given_n[382].png,2026-09-16 23:02:02+00:00,3724,vvp01_two_2006-4-09_16-40-54
4013,file,/umms-kdiba/Data/Output/collected_outputs/figures/_temp_individual_posteriors/2026-09-16/vvp01_two_2006-4-09_16-40-54/ripple/combined/multi/,p_x_given_n[383].png,2026-09-16 23:02:02+00:00,3781,vvp01_two_2006-4-09_16-40-54
4014,file,/umms-kdiba/Data/Output/collected_outputs/figures/_temp_individual_posteriors/2026-09-16/vvp01_two_2006-4-09_16-40-54/ripple/combined/multi/,p_x_given_n[384].png,2026-09-16 23:02:02+00:00,10004,vvp01_two_2006-4-09_16-40-54
4015,file,/umms-kdiba/Data/Output/collected_outputs/figures/_temp_individual_posteriors/2026-09-16/vvp01_two_2006-4-09_16-40-54/ripple/combined/multi/,p_x_given_n[000].png,2026-09-16 23:02:01+00:00,696,vvp01_two_2006-4-09_16-40-54
4016,file,/umms-kdiba/Data/Output/collected_outputs/figures/_temp_individual_posteriors/2026-09-16/vvp01_two_2006-4-09_16-40-54/ripple/combined/multi/,p_x_given_n[041].png,2026-09-16 23:02:01+00:00,6530,vvp01_two_2006-4-09_16-40-54
4017,file,/umms-kdiba/Data/Output/collected_outputs/figures/_temp_individual_posteriors/2026-09-16/vvp01_two_2006-4-09_16-40-54/ripple/combined/multi/,p_x_given_n[073].png,2026-09-16 23:02:01+00:00,8539,vvp01_two_2006-4-09_16-40-54
4018,file,/umms-kdiba/Data/Output/collected_outputs/figures/_temp_individual_posteriors/2026-09-16/vvp01_two_2006-4-09_16-40-54/ripple/combined/multi/,p_x_given_n[096].png,2026-09-16 23:02:01+00:00,16343,vvp01_two_2006-4-09_16-40-54
4019,file,/umms-kdiba/Data/Output/collected_outputs/figures/_temp_individual_posteriors/2026-09-16/vvp01_two_2006-4-10_12-58-3/ripple/combined/multi/,p_x_given_n[134].png,2026-09-16 23:00:27+00:00,2866,vvp01_two_2006-4-10_12-58-3
4020,file,/umms-kdiba/Data/Output/collected_outputs/figures/_temp_individual_posteriors/2026-09-16/vvp01_two_2006-4-10_12-58-3/ripple/combined/multi/,p_x_given_n[138].png,2026-09-16 23:00:27+00:00,3495,vvp01_two_2006-4-10_12-58-3
4021,file,/umms-kdiba/Data/Output/collected_outputs/figures/_temp_individual_posteriors/2026-09-16/vvp01_two_2006-4-10_12-58-3/ripple/combined/multi/,p_x_given_n[139].png,2026-09-16 23:00:27+00:00,10409,vvp01_two_2006-4-10_12-58-3
4022,file,/umms-kdiba/Data/Output/collected_outputs/figures/_temp_individual_posteriors/2026-09-16/vvp01_two_2006-4-10_12-58-3/ripple/combined/multi/,p_x_given_n[140].png,2026-09-16 23:00:27+00:00,9507,vvp01_two_2006-4-10_12-58-3
4023,file,/umms-kdiba/Data/Output/collected_outputs/figures/_temp_individual_posteriors/2026-09-16/vvp01_two_2006-4-10_12-58-3/ripple/combined/multi/,p_x_given_n[142].png,2026-09-16 23:00:27+00:00,11067,vvp01_two_2006-4-10_12-58-3
4024,file,/umms-kdiba/Data/Output/collected_outputs/figures/_temp_individual_posteriors/2026-09-16/vvp01_two_2006-4-10_12-58-3/ripple/combined/multi/,p_x_given_n[144].png,2026-09-16 23:00:27+00:00,4618,vvp01_two_2006-4-10_12-58-3
4025,file,/umms-kdiba/Data/Output/collected_outputs/figures/_temp_individual_posteriors/2026-09-16/vvp01_two_2006-4-10_12-58-3/ripple/combined/multi/,p_x_given_n[145].png,2026-09-16 23:00:27+00:00,4993,vvp01_two_2006-4-10_12-58-3
4026,file,/umms-kdiba/Data/Output/collected_outputs/figures/_temp_individual_posteriors/2026-09-16/vvp01_two_2006-4-10_12-58-3/ripple/combined/multi/,p_x_given_n[146].png,2026-09-16 23:00:27+00:00,8434,vvp01_two_2006-4-10_12-58-3
4027,file,/umms-kdiba/Data/Output/collected_outputs/figures/_temp_individual_posteriors/2026-09-16/vvp01_two_2006-4-10_12-58-3/ripple/combined/multi/,p_x_given_n[147].png,2026-09-16 23:00:27+00:00,8166,vvp01_two_2006-4-10_12-58-3
4028,file,/umms-kdiba/Data/Output/collected_outputs/figures/_temp_individual_posteriors/2026-09-16/vvp01_two_2006-4-10_12-58-3/ripple/combined/multi/,p_x_given_n[150].png,2026-09-16 23:00:27+00:00,6977,vvp01_two_2006-4-10_12-58-3
4029,file,/umms-kdiba/Data/Output/collected_outputs/figures/_temp_individual_posteriors/2026-09-16/vvp01_two_2006-4-10_12-58-3/ripple/combined/multi/,p_x_given_n[158].png,2026-09-16 23:00:27+00:00,10618,vvp01_two_2006-4-10_12-58-3
4030,file,/umms-kdiba/Data/Output/collected_outputs/figures/_temp_individual_posteriors/2026-09-16/vvp01_two_2006-4-10_12-58-3/ripple/combined/multi/,p_x_given_n[164].png,2026-09-16 23:00:27+00:00,9008,vvp01_two_2006-4-10_12-58-3
4031,file,/umms-kdiba/Data/Output/collected_outputs/figures/_temp_individual_posteriors/2026-09-16/vvp01_two_2006-4-10_12-58-3/ripple/combined/multi/,p_x_given_n[167].png,2026-09-16 23:00:27+00:00,2646,vvp01_two_2006-4-10_12-58-3
4032,file,/umms-kdiba/Data/Output/collected_outputs/figures/_temp_individual_posteriors/2026-09-16/vvp01_two_2006-4-10_12-58-3/ripple/combined/multi/,p_x_given_n[169].png,2026-09-16 23:00:27+00:00,11072,vvp01_two_2006-4-10_12-58-3
4033,file,/umms-kdiba/Data/Output/collected_outputs/figures/_temp_individual_posteriors/2026-09-16/vvp01_two_2006-4-10_12-58-3/ripple/combined/multi/,p_x_given_n[170].png,2026-09-16 23:00:27+00:00,5749,vvp01_two_2006-4-10_12-58-3
4034,file,/umms-kdiba/Data/Output/collected_outputs/figures/_temp_individual_posteriors/2026-09-16/vvp01_two_2006-4-10_12-58-3/ripple/combined/multi/,p_x_given_n[171].png,2026-09-16 23:00:27+00:00,489,vvp01_two_2006-4-10_12-58-3
4035,file,/umms-kdiba/Data/Output/collected_outputs/figures/_temp_individual_posteriors/2026-09-16/vvp01_two_2006-4-10_12-58-3/ripple/combined/multi/,p_x_given_n[174].png,2026-09-16 23:00:27+00:00,4692,vvp01_two_2006-4-10_12-58-3
4036,file,/umms-kdiba/Data/Output/collected_outputs/figures/_temp_individual_posteriors/2026-09-16/vvp01_two_2006-4-10_12-58-3/ripple/combined/multi/,p_x_given_n[175].png,2026-09-16 23:00:27+00:00,7279,vvp01_two_2006-4-10_12-58-3
4037,file,/umms-kdiba/Data/Output/collected_outputs/figures/_temp_individual_posteriors/2026-09-16/vvp01_two_2006-4-10_12-58-3/ripple/combined/multi/,p_x_given_n[176].png,2026-09-16 23:00:27+00:00,9464,vvp01_two_2006-4-10_12-58-3
4038,file,/umms-kdiba/Data/Output/collected_outputs/figures/_temp_individual_posteriors/2026-09-16/vvp01_two_2006-4-10_12-58-3/ripple/combined/multi/,p_x_given_n[178].png,2026-09-16 23:00:27+00:00,13204,vvp01_two_2006-4-10_12-58-3
4039,file,/umms-kdiba/Data/Output/collected_outputs/figures/_temp_individual_posteriors/2026-09-16/vvp01_two_2006-4-10_12-58-3/ripple/combined/multi/,p_x_given_n[180].png,2026-09-16 23:00:27+00:00,7958,vvp01_two_2006-4-10_12-58-3
4040,file,/umms-kdiba/Data/Output/collected_outputs/figures/_temp_individual_posteriors/2026-09-16/vvp01_two_2006-4-10_12-58-3/ripple/combined/multi/,p_x_given_n[181].png,2026-09-16 23:00:27+00:00,10877,vvp01_two_2006-4-10_12-58-3
4041,file,/umms-kdiba/Data/Output/collected_outputs/figures/_temp_individual_posteriors/2026-09-16/vvp01_two_2006-4-10_12-58-3/ripple/combined/multi/,p_x_given_n[182].png,2026-09-16 23:00:27+00:00,8904,vvp01_two_2006-4-10_12-58-3
4042,file,/umms-kdiba/Data/Output/collected_outputs/figures/_temp_individual_posteriors/2026-09-16/vvp01_two_2006-4-10_12-58-3/ripple/combined/multi/,p_x_given_n[186].png,2026-09-16 23:00:27+00:00,2949,vvp01_two_2006-4-10_12-58-3
4043,file,/umms-kdiba/Data/Output/collected_outputs/figures/_temp_individual_posteriors/2026-09-16/vvp01_two_2006-4-10_12-58-3/ripple/combined/multi/,p_x_given_n[189].png,2026-09-16 23:00:27+00:00,2763,vvp01_two_2006-4-10_12-58-3
4044,file,/umms-kdiba/Data/Output/collected_outputs/figures/_temp_individual_posteriors/2026-09-16/vvp01_two_2006-4-10_12-58-3/ripple/combined/multi/,p_x_given_n[190].png,2026-09-16 23:00:27+00:00,2894,vvp01_two_2006-4-10_12-58-3
4045,file,/umms-kdiba/Data/Output/collected_outputs/figures/_temp_individual_posteriors/2026-09-16/vvp01_two_2006-4-10_12-58-3/ripple/combined/multi/,p_x_given_n[191].png,2026-09-16 23:00:27+00:00,4866,vvp01_two_2006-4-10_12-58-3
4046,file,/umms-kdiba/Data/Output/collected_outputs/figures/_temp_individual_posteriors/2026-09-16/vvp01_two_2006-4-10_12-58-3/ripple/combined/multi/,p_x_given_n[193].png,2026-09-16 23:00:27+00:00,496,vvp01_two_2006-4-10_12-58-3
4047,file,/umms-kdiba/Data/Output/collected_outputs/figures/_temp_individual_posteriors/2026-09-16/vvp01_two_2006-4-10_12-58-3/ripple/combined/multi/,p_x_given_n[194].png,2026-09-16 23:00:27+00:00,13922,vvp01_two_2006-4-10_12-58-3
4048,file,/umms-kdiba/Data/Output/collected_outputs/figures/_temp_individual_posteriors/2026-09-16/vvp01_two_2006-4-10_12-58-3/ripple/combined/multi/,p_x_given_n[198].png,2026-09-16 23:00:27+00:00,10740,vvp01_two_2006-4-10_12-58-3
4049,file,/umms-kdiba/Data/Output/collected_outputs/figures/_temp_individual_posteriors/2026-09-16/vvp01_two_2006-4-10_12-58-3/ripple/combined/multi/,p_x_given_n[199].png,2026-09-16 23:00:27+00:00,11606,vvp01_two_2006-4-10_12-58-3
4050,file,/umms-kdiba/Data/Output/collected_outputs/figures/_temp_individual_posteriors/2026-09-16/vvp01_two_2006-4-10_12-58-3/ripple/combined/multi/,p_x_given_n[202].png,2026-09-16 23:00:27+00:00,10151,vvp01_two_2006-4-10_12-58-3
4051,file,/umms-kdiba/Data/Output/collected_outputs/figures/_temp_individual_posteriors/2026-09-16/vvp01_two_2006-4-10_12-58-3/ripple/combined/multi/,p_x_given_n[203].png,2026-09-16 23:00:27+00:00,6044,vvp01_two_2006-4-10_12-58-3
4052,file,/umms-kdiba/Data/Output/collected_outputs/figures/_temp_individual_posteriors/2026-09-16/vvp01_two_2006-4-10_12-58-3/ripple/combined/multi/,p_x_given_n[206].png,2026-09-16 23:00:27+00:00,11544,vvp01_two_2006-4-10_12-58-3
4053,file,/umms-kdiba/Data/Output/collected_outputs/figures/_temp_individual_posteriors/2026-09-16/vvp01_two_2006-4-10_12-58-3/ripple/combined/multi/,p_x_given_n[209].png,2026-09-16 23:00:27+00:00,13271,vvp01_two_2006-4-10_12-58-3
4054,file,/umms-kdiba/Data/Output/collected_outputs/figures/_temp_individual_posteriors/2026-09-16/vvp01_two_2006-4-10_12-58-3/ripple/combined/multi/,p_x_given_n[008].png,2026-09-16 23:00:26+00:00,14698,vvp01_two_2006-4-10_12-58-3
4055,file,/umms-kdiba/Data/Output/collected_outputs/figures/_temp_individual_posteriors/2026-09-16/vvp01_two_2006-4-10_12-58-3/ripple/combined/multi/,p_x_given_n[011].png,2026-09-16 23:00:26+00:00,10389,vvp01_two_2006-4-10_12-58-3
4056,file,/umms-kdiba/Data/Output/collected_outputs/figures/_temp_individual_posteriors/2026-09-16/vvp01_two_2006-4-10_12-58-3/ripple/combined/multi/,p_x_given_n[015].png,2026-09-16 23:00:26+00:00,5887,vvp01_two_2006-4-10_12-58-3
4057,file,/umms-kdiba/Data/Output/collected_outputs/figures/_temp_individual_posteriors/2026-09-16/vvp01_two_2006-4-10_12-58-3/ripple/combined/multi/,p_x_given_n[022].png,2026-09-16 23:00:26+00:00,9560,vvp01_two_2006-4-10_12-58-3
4058,file,/umms-kdiba/Data/Output/collected_outputs/figures/_temp_individual_posteriors/2026-09-16/vvp01_two_2006-4-10_12-58-3/ripple/combined/multi/,p_x_given_n[025].png,2026-09-16 23:00:26+00:00,6437,vvp01_two_2006-4-10_12-58-3
4059,file,/umms-kdiba/Data/Output/collected_outputs/figures/_temp_individual_posteriors/2026-09-16/vvp01_two_2006-4-10_12-58-3/ripple/combined/multi/,p_x_given_n[028].png,2026-09-16 23:00:26+00:00,9674,vvp01_two_2006-4-10_12-58-3
4060,file,/umms-kdiba/Data/Output/collected_outputs/figures/_temp_individual_posteriors/2026-09-16/vvp01_two_2006-4-10_12-58-3/ripple/combined/multi/,p_x_given_n[031].png,2026-09-16 23:00:26+00:00,13580,vvp01_two_2006-4-10_12-58-3
4061,file,/umms-kdiba/Data/Output/collected_outputs/figures/_temp_individual_posteriors/2026-09-16/vvp01_two_2006-4-10_12-58-3/ripple/combined/multi/,p_x_given_n[032].png,2026-09-16 23:00:26+00:00,3318,vvp01_two_2006-4-10_12-58-3
4062,file,/umms-kdiba/Data/Output/collected_outputs/figures/_temp_individual_posteriors/2026-09-16/vvp01_two_2006-4-10_12-58-3/ripple/combined/multi/,p_x_given_n[034].png,2026-09-16 23:00:26+00:00,5148,vvp01_two_2006-4-10_12-58-3
4063,file,/umms-kdiba/Data/Output/collected_outputs/figures/_temp_individual_posteriors/2026-09-16/vvp01_two_2006-4-10_12-58-3/ripple/combined/multi/,p_x_given_n[036].png,2026-09-16 23:00:26+00:00,13207,vvp01_two_2006-4-10_12-58-3
4064,file,/umms-kdiba/Data/Output/collected_outputs/figures/_temp_individual_posteriors/2026-09-16/vvp01_two_2006-4-10_12-58-3/ripple/combined/multi/,p_x_given_n[037].png,2026-09-16 23:00:26+00:00,730,vvp01_two_2006-4-10_12-58-3
4065,file,/umms-kdiba/Data/Output/collected_outputs/figures/_temp_individual_posteriors/2026-09-16/vvp01_two_2006-4-10_12-58-3/ripple/combined/multi/,p_x_given_n[039].png,2026-09-16 23:00:26+00:00,12899,vvp01_two_2006-4-10_12-58-3
4066,file,/umms-kdiba/Data/Output/collected_outputs/figures/_temp_individual_posteriors/2026-09-16/vvp01_two_2006-4-10_12-58-3/ripple/combined/multi/,p_x_given_n[041].png,2026-09-16 23:00:26+00:00,11024,vvp01_two_2006-4-10_12-58-3
4067,file,/umms-kdiba/Data/Output/collected_outputs/figures/_temp_individual_posteriors/2026-09-16/vvp01_two_2006-4-10_12-58-3/ripple/combined/multi/,p_x_given_n[044].png,2026-09-16 23:00:26+00:00,607,vvp01_two_2006-4-10_12-58-3
4068,file,/umms-kdiba/Data/Output/collected_outputs/figures/_temp_individual_posteriors/2026-09-16/vvp01_two_2006-4-10_12-58-3/ripple/combined/multi/,p_x_given_n[045].png,2026-09-16 23:00:26+00:00,3116,vvp01_two_2006-4-10_12-58-3
4069,file,/umms-kdiba/Data/Output/collected_outputs/figures/_temp_individual_posteriors/2026-09-16/vvp01_two_2006-4-10_12-58-3/ripple/combined/multi/,p_x_given_n[047].png,2026-09-16 23:00:26+00:00,521,vvp01_two_2006-4-10_12-58-3
4070,file,/umms-kdiba/Data/Output/collected_outputs/figures/_temp_individual_posteriors/2026-09-16/vvp01_two_2006-4-10_12-58-3/ripple/combined/multi/,p_x_given_n[049].png,2026-09-16 23:00:26+00:00,3240,vvp01_two_2006-4-10_12-58-3
4071,file,/umms-kdiba/Data/Output/collected_outputs/figures/_temp_individual_posteriors/2026-09-16/vvp01_two_2006-4-10_12-58-3/ripple/combined/multi/,p_x_given_n[051].png,2026-09-16 23:00:26+00:00,5063,vvp01_two_2006-4-10_12-58-3
4072,file,/umms-kdiba/Data/Output/collected_outputs/figures/_temp_individual_posteriors/2026-09-16/vvp01_two_2006-4-10_12-58-3/ripple/combined/multi/,p_x_given_n[052].png,2026-09-16 23:00:26+00:00,3004,vvp01_two_2006-4-10_12-58-3
4073,file,/umms-kdiba/Data/Output/collected_outputs/figures/_temp_individual_posteriors/2026-09-16/vvp01_two_2006-4-10_12-58-3/ripple/combined/multi/,p_x_given_n[054].png,2026-09-16 23:00:26+00:00,3127,vvp01_two_2006-4-10_12-58-3
4074,file,/umms-kdiba/Data/Output/collected_outputs/figures/_temp_individual_posteriors/2026-09-16/vvp01_two_2006-4-10_12-58-3/ripple/combined/multi/,p_x_given_n[055].png,2026-09-16 23:00:26+00:00,3333,vvp01_two_2006-4-10_12-58-3
4075,file,/umms-kdiba/Data/Output/collected_outputs/figures/_temp_individual_posteriors/2026-09-16/vvp01_two_2006-4-10_12-58-3/ripple/combined/multi/,p_x_given_n[056].png,2026-09-16 23:00:26+00:00,3000,vvp01_two_2006-4-10_12-58-3
4076,file,/umms-kdiba/Data/Output/collected_outputs/figures/_temp_individual_posteriors/2026-09-16/vvp01_two_2006-4-10_12-58-3/ripple/combined/multi/,p_x_given_n[058].png,2026-09-16 23:00:26+00:00,14005,vvp01_two_2006-4-10_12-58-3
4077,file,/umms-kdiba/Data/Output/collected_outputs/figures/_temp_individual_posteriors/2026-09-16/vvp01_two_2006-4-10_12-58-3/ripple/combined/multi/,p_x_given_n[060].png,2026-09-16 23:00:26+00:00,3312,vvp01_two_2006-4-10_12-58-3
4078,file,/umms-kdiba/Data/Output/collected_outputs/figures/_temp_individual_posteriors/2026-09-16/vvp01_two_2006-4-10_12-58-3/ripple/combined/multi/,p_x_given_n[061].png,2026-09-16 23:00:26+00:00,9418,vvp01_two_2006-4-10_12-58-3
4079,file,/umms-kdiba/Data/Output/collected_outputs/figures/_temp_individual_posteriors/2026-09-16/vvp01_two_2006-4-10_12-58-3/ripple/combined/multi/,p_x_given_n[062].png,2026-09-16 23:00:26+00:00,6258,vvp01_two_2006-4-10_12-58-3
4080,file,/umms-kdiba/Data/Output/collected_outputs/figures/_temp_individual_posteriors/2026-09-16/vvp01_two_2006-4-10_12-58-3/ripple/combined/multi/,p_x_given_n[063].png,2026-09-16 23:00:26+00:00,2702,vvp01_two_2006-4-10_12-58-3
4081,file,/umms-kdiba/Data/Output/collected_outputs/figures/_temp_individual_posteriors/2026-09-16/vvp01_two_2006-4-10_12-58-3/ripple/combined/multi/,p_x_given_n[064].png,2026-09-16 23:00:26+00:00,4949,vvp01_two_2006-4-10_12-58-3
4082,file,/umms-kdiba/Data/Output/collected_outputs/figures/_temp_individual_posteriors/2026-09-16/vvp01_two_2006-4-10_12-58-3/ripple/combined/multi/,p_x_given_n[065].png,2026-09-16 23:00:26+00:00,3475,vvp01_two_2006-4-10_12-58-3
4083,file,/umms-kdiba/Data/Output/collected_outputs/figures/_temp_individual_posteriors/2026-09-16/vvp01_two_2006-4-10_12-58-3/ripple/combined/multi/,p_x_given_n[066].png,2026-09-16 23:00:26+00:00,3512,vvp01_two_2006-4-10_12-58-3
4084,file,/umms-kdiba/Data/Output/collected_outputs/figures/_temp_individual_posteriors/2026-09-16/vvp01_two_2006-4-10_12-58-3/ripple/combined/multi/,p_x_given_n[068].png,2026-09-16 23:00:26+00:00,6444,vvp01_two_2006-4-10_12-58-3
4085,file,/umms-kdiba/Data/Output/collected_outputs/figures/_temp_individual_posteriors/2026-09-16/vvp01_two_2006-4-10_12-58-3/ripple/combined/multi/,p_x_given_n[071].png,2026-09-16 23:00:26+00:00,2617,vvp01_two_2006-4-10_12-58-3
4086,file,/umms-kdiba/Data/Output/collected_outputs/figures/_temp_individual_posteriors/2026-09-16/vvp01_two_2006-4-10_12-58-3/ripple/combined/multi/,p_x_given_n[072].png,2026-09-16 23:00:26+00:00,9908,vvp01_two_2006-4-10_12-58-3
4087,file,/umms-kdiba/Data/Output/collected_outputs/figures/_temp_individual_posteriors/2026-09-16/vvp01_two_2006-4-10_12-58-3/ripple/combined/multi/,p_x_given_n[074].png,2026-09-16 23:00:26+00:00,751,vvp01_two_2006-4-10_12-58-3
4088,file,/umms-kdiba/Data/Output/collected_outputs/figures/_temp_individual_posteriors/2026-09-16/vvp01_two_2006-4-10_12-58-3/ripple/combined/multi/,p_x_given_n[075].png,2026-09-16 23:00:26+00:00,11137,vvp01_two_2006-4-10_12-58-3
4089,file,/umms-kdiba/Data/Output/collected_outputs/figures/_temp_individual_posteriors/2026-09-16/vvp01_two_2006-4-10_12-58-3/ripple/combined/multi/,p_x_given_n[076].png,2026-09-16 23:00:26+00:00,5998,vvp01_two_2006-4-10_12-58-3
4090,file,/umms-kdiba/Data/Output/collected_outputs/figures/_temp_individual_posteriors/2026-09-16/vvp01_two_2006-4-10_12-58-3/ripple/combined/multi/,p_x_given_n[078].png,2026-09-16 23:00:26+00:00,9444,vvp01_two_2006-4-10_12-58-3
4091,file,/umms-kdiba/Data/Output/collected_outputs/figures/_temp_individual_posteriors/2026-09-16/vvp01_two_2006-4-10_12-58-3/ripple/combined/multi/,p_x_given_n[082].png,2026-09-16 23:00:26+00:00,8609,vvp01_two_2006-4-10_12-58-3
4092,file,/umms-kdiba/Data/Output/collected_outputs/figures/_temp_individual_posteriors/2026-09-16/vvp01_two_2006-4-10_12-58-3/ripple/combined/multi/,p_x_given_n[085].png,2026-09-16 23:00:26+00:00,5723,vvp01_two_2006-4-10_12-58-3
4093,file,/umms-kdiba/Data/Output/collected_outputs/figures/_temp_individual_posteriors/2026-09-16/vvp01_two_2006-4-10_12-58-3/ripple/combined/multi/,p_x_given_n[086].png,2026-09-16 23:00:26+00:00,3841,vvp01_two_2006-4-10_12-58-3
4094,file,/umms-kdiba/Data/Output/collected_outputs/figures/_temp_individual_posteriors/2026-09-16/vvp01_two_2006-4-10_12-58-3/ripple/combined/multi/,p_x_given_n[088].png,2026-09-16 23:00:26+00:00,2712,vvp01_two_2006-4-10_12-58-3
4095,file,/umms-kdiba/Data/Output/collected_outputs/figures/_temp_individual_posteriors/2026-09-16/vvp01_two_2006-4-10_12-58-3/ripple/combined/multi/,p_x_given_n[089].png,2026-09-16 23:00:26+00:00,13747,vvp01_two_2006-4-10_12-58-3
4096,file,/umms-kdiba/Data/Output/collected_outputs/figures/_temp_individual_posteriors/2026-09-16/vvp01_two_2006-4-10_12-58-3/ripple/combined/multi/,p_x_given_n[090].png,2026-09-16 23:00:26+00:00,13339,vvp01_two_2006-4-10_12-58-3
4097,file,/umms-kdiba/Data/Output/collected_outputs/figures/_temp_individual_posteriors/2026-09-16/vvp01_two_2006-4-10_12-58-3/ripple/combined/multi/,p_x_given_n[092].png,2026-09-16 23:00:26+00:00,3088,vvp01_two_2006-4-10_12-58-3
4098,file,/umms-kdiba/Data/Output/collected_outputs/figures/_temp_individual_posteriors/2026-09-16/vvp01_two_2006-4-10_12-58-3/ripple/combined/multi/,p_x_given_n[094].png,2026-09-16 23:00:26+00:00,3047,vvp01_two_2006-4-10_12-58-3
4099,file,/umms-kdiba/Data/Output/collected_outputs/figures/_temp_individual_posteriors/2026-09-16/vvp01_two_2006-4-10_12-58-3/ripple/combined/multi/,p_x_given_n[095].png,2026-09-16 23:00:26+00:00,3345,vvp01_two_2006-4-10_12-58-3
4100,file,/umms-kdiba/Data/Output/collected_outputs/figures/_temp_individual_posteriors/2026-09-16/vvp01_two_2006-4-10_12-58-3/ripple/combined/multi/,p_x_given_n[096].png,2026-09-16 23:00:26+00:00,13381,vvp01_two_2006-4-10_12-58-3
4101,file,/umms-kdiba/Data/Output/collected_outputs/figures/_temp_individual_posteriors/2026-09-16/vvp01_two_2006-4-10_12-58-3/ripple/combined/multi/,p_x_given_n[098].png,2026-09-16 23:00:26+00:00,6682,vvp01_two_2006-4-10_12-58-3
4102,file,/umms-kdiba/Data/Output/collected_outputs/figures/_temp_individual_posteriors/2026-09-16/vvp01_two_2006-4-10_12-58-3/ripple/combined/multi/,p_x_given_n[099].png,2026-09-16 23:00:26+00:00,2684,vvp01_two_2006-4-10_12-58-3
4103,file,/umms-kdiba/Data/Output/collected_outputs/figures/_temp_individual_posteriors/2026-09-16/vvp01_two_2006-4-10_12-58-3/ripple/combined/multi/,p_x_given_n[101].png,2026-09-16 23:00:26+00:00,3646,vvp01_two_2006-4-10_12-58-3
4104,file,/umms-kdiba/Data/Output/collected_outputs/figures/_temp_individual_posteriors/2026-09-16/vvp01_two_2006-4-10_12-58-3/ripple/combined/multi/,p_x_given_n[104].png,2026-09-16 23:00:26+00:00,9117,vvp01_two_2006-4-10_12-58-3
4105,file,/umms-kdiba/Data/Output/collected_outputs/figures/_temp_individual_posteriors/2026-09-16/vvp01_two_2006-4-10_12-58-3/ripple/combined/multi/,p_x_given_n[107].png,2026-09-16 23:00:26+00:00,8980,vvp01_two_2006-4-10_12-58-3
4106,file,/umms-kdiba/Data/Output/collected_outputs/figures/_temp_individual_posteriors/2026-09-16/vvp01_two_2006-4-10_12-58-3/ripple/combined/multi/,p_x_given_n[112].png,2026-09-16 23:00:26+00:00,6093,vvp01_two_2006-4-10_12-58-3
4107,file,/umms-kdiba/Data/Output/collected_outputs/figures/_temp_individual_posteriors/2026-09-16/vvp01_two_2006-4-10_12-58-3/ripple/combined/multi/,p_x_given_n[115].png,2026-09-16 23:00:26+00:00,9154,vvp01_two_2006-4-10_12-58-3
4108,file,/umms-kdiba/Data/Output/collected_outputs/figures/_temp_individual_posteriors/2026-09-16/vvp01_two_2006-4-10_12-58-3/ripple/combined/multi/,p_x_given_n[117].png,2026-09-16 23:00:26+00:00,3982,vvp01_two_2006-4-10_12-58-3
4109,file,/umms-kdiba/Data/Output/collected_outputs/figures/_temp_individual_posteriors/2026-09-16/vvp01_two_2006-4-10_12-58-3/ripple/combined/multi/,p_x_given_n[118].png,2026-09-16 23:00:26+00:00,7278,vvp01_two_2006-4-10_12-58-3
4110,file,/umms-kdiba/Data/Output/collected_outputs/figures/_temp_individual_posteriors/2026-09-16/vvp01_two_2006-4-10_12-58-3/ripple/combined/multi/,p_x_given_n[119].png,2026-09-16 23:00:26+00:00,12494,vvp01_two_2006-4-10_12-58-3
4111,file,/umms-kdiba/Data/Output/collected_outputs/figures/_temp_individual_posteriors/2026-09-16/vvp01_two_2006-4-10_12-58-3/ripple/combined/multi/,p_x_given_n[123].png,2026-09-16 23:00:26+00:00,8089,vvp01_two_2006-4-10_12-58-3
4112,file,/umms-kdiba/Data/Output/collected_outputs/figures/_temp_individual_posteriors/2026-09-16/vvp01_two_2006-4-10_12-58-3/ripple/combined/multi/,p_x_given_n[128].png,2026-09-16 23:00:26+00:00,2963,vvp01_two_2006-4-10_12-58-3
4113,file,/umms-kdiba/Data/Output/collected_outputs/figures/_temp_individual_posteriors/2026-09-16/vvp01_two_2006-4-10_12-58-3/ripple/combined/multi/,p_x_given_n[129].png,2026-09-16 23:00:26+00:00,659,vvp01_two_2006-4-10_12-58-3
4114,file,/umms-kdiba/Data/Output/collected_outputs/figures/_temp_individual_posteriors/2026-09-16/vvp01_two_2006-4-10_12-58-3/ripple/combined/multi/,p_x_given_n[130].png,2026-09-16 23:00:26+00:00,11175,vvp01_two_2006-4-10_12-58-3
4115,file,/umms-kdiba/Data/Output/collected_outputs/figures/_temp_individual_posteriors/2026-09-16/vvp01_two_2006-4-10_12-58-3/ripple/combined/multi/,p_x_given_n[132].png,2026-09-16 23:00:26+00:00,6507,vvp01_two_2006-4-10_12-58-3
4116,file,/umms-kdiba/Data/Output/collected_outputs/figures/_temp_individual_posteriors/2026-09-16/vvp01_two_2006-4-10_12-58-3/ripple/combined/multi/,p_x_given_n[000].png,2026-09-16 23:00:25+00:00,13684,vvp01_two_2006-4-10_12-58-3
4117,file,/umms-kdiba/Data/Output/collected_outputs/figures/_temp_individual_posteriors/2026-09-16/vvp01_two_2006-4-10_12-58-3/ripple/combined/multi/,p_x_given_n[001].png,2026-09-16 23:00:25+00:00,12975,vvp01_two_2006-4-10_12-58-3
